[    1071ms] [ERROR] TypeError: Failed to fetch
    at Object.n [as handleRequest] (https://a1078485-a3ae-cd3fe9bf.nmb2.seetacloud.com:8443/jupyter/static/lab/jlab_core.3e11c5239452d671150c.js?v=3e11c5239452d671150c:2:1066973)
    at n (https://a1078485-a3ae-cd3fe9bf.nmb2.seetacloud.com:8443/jupyter/static/lab/jlab_core.3e11c5239452d671150c.js?v=3e11c5239452d671150c:2:1065065)
    at a.list (https://a1078485-a3ae-cd3fe9bf.nmb2.seetacloud.com:8443/jupyter/static/lab/jlab_core.3e11c5239452d671150c.js?v=3e11c5239452d671150c:2:1080328)
    at F.list (https://a1078485-a3ae-cd3fe9bf.nmb2.seetacloud.com:8443/jupyter/static/lab/jlab_core.3e11c5239452d671150c.js?v=3e11c5239452d671150c:2:72489)
    at activate (https://a1078485-a3ae-cd3fe9bf.nmb2.seetacloud.com:8443/jupyter/static/lab/jlab_core.3e11c5239452d671150c.js?v=3e11c5239452d671150c:2:72881)
    at https://a1078485-a3ae-cd3fe9bf.nmb2.seetacloud.com:8443/jupyter/static/lab/jlab_core.3e11c5239452d671150c.js?v=3e11c5239452d671150c:2:1397922 @ https://a1078485-a3ae-cd3fe9bf.nmb2.seetacloud.com:8443/jupyter/static/lab/jlab_core.3e11c5239452d671150c.js?v=3e11c5239452d671150c:1
[    1071ms] [ERROR] TypeError: Failed to fetch
    at Object.n [as handleRequest] (https://a1078485-a3ae-cd3fe9bf.nmb2.seetacloud.com:8443/jupyter/static/lab/jlab_core.3e11c5239452d671150c.js?v=3e11c5239452d671150c:2:1066973)
    at n (https://a1078485-a3ae-cd3fe9bf.nmb2.seetacloud.com:8443/jupyter/static/lab/jlab_core.3e11c5239452d671150c.js?v=3e11c5239452d671150c:2:1065065)
    at a.list (https://a1078485-a3ae-cd3fe9bf.nmb2.seetacloud.com:8443/jupyter/static/lab/jlab_core.3e11c5239452d671150c.js?v=3e11c5239452d671150c:2:1080328)
    at F.list (https://a1078485-a3ae-cd3fe9bf.nmb2.seetacloud.com:8443/jupyter/static/lab/jlab_core.3e11c5239452d671150c.js?v=3e11c5239452d671150c:2:72489)
    at activate (https://a1078485-a3ae-cd3fe9bf.nmb2.seetacloud.com:8443/jupyter/static/lab/jlab_core.3e11c5239452d671150c.js?v=3e11c5239452d671150c:2:72881)
    at https://a1078485-a3ae-cd3fe9bf.nmb2.seetacloud.com:8443/jupyter/static/lab/jlab_core.3e11c5239452d671150c.js?v=3e11c5239452d671150c:2:1397922 @ https://a1078485-a3ae-cd3fe9bf.nmb2.seetacloud.com:8443/jupyter/static/lab/jlab_core.3e11c5239452d671150c.js?v=3e11c5239452d671150c:1
[    1071ms] [ERROR] TypeError: Failed to fetch
    at Object.n [as handleRequest] (https://a1078485-a3ae-cd3fe9bf.nmb2.seetacloud.com:8443/jupyter/static/lab/jlab_core.3e11c5239452d671150c.js?v=3e11c5239452d671150c:2:1066973)
    at n (https://a1078485-a3ae-cd3fe9bf.nmb2.seetacloud.com:8443/jupyter/static/lab/jlab_core.3e11c5239452d671150c.js?v=3e11c5239452d671150c:2:1065065)
    at a.list (https://a1078485-a3ae-cd3fe9bf.nmb2.seetacloud.com:8443/jupyter/static/lab/jlab_core.3e11c5239452d671150c.js?v=3e11c5239452d671150c:2:1080328)
    at F.list (https://a1078485-a3ae-cd3fe9bf.nmb2.seetacloud.com:8443/jupyter/static/lab/jlab_core.3e11c5239452d671150c.js?v=3e11c5239452d671150c:2:72489)
    at activate (https://a1078485-a3ae-cd3fe9bf.nmb2.seetacloud.com:8443/jupyter/static/lab/jlab_core.3e11c5239452d671150c.js?v=3e11c5239452d671150c:2:72881)
    at https://a1078485-a3ae-cd3fe9bf.nmb2.seetacloud.com:8443/jupyter/static/lab/jlab_core.3e11c5239452d671150c.js?v=3e11c5239452d671150c:2:1397922 @ https://a1078485-a3ae-cd3fe9bf.nmb2.seetacloud.com:8443/jupyter/static/lab/jlab_core.3e11c5239452d671150c.js?v=3e11c5239452d671150c:1
[    1071ms] [ERROR] TypeError: Failed to fetch
    at Object.n [as handleRequest] (https://a1078485-a3ae-cd3fe9bf.nmb2.seetacloud.com:8443/jupyter/static/lab/jlab_core.3e11c5239452d671150c.js?v=3e11c5239452d671150c:2:1066973)
    at n (https://a1078485-a3ae-cd3fe9bf.nmb2.seetacloud.com:8443/jupyter/static/lab/jlab_core.3e11c5239452d671150c.js?v=3e11c5239452d671150c:2:1065065)
    at a.list (https://a1078485-a3ae-cd3fe9bf.nmb2.seetacloud.com:8443/jupyter/static/lab/jlab_core.3e11c5239452d671150c.js?v=3e11c5239452d671150c:2:1080328)
    at F.list (https://a1078485-a3ae-cd3fe9bf.nmb2.seetacloud.com:8443/jupyter/static/lab/jlab_core.3e11c5239452d671150c.js?v=3e11c5239452d671150c:2:72489)
    at activate (https://a1078485-a3ae-cd3fe9bf.nmb2.seetacloud.com:8443/jupyter/static/lab/jlab_core.3e11c5239452d671150c.js?v=3e11c5239452d671150c:2:72881)
    at https://a1078485-a3ae-cd3fe9bf.nmb2.seetacloud.com:8443/jupyter/static/lab/jlab_core.3e11c5239452d671150c.js?v=3e11c5239452d671150c:2:1397922 @ https://a1078485-a3ae-cd3fe9bf.nmb2.seetacloud.com:8443/jupyter/static/lab/jlab_core.3e11c5239452d671150c.js?v=3e11c5239452d671150c:1
[    1071ms] [ERROR] TypeError: Failed to fetch
    at Object.n [as handleRequest] (https://a1078485-a3ae-cd3fe9bf.nmb2.seetacloud.com:8443/jupyter/static/lab/jlab_core.3e11c5239452d671150c.js?v=3e11c5239452d671150c:2:1066973)
    at n (https://a1078485-a3ae-cd3fe9bf.nmb2.seetacloud.com:8443/jupyter/static/lab/jlab_core.3e11c5239452d671150c.js?v=3e11c5239452d671150c:2:1065065)
    at a.list (https://a1078485-a3ae-cd3fe9bf.nmb2.seetacloud.com:8443/jupyter/static/lab/jlab_core.3e11c5239452d671150c.js?v=3e11c5239452d671150c:2:1080328)
    at F.list (https://a1078485-a3ae-cd3fe9bf.nmb2.seetacloud.com:8443/jupyter/static/lab/jlab_core.3e11c5239452d671150c.js?v=3e11c5239452d671150c:2:72489)
    at activate (https://a1078485-a3ae-cd3fe9bf.nmb2.seetacloud.com:8443/jupyter/static/lab/jlab_core.3e11c5239452d671150c.js?v=3e11c5239452d671150c:2:72881)
    at https://a1078485-a3ae-cd3fe9bf.nmb2.seetacloud.com:8443/jupyter/static/lab/jlab_core.3e11c5239452d671150c.js?v=3e11c5239452d671150c:2:1397922 @ https://a1078485-a3ae-cd3fe9bf.nmb2.seetacloud.com:8443/jupyter/static/lab/jlab_core.3e11c5239452d671150c.js?v=3e11c5239452d671150c:1
[    1071ms] [ERROR] Plugin '@jupyterlab/apputils-extension:settings' failed to activate. @ https://a1078485-a3ae-cd3fe9bf.nmb2.seetacloud.com:8443/jupyter/static/lab/jlab_core.3e11c5239452d671150c.js?v=3e11c5239452d671150c:1
[    1071ms] [ERROR] TypeError: Failed to fetch
    at Object.n [as handleRequest] (https://a1078485-a3ae-cd3fe9bf.nmb2.seetacloud.com:8443/jupyter/static/lab/jlab_core.3e11c5239452d671150c.js?v=3e11c5239452d671150c:2:1066973)
    at n (https://a1078485-a3ae-cd3fe9bf.nmb2.seetacloud.com:8443/jupyter/static/lab/jlab_core.3e11c5239452d671150c.js?v=3e11c5239452d671150c:2:1065065)
    at a.list (https://a1078485-a3ae-cd3fe9bf.nmb2.seetacloud.com:8443/jupyter/static/lab/jlab_core.3e11c5239452d671150c.js?v=3e11c5239452d671150c:2:1080328)
    at F.list (https://a1078485-a3ae-cd3fe9bf.nmb2.seetacloud.com:8443/jupyter/static/lab/jlab_core.3e11c5239452d671150c.js?v=3e11c5239452d671150c:2:72489)
    at activate (https://a1078485-a3ae-cd3fe9bf.nmb2.seetacloud.com:8443/jupyter/static/lab/jlab_core.3e11c5239452d671150c.js?v=3e11c5239452d671150c:2:72881)
    at https://a1078485-a3ae-cd3fe9bf.nmb2.seetacloud.com:8443/jupyter/static/lab/jlab_core.3e11c5239452d671150c.js?v=3e11c5239452d671150c:2:1397922 @ https://a1078485-a3ae-cd3fe9bf.nmb2.seetacloud.com:8443/jupyter/static/lab/jlab_core.3e11c5239452d671150c.js?v=3e11c5239452d671150c:1
[    1071ms] [ERROR] TypeError: Failed to fetch
    at Object.n [as handleRequest] (https://a1078485-a3ae-cd3fe9bf.nmb2.seetacloud.com:8443/jupyter/static/lab/jlab_core.3e11c5239452d671150c.js?v=3e11c5239452d671150c:2:1066973)
    at n (https://a1078485-a3ae-cd3fe9bf.nmb2.seetacloud.com:8443/jupyter/static/lab/jlab_core.3e11c5239452d671150c.js?v=3e11c5239452d671150c:2:1065065)
    at a.list (https://a1078485-a3ae-cd3fe9bf.nmb2.seetacloud.com:8443/jupyter/static/lab/jlab_core.3e11c5239452d671150c.js?v=3e11c5239452d671150c:2:1080328)
    at F.list (https://a1078485-a3ae-cd3fe9bf.nmb2.seetacloud.com:8443/jupyter/static/lab/jlab_core.3e11c5239452d671150c.js?v=3e11c5239452d671150c:2:72489)
    at activate (https://a1078485-a3ae-cd3fe9bf.nmb2.seetacloud.com:8443/jupyter/static/lab/jlab_core.3e11c5239452d671150c.js?v=3e11c5239452d671150c:2:72881)
    at https://a1078485-a3ae-cd3fe9bf.nmb2.seetacloud.com:8443/jupyter/static/lab/jlab_core.3e11c5239452d671150c.js?v=3e11c5239452d671150c:2:1397922 @ https://a1078485-a3ae-cd3fe9bf.nmb2.seetacloud.com:8443/jupyter/static/lab/jlab_core.3e11c5239452d671150c.js?v=3e11c5239452d671150c:1
[    1071ms] [ERROR] TypeError: Failed to fetch
    at Object.n [as handleRequest] (https://a1078485-a3ae-cd3fe9bf.nmb2.seetacloud.com:8443/jupyter/static/lab/jlab_core.3e11c5239452d671150c.js?v=3e11c5239452d671150c:2:1066973)
    at n (https://a1078485-a3ae-cd3fe9bf.nmb2.seetacloud.com:8443/jupyter/static/lab/jlab_core.3e11c5239452d671150c.js?v=3e11c5239452d671150c:2:1065065)
    at a.list (https://a1078485-a3ae-cd3fe9bf.nmb2.seetacloud.com:8443/jupyter/static/lab/jlab_core.3e11c5239452d671150c.js?v=3e11c5239452d671150c:2:1080328)
    at F.list (https://a1078485-a3ae-cd3fe9bf.nmb2.seetacloud.com:8443/jupyter/static/lab/jlab_core.3e11c5239452d671150c.js?v=3e11c5239452d671150c:2:72489)
    at activate (https://a1078485-a3ae-cd3fe9bf.nmb2.seetacloud.com:8443/jupyter/static/lab/jlab_core.3e11c5239452d671150c.js?v=3e11c5239452d671150c:2:72881)
    at https://a1078485-a3ae-cd3fe9bf.nmb2.seetacloud.com:8443/jupyter/static/lab/jlab_core.3e11c5239452d671150c.js?v=3e11c5239452d671150c:2:1397922 @ https://a1078485-a3ae-cd3fe9bf.nmb2.seetacloud.com:8443/jupyter/static/lab/jlab_core.3e11c5239452d671150c.js?v=3e11c5239452d671150c:1
[    1071ms] [ERROR] TypeError: Failed to fetch
    at Object.n [as handleRequest] (https://a1078485-a3ae-cd3fe9bf.nmb2.seetacloud.com:8443/jupyter/static/lab/jlab_core.3e11c5239452d671150c.js?v=3e11c5239452d671150c:2:1066973)
    at n (https://a1078485-a3ae-cd3fe9bf.nmb2.seetacloud.com:8443/jupyter/static/lab/jlab_core.3e11c5239452d671150c.js?v=3e11c5239452d671150c:2:1065065)
    at a.list (https://a1078485-a3ae-cd3fe9bf.nmb2.seetacloud.com:8443/jupyter/static/lab/jlab_core.3e11c5239452d671150c.js?v=3e11c5239452d671150c:2:1080328)
    at F.list (https://a1078485-a3ae-cd3fe9bf.nmb2.seetacloud.com:8443/jupyter/static/lab/jlab_core.3e11c5239452d671150c.js?v=3e11c5239452d671150c:2:72489)
    at activate (https://a1078485-a3ae-cd3fe9bf.nmb2.seetacloud.com:8443/jupyter/static/lab/jlab_core.3e11c5239452d671150c.js?v=3e11c5239452d671150c:2:72881)
    at https://a1078485-a3ae-cd3fe9bf.nmb2.seetacloud.com:8443/jupyter/static/lab/jlab_core.3e11c5239452d671150c.js?v=3e11c5239452d671150c:2:1397922 @ https://a1078485-a3ae-cd3fe9bf.nmb2.seetacloud.com:8443/jupyter/static/lab/jlab_core.3e11c5239452d671150c.js?v=3e11c5239452d671150c:1
[    1071ms] [ERROR] TypeError: Failed to fetch
    at Object.n [as handleRequest] (https://a1078485-a3ae-cd3fe9bf.nmb2.seetacloud.com:8443/jupyter/static/lab/jlab_core.3e11c5239452d671150c.js?v=3e11c5239452d671150c:2:1066973)
    at n (https://a1078485-a3ae-cd3fe9bf.nmb2.seetacloud.com:8443/jupyter/static/lab/jlab_core.3e11c5239452d671150c.js?v=3e11c5239452d671150c:2:1065065)
    at a.list (https://a1078485-a3ae-cd3fe9bf.nmb2.seetacloud.com:8443/jupyter/static/lab/jlab_core.3e11c5239452d671150c.js?v=3e11c5239452d671150c:2:1080328)
    at F.list (https://a1078485-a3ae-cd3fe9bf.nmb2.seetacloud.com:8443/jupyter/static/lab/jlab_core.3e11c5239452d671150c.js?v=3e11c5239452d671150c:2:72489)
    at activate (https://a1078485-a3ae-cd3fe9bf.nmb2.seetacloud.com:8443/jupyter/static/lab/jlab_core.3e11c5239452d671150c.js?v=3e11c5239452d671150c:2:72881)
    at https://a1078485-a3ae-cd3fe9bf.nmb2.seetacloud.com:8443/jupyter/static/lab/jlab_core.3e11c5239452d671150c.js?v=3e11c5239452d671150c:2:1397922 @ https://a1078485-a3ae-cd3fe9bf.nmb2.seetacloud.com:8443/jupyter/static/lab/jlab_core.3e11c5239452d671150c.js?v=3e11c5239452d671150c:1
[    1071ms] [ERROR] TypeError: Failed to fetch
    at Object.n [as handleRequest] (https://a1078485-a3ae-cd3fe9bf.nmb2.seetacloud.com:8443/jupyter/static/lab/jlab_core.3e11c5239452d671150c.js?v=3e11c5239452d671150c:2:1066973)
    at n (https://a1078485-a3ae-cd3fe9bf.nmb2.seetacloud.com:8443/jupyter/static/lab/jlab_core.3e11c5239452d671150c.js?v=3e11c5239452d671150c:2:1065065)
    at a.list (https://a1078485-a3ae-cd3fe9bf.nmb2.seetacloud.com:8443/jupyter/static/lab/jlab_core.3e11c5239452d671150c.js?v=3e11c5239452d671150c:2:1080328)
    at F.list (https://a1078485-a3ae-cd3fe9bf.nmb2.seetacloud.com:8443/jupyter/static/lab/jlab_core.3e11c5239452d671150c.js?v=3e11c5239452d671150c:2:72489)
    at activate (https://a1078485-a3ae-cd3fe9bf.nmb2.seetacloud.com:8443/jupyter/static/lab/jlab_core.3e11c5239452d671150c.js?v=3e11c5239452d671150c:2:72881)
    at https://a1078485-a3ae-cd3fe9bf.nmb2.seetacloud.com:8443/jupyter/static/lab/jlab_core.3e11c5239452d671150c.js?v=3e11c5239452d671150c:2:1397922 @ https://a1078485-a3ae-cd3fe9bf.nmb2.seetacloud.com:8443/jupyter/static/lab/jlab_core.3e11c5239452d671150c.js?v=3e11c5239452d671150c:1
[    1071ms] [ERROR] TypeError: Failed to fetch
    at Object.n [as handleRequest] (https://a1078485-a3ae-cd3fe9bf.nmb2.seetacloud.com:8443/jupyter/static/lab/jlab_core.3e11c5239452d671150c.js?v=3e11c5239452d671150c:2:1066973)
    at n (https://a1078485-a3ae-cd3fe9bf.nmb2.seetacloud.com:8443/jupyter/static/lab/jlab_core.3e11c5239452d671150c.js?v=3e11c5239452d671150c:2:1065065)
    at a.list (https://a1078485-a3ae-cd3fe9bf.nmb2.seetacloud.com:8443/jupyter/static/lab/jlab_core.3e11c5239452d671150c.js?v=3e11c5239452d671150c:2:1080328)
    at F.list (https://a1078485-a3ae-cd3fe9bf.nmb2.seetacloud.com:8443/jupyter/static/lab/jlab_core.3e11c5239452d671150c.js?v=3e11c5239452d671150c:2:72489)
    at activate (https://a1078485-a3ae-cd3fe9bf.nmb2.seetacloud.com:8443/jupyter/static/lab/jlab_core.3e11c5239452d671150c.js?v=3e11c5239452d671150c:2:72881)
    at https://a1078485-a3ae-cd3fe9bf.nmb2.seetacloud.com:8443/jupyter/static/lab/jlab_core.3e11c5239452d671150c.js?v=3e11c5239452d671150c:2:1397922 @ https://a1078485-a3ae-cd3fe9bf.nmb2.seetacloud.com:8443/jupyter/static/lab/jlab_core.3e11c5239452d671150c.js?v=3e11c5239452d671150c:1
[    1071ms] [ERROR] TypeError: Failed to fetch
    at Object.n [as handleRequest] (https://a1078485-a3ae-cd3fe9bf.nmb2.seetacloud.com:8443/jupyter/static/lab/jlab_core.3e11c5239452d671150c.js?v=3e11c5239452d671150c:2:1066973)
    at n (https://a1078485-a3ae-cd3fe9bf.nmb2.seetacloud.com:8443/jupyter/static/lab/jlab_core.3e11c5239452d671150c.js?v=3e11c5239452d671150c:2:1065065)
    at a.list (https://a1078485-a3ae-cd3fe9bf.nmb2.seetacloud.com:8443/jupyter/static/lab/jlab_core.3e11c5239452d671150c.js?v=3e11c5239452d671150c:2:1080328)
    at F.list (https://a1078485-a3ae-cd3fe9bf.nmb2.seetacloud.com:8443/jupyter/static/lab/jlab_core.3e11c5239452d671150c.js?v=3e11c5239452d671150c:2:72489)
    at activate (https://a1078485-a3ae-cd3fe9bf.nmb2.seetacloud.com:8443/jupyter/static/lab/jlab_core.3e11c5239452d671150c.js?v=3e11c5239452d671150c:2:72881)
    at https://a1078485-a3ae-cd3fe9bf.nmb2.seetacloud.com:8443/jupyter/static/lab/jlab_core.3e11c5239452d671150c.js?v=3e11c5239452d671150c:2:1397922 @ https://a1078485-a3ae-cd3fe9bf.nmb2.seetacloud.com:8443/jupyter/static/lab/jlab_core.3e11c5239452d671150c.js?v=3e11c5239452d671150c:1
[    1071ms] [ERROR] TypeError: Failed to fetch
    at Object.n [as handleRequest] (https://a1078485-a3ae-cd3fe9bf.nmb2.seetacloud.com:8443/jupyter/static/lab/jlab_core.3e11c5239452d671150c.js?v=3e11c5239452d671150c:2:1066973)
    at n (https://a1078485-a3ae-cd3fe9bf.nmb2.seetacloud.com:8443/jupyter/static/lab/jlab_core.3e11c5239452d671150c.js?v=3e11c5239452d671150c:2:1065065)
    at a.list (https://a1078485-a3ae-cd3fe9bf.nmb2.seetacloud.com:8443/jupyter/static/lab/jlab_core.3e11c5239452d671150c.js?v=3e11c5239452d671150c:2:1080328)
    at F.list (https://a1078485-a3ae-cd3fe9bf.nmb2.seetacloud.com:8443/jupyter/static/lab/jlab_core.3e11c5239452d671150c.js?v=3e11c5239452d671150c:2:72489)
    at activate (https://a1078485-a3ae-cd3fe9bf.nmb2.seetacloud.com:8443/jupyter/static/lab/jlab_core.3e11c5239452d671150c.js?v=3e11c5239452d671150c:2:72881)
    at https://a1078485-a3ae-cd3fe9bf.nmb2.seetacloud.com:8443/jupyter/static/lab/jlab_core.3e11c5239452d671150c.js?v=3e11c5239452d671150c:2:1397922 @ https://a1078485-a3ae-cd3fe9bf.nmb2.seetacloud.com:8443/jupyter/static/lab/jlab_core.3e11c5239452d671150c.js?v=3e11c5239452d671150c:1
[    1071ms] [ERROR] TypeError: Failed to fetch
    at Object.n [as handleRequest] (https://a1078485-a3ae-cd3fe9bf.nmb2.seetacloud.com:8443/jupyter/static/lab/jlab_core.3e11c5239452d671150c.js?v=3e11c5239452d671150c:2:1066973)
    at n (https://a1078485-a3ae-cd3fe9bf.nmb2.seetacloud.com:8443/jupyter/static/lab/jlab_core.3e11c5239452d671150c.js?v=3e11c5239452d671150c:2:1065065)
    at a.list (https://a1078485-a3ae-cd3fe9bf.nmb2.seetacloud.com:8443/jupyter/static/lab/jlab_core.3e11c5239452d671150c.js?v=3e11c5239452d671150c:2:1080328)
    at F.list (https://a1078485-a3ae-cd3fe9bf.nmb2.seetacloud.com:8443/jupyter/static/lab/jlab_core.3e11c5239452d671150c.js?v=3e11c5239452d671150c:2:72489)
    at activate (https://a1078485-a3ae-cd3fe9bf.nmb2.seetacloud.com:8443/jupyter/static/lab/jlab_core.3e11c5239452d671150c.js?v=3e11c5239452d671150c:2:72881)
    at https://a1078485-a3ae-cd3fe9bf.nmb2.seetacloud.com:8443/jupyter/static/lab/jlab_core.3e11c5239452d671150c.js?v=3e11c5239452d671150c:2:1397922 @ https://a1078485-a3ae-cd3fe9bf.nmb2.seetacloud.com:8443/jupyter/static/lab/jlab_core.3e11c5239452d671150c.js?v=3e11c5239452d671150c:1
[    1071ms] [ERROR] TypeError: Failed to fetch
    at Object.n [as handleRequest] (https://a1078485-a3ae-cd3fe9bf.nmb2.seetacloud.com:8443/jupyter/static/lab/jlab_core.3e11c5239452d671150c.js?v=3e11c5239452d671150c:2:1066973)
    at n (https://a1078485-a3ae-cd3fe9bf.nmb2.seetacloud.com:8443/jupyter/static/lab/jlab_core.3e11c5239452d671150c.js?v=3e11c5239452d671150c:2:1065065)
    at a.list (https://a1078485-a3ae-cd3fe9bf.nmb2.seetacloud.com:8443/jupyter/static/lab/jlab_core.3e11c5239452d671150c.js?v=3e11c5239452d671150c:2:1080328)
    at F.list (https://a1078485-a3ae-cd3fe9bf.nmb2.seetacloud.com:8443/jupyter/static/lab/jlab_core.3e11c5239452d671150c.js?v=3e11c5239452d671150c:2:72489)
    at activate (https://a1078485-a3ae-cd3fe9bf.nmb2.seetacloud.com:8443/jupyter/static/lab/jlab_core.3e11c5239452d671150c.js?v=3e11c5239452d671150c:2:72881)
    at https://a1078485-a3ae-cd3fe9bf.nmb2.seetacloud.com:8443/jupyter/static/lab/jlab_core.3e11c5239452d671150c.js?v=3e11c5239452d671150c:2:1397922 @ https://a1078485-a3ae-cd3fe9bf.nmb2.seetacloud.com:8443/jupyter/static/lab/jlab_core.3e11c5239452d671150c.js?v=3e11c5239452d671150c:1
[    1071ms] [ERROR] TypeError: Failed to fetch
    at Object.n [as handleRequest] (https://a1078485-a3ae-cd3fe9bf.nmb2.seetacloud.com:8443/jupyter/static/lab/jlab_core.3e11c5239452d671150c.js?v=3e11c5239452d671150c:2:1066973)
    at n (https://a1078485-a3ae-cd3fe9bf.nmb2.seetacloud.com:8443/jupyter/static/lab/jlab_core.3e11c5239452d671150c.js?v=3e11c5239452d671150c:2:1065065)
    at a.list (https://a1078485-a3ae-cd3fe9bf.nmb2.seetacloud.com:8443/jupyter/static/lab/jlab_core.3e11c5239452d671150c.js?v=3e11c5239452d671150c:2:1080328)
    at F.list (https://a1078485-a3ae-cd3fe9bf.nmb2.seetacloud.com:8443/jupyter/static/lab/jlab_core.3e11c5239452d671150c.js?v=3e11c5239452d671150c:2:72489)
    at activate (https://a1078485-a3ae-cd3fe9bf.nmb2.seetacloud.com:8443/jupyter/static/lab/jlab_core.3e11c5239452d671150c.js?v=3e11c5239452d671150c:2:72881)
    at https://a1078485-a3ae-cd3fe9bf.nmb2.seetacloud.com:8443/jupyter/static/lab/jlab_core.3e11c5239452d671150c.js?v=3e11c5239452d671150c:2:1397922 @ https://a1078485-a3ae-cd3fe9bf.nmb2.seetacloud.com:8443/jupyter/static/lab/jlab_core.3e11c5239452d671150c.js?v=3e11c5239452d671150c:1
[    1071ms] [ERROR] TypeError: Failed to fetch
    at Object.n [as handleRequest] (https://a1078485-a3ae-cd3fe9bf.nmb2.seetacloud.com:8443/jupyter/static/lab/jlab_core.3e11c5239452d671150c.js?v=3e11c5239452d671150c:2:1066973)
    at n (https://a1078485-a3ae-cd3fe9bf.nmb2.seetacloud.com:8443/jupyter/static/lab/jlab_core.3e11c5239452d671150c.js?v=3e11c5239452d671150c:2:1065065)
    at a.list (https://a1078485-a3ae-cd3fe9bf.nmb2.seetacloud.com:8443/jupyter/static/lab/jlab_core.3e11c5239452d671150c.js?v=3e11c5239452d671150c:2:1080328)
    at F.list (https://a1078485-a3ae-cd3fe9bf.nmb2.seetacloud.com:8443/jupyter/static/lab/jlab_core.3e11c5239452d671150c.js?v=3e11c5239452d671150c:2:72489)
    at activate (https://a1078485-a3ae-cd3fe9bf.nmb2.seetacloud.com:8443/jupyter/static/lab/jlab_core.3e11c5239452d671150c.js?v=3e11c5239452d671150c:2:72881)
    at https://a1078485-a3ae-cd3fe9bf.nmb2.seetacloud.com:8443/jupyter/static/lab/jlab_core.3e11c5239452d671150c.js?v=3e11c5239452d671150c:2:1397922 @ https://a1078485-a3ae-cd3fe9bf.nmb2.seetacloud.com:8443/jupyter/static/lab/jlab_core.3e11c5239452d671150c.js?v=3e11c5239452d671150c:1
[    1072ms] [ERROR] TypeError: Failed to fetch
    at Object.n [as handleRequest] (https://a1078485-a3ae-cd3fe9bf.nmb2.seetacloud.com:8443/jupyter/static/lab/jlab_core.3e11c5239452d671150c.js?v=3e11c5239452d671150c:2:1066973)
    at n (https://a1078485-a3ae-cd3fe9bf.nmb2.seetacloud.com:8443/jupyter/static/lab/jlab_core.3e11c5239452d671150c.js?v=3e11c5239452d671150c:2:1065065)
    at a.list (https://a1078485-a3ae-cd3fe9bf.nmb2.seetacloud.com:8443/jupyter/static/lab/jlab_core.3e11c5239452d671150c.js?v=3e11c5239452d671150c:2:1080328)
    at F.list (https://a1078485-a3ae-cd3fe9bf.nmb2.seetacloud.com:8443/jupyter/static/lab/jlab_core.3e11c5239452d671150c.js?v=3e11c5239452d671150c:2:72489)
    at activate (https://a1078485-a3ae-cd3fe9bf.nmb2.seetacloud.com:8443/jupyter/static/lab/jlab_core.3e11c5239452d671150c.js?v=3e11c5239452d671150c:2:72881)
    at https://a1078485-a3ae-cd3fe9bf.nmb2.seetacloud.com:8443/jupyter/static/lab/jlab_core.3e11c5239452d671150c.js?v=3e11c5239452d671150c:2:1397922 @ https://a1078485-a3ae-cd3fe9bf.nmb2.seetacloud.com:8443/jupyter/static/lab/jlab_core.3e11c5239452d671150c.js?v=3e11c5239452d671150c:1
[    1072ms] [ERROR] TypeError: Failed to fetch
    at Object.n [as handleRequest] (https://a1078485-a3ae-cd3fe9bf.nmb2.seetacloud.com:8443/jupyter/static/lab/jlab_core.3e11c5239452d671150c.js?v=3e11c5239452d671150c:2:1066973)
    at n (https://a1078485-a3ae-cd3fe9bf.nmb2.seetacloud.com:8443/jupyter/static/lab/jlab_core.3e11c5239452d671150c.js?v=3e11c5239452d671150c:2:1065065)
    at a.list (https://a1078485-a3ae-cd3fe9bf.nmb2.seetacloud.com:8443/jupyter/static/lab/jlab_core.3e11c5239452d671150c.js?v=3e11c5239452d671150c:2:1080328)
    at F.list (https://a1078485-a3ae-cd3fe9bf.nmb2.seetacloud.com:8443/jupyter/static/lab/jlab_core.3e11c5239452d671150c.js?v=3e11c5239452d671150c:2:72489)
    at activate (https://a1078485-a3ae-cd3fe9bf.nmb2.seetacloud.com:8443/jupyter/static/lab/jlab_core.3e11c5239452d671150c.js?v=3e11c5239452d671150c:2:72881)
    at https://a1078485-a3ae-cd3fe9bf.nmb2.seetacloud.com:8443/jupyter/static/lab/jlab_core.3e11c5239452d671150c.js?v=3e11c5239452d671150c:2:1397922 @ https://a1078485-a3ae-cd3fe9bf.nmb2.seetacloud.com:8443/jupyter/static/lab/jlab_core.3e11c5239452d671150c.js?v=3e11c5239452d671150c:1
[    1072ms] [ERROR] TypeError: Failed to fetch
    at Object.n [as handleRequest] (https://a1078485-a3ae-cd3fe9bf.nmb2.seetacloud.com:8443/jupyter/static/lab/jlab_core.3e11c5239452d671150c.js?v=3e11c5239452d671150c:2:1066973)
    at n (https://a1078485-a3ae-cd3fe9bf.nmb2.seetacloud.com:8443/jupyter/static/lab/jlab_core.3e11c5239452d671150c.js?v=3e11c5239452d671150c:2:1065065)
    at a.list (https://a1078485-a3ae-cd3fe9bf.nmb2.seetacloud.com:8443/jupyter/static/lab/jlab_core.3e11c5239452d671150c.js?v=3e11c5239452d671150c:2:1080328)
    at F.list (https://a1078485-a3ae-cd3fe9bf.nmb2.seetacloud.com:8443/jupyter/static/lab/jlab_core.3e11c5239452d671150c.js?v=3e11c5239452d671150c:2:72489)
    at activate (https://a1078485-a3ae-cd3fe9bf.nmb2.seetacloud.com:8443/jupyter/static/lab/jlab_core.3e11c5239452d671150c.js?v=3e11c5239452d671150c:2:72881)
    at https://a1078485-a3ae-cd3fe9bf.nmb2.seetacloud.com:8443/jupyter/static/lab/jlab_core.3e11c5239452d671150c.js?v=3e11c5239452d671150c:2:1397922 @ https://a1078485-a3ae-cd3fe9bf.nmb2.seetacloud.com:8443/jupyter/static/lab/jlab_core.3e11c5239452d671150c.js?v=3e11c5239452d671150c:1
[    1072ms] [ERROR] TypeError: Failed to fetch
    at Object.n [as handleRequest] (https://a1078485-a3ae-cd3fe9bf.nmb2.seetacloud.com:8443/jupyter/static/lab/jlab_core.3e11c5239452d671150c.js?v=3e11c5239452d671150c:2:1066973)
    at n (https://a1078485-a3ae-cd3fe9bf.nmb2.seetacloud.com:8443/jupyter/static/lab/jlab_core.3e11c5239452d671150c.js?v=3e11c5239452d671150c:2:1065065)
    at a.list (https://a1078485-a3ae-cd3fe9bf.nmb2.seetacloud.com:8443/jupyter/static/lab/jlab_core.3e11c5239452d671150c.js?v=3e11c5239452d671150c:2:1080328)
    at F.list (https://a1078485-a3ae-cd3fe9bf.nmb2.seetacloud.com:8443/jupyter/static/lab/jlab_core.3e11c5239452d671150c.js?v=3e11c5239452d671150c:2:72489)
    at activate (https://a1078485-a3ae-cd3fe9bf.nmb2.seetacloud.com:8443/jupyter/static/lab/jlab_core.3e11c5239452d671150c.js?v=3e11c5239452d671150c:2:72881)
    at https://a1078485-a3ae-cd3fe9bf.nmb2.seetacloud.com:8443/jupyter/static/lab/jlab_core.3e11c5239452d671150c.js?v=3e11c5239452d671150c:2:1397922 @ https://a1078485-a3ae-cd3fe9bf.nmb2.seetacloud.com:8443/jupyter/static/lab/jlab_core.3e11c5239452d671150c.js?v=3e11c5239452d671150c:1
[    1072ms] [ERROR] TypeError: Failed to fetch
    at Object.n [as handleRequest] (https://a1078485-a3ae-cd3fe9bf.nmb2.seetacloud.com:8443/jupyter/static/lab/jlab_core.3e11c5239452d671150c.js?v=3e11c5239452d671150c:2:1066973)
    at n (https://a1078485-a3ae-cd3fe9bf.nmb2.seetacloud.com:8443/jupyter/static/lab/jlab_core.3e11c5239452d671150c.js?v=3e11c5239452d671150c:2:1065065)
    at a.list (https://a1078485-a3ae-cd3fe9bf.nmb2.seetacloud.com:8443/jupyter/static/lab/jlab_core.3e11c5239452d671150c.js?v=3e11c5239452d671150c:2:1080328)
    at F.list (https://a1078485-a3ae-cd3fe9bf.nmb2.seetacloud.com:8443/jupyter/static/lab/jlab_core.3e11c5239452d671150c.js?v=3e11c5239452d671150c:2:72489)
    at activate (https://a1078485-a3ae-cd3fe9bf.nmb2.seetacloud.com:8443/jupyter/static/lab/jlab_core.3e11c5239452d671150c.js?v=3e11c5239452d671150c:2:72881)
    at https://a1078485-a3ae-cd3fe9bf.nmb2.seetacloud.com:8443/jupyter/static/lab/jlab_core.3e11c5239452d671150c.js?v=3e11c5239452d671150c:2:1397922 @ https://a1078485-a3ae-cd3fe9bf.nmb2.seetacloud.com:8443/jupyter/static/lab/jlab_core.3e11c5239452d671150c.js?v=3e11c5239452d671150c:1
[    1072ms] [ERROR] TypeError: Failed to fetch
    at Object.n [as handleRequest] (https://a1078485-a3ae-cd3fe9bf.nmb2.seetacloud.com:8443/jupyter/static/lab/jlab_core.3e11c5239452d671150c.js?v=3e11c5239452d671150c:2:1066973)
    at n (https://a1078485-a3ae-cd3fe9bf.nmb2.seetacloud.com:8443/jupyter/static/lab/jlab_core.3e11c5239452d671150c.js?v=3e11c5239452d671150c:2:1065065)
    at a.list (https://a1078485-a3ae-cd3fe9bf.nmb2.seetacloud.com:8443/jupyter/static/lab/jlab_core.3e11c5239452d671150c.js?v=3e11c5239452d671150c:2:1080328)
    at F.list (https://a1078485-a3ae-cd3fe9bf.nmb2.seetacloud.com:8443/jupyter/static/lab/jlab_core.3e11c5239452d671150c.js?v=3e11c5239452d671150c:2:72489)
    at activate (https://a1078485-a3ae-cd3fe9bf.nmb2.seetacloud.com:8443/jupyter/static/lab/jlab_core.3e11c5239452d671150c.js?v=3e11c5239452d671150c:2:72881)
    at https://a1078485-a3ae-cd3fe9bf.nmb2.seetacloud.com:8443/jupyter/static/lab/jlab_core.3e11c5239452d671150c.js?v=3e11c5239452d671150c:2:1397922 @ https://a1078485-a3ae-cd3fe9bf.nmb2.seetacloud.com:8443/jupyter/static/lab/jlab_core.3e11c5239452d671150c.js?v=3e11c5239452d671150c:1
[    1072ms] [ERROR] TypeError: Failed to fetch
    at Object.n [as handleRequest] (https://a1078485-a3ae-cd3fe9bf.nmb2.seetacloud.com:8443/jupyter/static/lab/jlab_core.3e11c5239452d671150c.js?v=3e11c5239452d671150c:2:1066973)
    at n (https://a1078485-a3ae-cd3fe9bf.nmb2.seetacloud.com:8443/jupyter/static/lab/jlab_core.3e11c5239452d671150c.js?v=3e11c5239452d671150c:2:1065065)
    at a.list (https://a1078485-a3ae-cd3fe9bf.nmb2.seetacloud.com:8443/jupyter/static/lab/jlab_core.3e11c5239452d671150c.js?v=3e11c5239452d671150c:2:1080328)
    at F.list (https://a1078485-a3ae-cd3fe9bf.nmb2.seetacloud.com:8443/jupyter/static/lab/jlab_core.3e11c5239452d671150c.js?v=3e11c5239452d671150c:2:72489)
    at activate (https://a1078485-a3ae-cd3fe9bf.nmb2.seetacloud.com:8443/jupyter/static/lab/jlab_core.3e11c5239452d671150c.js?v=3e11c5239452d671150c:2:72881)
    at https://a1078485-a3ae-cd3fe9bf.nmb2.seetacloud.com:8443/jupyter/static/lab/jlab_core.3e11c5239452d671150c.js?v=3e11c5239452d671150c:2:1397922 @ https://a1078485-a3ae-cd3fe9bf.nmb2.seetacloud.com:8443/jupyter/static/lab/jlab_core.3e11c5239452d671150c.js?v=3e11c5239452d671150c:1
[    1072ms] [ERROR] TypeError: Failed to fetch
    at Object.n [as handleRequest] (https://a1078485-a3ae-cd3fe9bf.nmb2.seetacloud.com:8443/jupyter/static/lab/jlab_core.3e11c5239452d671150c.js?v=3e11c5239452d671150c:2:1066973)
    at n (https://a1078485-a3ae-cd3fe9bf.nmb2.seetacloud.com:8443/jupyter/static/lab/jlab_core.3e11c5239452d671150c.js?v=3e11c5239452d671150c:2:1065065)
    at a.list (https://a1078485-a3ae-cd3fe9bf.nmb2.seetacloud.com:8443/jupyter/static/lab/jlab_core.3e11c5239452d671150c.js?v=3e11c5239452d671150c:2:1080328)
    at F.list (https://a1078485-a3ae-cd3fe9bf.nmb2.seetacloud.com:8443/jupyter/static/lab/jlab_core.3e11c5239452d671150c.js?v=3e11c5239452d671150c:2:72489)
    at activate (https://a1078485-a3ae-cd3fe9bf.nmb2.seetacloud.com:8443/jupyter/static/lab/jlab_core.3e11c5239452d671150c.js?v=3e11c5239452d671150c:2:72881)
    at https://a1078485-a3ae-cd3fe9bf.nmb2.seetacloud.com:8443/jupyter/static/lab/jlab_core.3e11c5239452d671150c.js?v=3e11c5239452d671150c:2:1397922 @ https://a1078485-a3ae-cd3fe9bf.nmb2.seetacloud.com:8443/jupyter/static/lab/jlab_core.3e11c5239452d671150c.js?v=3e11c5239452d671150c:1
[    1072ms] [ERROR] TypeError: Failed to fetch
    at Object.n [as handleRequest] (https://a1078485-a3ae-cd3fe9bf.nmb2.seetacloud.com:8443/jupyter/static/lab/jlab_core.3e11c5239452d671150c.js?v=3e11c5239452d671150c:2:1066973)
    at n (https://a1078485-a3ae-cd3fe9bf.nmb2.seetacloud.com:8443/jupyter/static/lab/jlab_core.3e11c5239452d671150c.js?v=3e11c5239452d671150c:2:1065065)
    at a.list (https://a1078485-a3ae-cd3fe9bf.nmb2.seetacloud.com:8443/jupyter/static/lab/jlab_core.3e11c5239452d671150c.js?v=3e11c5239452d671150c:2:1080328)
    at F.list (https://a1078485-a3ae-cd3fe9bf.nmb2.seetacloud.com:8443/jupyter/static/lab/jlab_core.3e11c5239452d671150c.js?v=3e11c5239452d671150c:2:72489)
    at activate (https://a1078485-a3ae-cd3fe9bf.nmb2.seetacloud.com:8443/jupyter/static/lab/jlab_core.3e11c5239452d671150c.js?v=3e11c5239452d671150c:2:72881)
    at https://a1078485-a3ae-cd3fe9bf.nmb2.seetacloud.com:8443/jupyter/static/lab/jlab_core.3e11c5239452d671150c.js?v=3e11c5239452d671150c:2:1397922 @ https://a1078485-a3ae-cd3fe9bf.nmb2.seetacloud.com:8443/jupyter/static/lab/jlab_core.3e11c5239452d671150c.js?v=3e11c5239452d671150c:1
[    1072ms] [ERROR] Plugin '@jupyterlab/translation:translator' failed to activate. @ https://a1078485-a3ae-cd3fe9bf.nmb2.seetacloud.com:8443/jupyter/static/lab/jlab_core.3e11c5239452d671150c.js?v=3e11c5239452d671150c:1
[    1072ms] [ERROR] TypeError: Failed to fetch
    at Object.n [as handleRequest] (https://a1078485-a3ae-cd3fe9bf.nmb2.seetacloud.com:8443/jupyter/static/lab/jlab_core.3e11c5239452d671150c.js?v=3e11c5239452d671150c:2:1066973)
    at n (https://a1078485-a3ae-cd3fe9bf.nmb2.seetacloud.com:8443/jupyter/static/lab/jlab_core.3e11c5239452d671150c.js?v=3e11c5239452d671150c:2:1065065)
    at a.list (https://a1078485-a3ae-cd3fe9bf.nmb2.seetacloud.com:8443/jupyter/static/lab/jlab_core.3e11c5239452d671150c.js?v=3e11c5239452d671150c:2:1080328)
    at F.list (https://a1078485-a3ae-cd3fe9bf.nmb2.seetacloud.com:8443/jupyter/static/lab/jlab_core.3e11c5239452d671150c.js?v=3e11c5239452d671150c:2:72489)
    at activate (https://a1078485-a3ae-cd3fe9bf.nmb2.seetacloud.com:8443/jupyter/static/lab/jlab_core.3e11c5239452d671150c.js?v=3e11c5239452d671150c:2:72881)
    at https://a1078485-a3ae-cd3fe9bf.nmb2.seetacloud.com:8443/jupyter/static/lab/jlab_core.3e11c5239452d671150c.js?v=3e11c5239452d671150c:2:1397922 @ https://a1078485-a3ae-cd3fe9bf.nmb2.seetacloud.com:8443/jupyter/static/lab/jlab_core.3e11c5239452d671150c.js?v=3e11c5239452d671150c:1
[    1072ms] [ERROR] TypeError: Failed to fetch
    at Object.n [as handleRequest] (https://a1078485-a3ae-cd3fe9bf.nmb2.seetacloud.com:8443/jupyter/static/lab/jlab_core.3e11c5239452d671150c.js?v=3e11c5239452d671150c:2:1066973)
    at n (https://a1078485-a3ae-cd3fe9bf.nmb2.seetacloud.com:8443/jupyter/static/lab/jlab_core.3e11c5239452d671150c.js?v=3e11c5239452d671150c:2:1065065)
    at a.list (https://a1078485-a3ae-cd3fe9bf.nmb2.seetacloud.com:8443/jupyter/static/lab/jlab_core.3e11c5239452d671150c.js?v=3e11c5239452d671150c:2:1080328)
    at F.list (https://a1078485-a3ae-cd3fe9bf.nmb2.seetacloud.com:8443/jupyter/static/lab/jlab_core.3e11c5239452d671150c.js?v=3e11c5239452d671150c:2:72489)
    at activate (https://a1078485-a3ae-cd3fe9bf.nmb2.seetacloud.com:8443/jupyter/static/lab/jlab_core.3e11c5239452d671150c.js?v=3e11c5239452d671150c:2:72881)
    at https://a1078485-a3ae-cd3fe9bf.nmb2.seetacloud.com:8443/jupyter/static/lab/jlab_core.3e11c5239452d671150c.js?v=3e11c5239452d671150c:2:1397922 @ https://a1078485-a3ae-cd3fe9bf.nmb2.seetacloud.com:8443/jupyter/static/lab/jlab_core.3e11c5239452d671150c.js?v=3e11c5239452d671150c:1
[    1072ms] [ERROR] TypeError: Failed to fetch
    at Object.n [as handleRequest] (https://a1078485-a3ae-cd3fe9bf.nmb2.seetacloud.com:8443/jupyter/static/lab/jlab_core.3e11c5239452d671150c.js?v=3e11c5239452d671150c:2:1066973)
    at n (https://a1078485-a3ae-cd3fe9bf.nmb2.seetacloud.com:8443/jupyter/static/lab/jlab_core.3e11c5239452d671150c.js?v=3e11c5239452d671150c:2:1065065)
    at a.list (https://a1078485-a3ae-cd3fe9bf.nmb2.seetacloud.com:8443/jupyter/static/lab/jlab_core.3e11c5239452d671150c.js?v=3e11c5239452d671150c:2:1080328)
    at F.list (https://a1078485-a3ae-cd3fe9bf.nmb2.seetacloud.com:8443/jupyter/static/lab/jlab_core.3e11c5239452d671150c.js?v=3e11c5239452d671150c:2:72489)
    at activate (https://a1078485-a3ae-cd3fe9bf.nmb2.seetacloud.com:8443/jupyter/static/lab/jlab_core.3e11c5239452d671150c.js?v=3e11c5239452d671150c:2:72881)
    at https://a1078485-a3ae-cd3fe9bf.nmb2.seetacloud.com:8443/jupyter/static/lab/jlab_core.3e11c5239452d671150c.js?v=3e11c5239452d671150c:2:1397922 @ https://a1078485-a3ae-cd3fe9bf.nmb2.seetacloud.com:8443/jupyter/static/lab/jlab_core.3e11c5239452d671150c.js?v=3e11c5239452d671150c:1
[    1072ms] [ERROR] TypeError: Failed to fetch
    at Object.n [as handleRequest] (https://a1078485-a3ae-cd3fe9bf.nmb2.seetacloud.com:8443/jupyter/static/lab/jlab_core.3e11c5239452d671150c.js?v=3e11c5239452d671150c:2:1066973)
    at n (https://a1078485-a3ae-cd3fe9bf.nmb2.seetacloud.com:8443/jupyter/static/lab/jlab_core.3e11c5239452d671150c.js?v=3e11c5239452d671150c:2:1065065)
    at a.list (https://a1078485-a3ae-cd3fe9bf.nmb2.seetacloud.com:8443/jupyter/static/lab/jlab_core.3e11c5239452d671150c.js?v=3e11c5239452d671150c:2:1080328)
    at F.list (https://a1078485-a3ae-cd3fe9bf.nmb2.seetacloud.com:8443/jupyter/static/lab/jlab_core.3e11c5239452d671150c.js?v=3e11c5239452d671150c:2:72489)
    at activate (https://a1078485-a3ae-cd3fe9bf.nmb2.seetacloud.com:8443/jupyter/static/lab/jlab_core.3e11c5239452d671150c.js?v=3e11c5239452d671150c:2:72881)
    at https://a1078485-a3ae-cd3fe9bf.nmb2.seetacloud.com:8443/jupyter/static/lab/jlab_core.3e11c5239452d671150c.js?v=3e11c5239452d671150c:2:1397922 @ https://a1078485-a3ae-cd3fe9bf.nmb2.seetacloud.com:8443/jupyter/static/lab/jlab_core.3e11c5239452d671150c.js?v=3e11c5239452d671150c:1
[    1072ms] [ERROR] Plugin '@jupyter/apputils-extension:sanitizer' failed to activate. @ https://a1078485-a3ae-cd3fe9bf.nmb2.seetacloud.com:8443/jupyter/static/lab/jlab_core.3e11c5239452d671150c.js?v=3e11c5239452d671150c:1
[    1072ms] [ERROR] TypeError: Failed to fetch
    at Object.n [as handleRequest] (https://a1078485-a3ae-cd3fe9bf.nmb2.seetacloud.com:8443/jupyter/static/lab/jlab_core.3e11c5239452d671150c.js?v=3e11c5239452d671150c:2:1066973)
    at n (https://a1078485-a3ae-cd3fe9bf.nmb2.seetacloud.com:8443/jupyter/static/lab/jlab_core.3e11c5239452d671150c.js?v=3e11c5239452d671150c:2:1065065)
    at a.list (https://a1078485-a3ae-cd3fe9bf.nmb2.seetacloud.com:8443/jupyter/static/lab/jlab_core.3e11c5239452d671150c.js?v=3e11c5239452d671150c:2:1080328)
    at F.list (https://a1078485-a3ae-cd3fe9bf.nmb2.seetacloud.com:8443/jupyter/static/lab/jlab_core.3e11c5239452d671150c.js?v=3e11c5239452d671150c:2:72489)
    at activate (https://a1078485-a3ae-cd3fe9bf.nmb2.seetacloud.com:8443/jupyter/static/lab/jlab_core.3e11c5239452d671150c.js?v=3e11c5239452d671150c:2:72881)
    at https://a1078485-a3ae-cd3fe9bf.nmb2.seetacloud.com:8443/jupyter/static/lab/jlab_core.3e11c5239452d671150c.js?v=3e11c5239452d671150c:2:1397922 @ https://a1078485-a3ae-cd3fe9bf.nmb2.seetacloud.com:8443/jupyter/static/lab/jlab_core.3e11c5239452d671150c.js?v=3e11c5239452d671150c:1
[    1072ms] [ERROR] TypeError: Failed to fetch
    at Object.n [as handleRequest] (https://a1078485-a3ae-cd3fe9bf.nmb2.seetacloud.com:8443/jupyter/static/lab/jlab_core.3e11c5239452d671150c.js?v=3e11c5239452d671150c:2:1066973)
    at n (https://a1078485-a3ae-cd3fe9bf.nmb2.seetacloud.com:8443/jupyter/static/lab/jlab_core.3e11c5239452d671150c.js?v=3e11c5239452d671150c:2:1065065)
    at a.list (https://a1078485-a3ae-cd3fe9bf.nmb2.seetacloud.com:8443/jupyter/static/lab/jlab_core.3e11c5239452d671150c.js?v=3e11c5239452d671150c:2:1080328)
    at F.list (https://a1078485-a3ae-cd3fe9bf.nmb2.seetacloud.com:8443/jupyter/static/lab/jlab_core.3e11c5239452d671150c.js?v=3e11c5239452d671150c:2:72489)
    at activate (https://a1078485-a3ae-cd3fe9bf.nmb2.seetacloud.com:8443/jupyter/static/lab/jlab_core.3e11c5239452d671150c.js?v=3e11c5239452d671150c:2:72881)
    at https://a1078485-a3ae-cd3fe9bf.nmb2.seetacloud.com:8443/jupyter/static/lab/jlab_core.3e11c5239452d671150c.js?v=3e11c5239452d671150c:2:1397922 @ https://a1078485-a3ae-cd3fe9bf.nmb2.seetacloud.com:8443/jupyter/static/lab/jlab_core.3e11c5239452d671150c.js?v=3e11c5239452d671150c:1
[    1072ms] [ERROR] TypeError: Failed to fetch
    at Object.n [as handleRequest] (https://a1078485-a3ae-cd3fe9bf.nmb2.seetacloud.com:8443/jupyter/static/lab/jlab_core.3e11c5239452d671150c.js?v=3e11c5239452d671150c:2:1066973)
    at n (https://a1078485-a3ae-cd3fe9bf.nmb2.seetacloud.com:8443/jupyter/static/lab/jlab_core.3e11c5239452d671150c.js?v=3e11c5239452d671150c:2:1065065)
    at a.list (https://a1078485-a3ae-cd3fe9bf.nmb2.seetacloud.com:8443/jupyter/static/lab/jlab_core.3e11c5239452d671150c.js?v=3e11c5239452d671150c:2:1080328)
    at F.list (https://a1078485-a3ae-cd3fe9bf.nmb2.seetacloud.com:8443/jupyter/static/lab/jlab_core.3e11c5239452d671150c.js?v=3e11c5239452d671150c:2:72489)
    at activate (https://a1078485-a3ae-cd3fe9bf.nmb2.seetacloud.com:8443/jupyter/static/lab/jlab_core.3e11c5239452d671150c.js?v=3e11c5239452d671150c:2:72881)
    at https://a1078485-a3ae-cd3fe9bf.nmb2.seetacloud.com:8443/jupyter/static/lab/jlab_core.3e11c5239452d671150c.js?v=3e11c5239452d671150c:2:1397922 @ https://a1078485-a3ae-cd3fe9bf.nmb2.seetacloud.com:8443/jupyter/static/lab/jlab_core.3e11c5239452d671150c.js?v=3e11c5239452d671150c:1
[    1072ms] [ERROR] Plugin '@jupyterlab/application-extension:layout' failed to activate. @ https://a1078485-a3ae-cd3fe9bf.nmb2.seetacloud.com:8443/jupyter/static/lab/jlab_core.3e11c5239452d671150c.js?v=3e11c5239452d671150c:1
[    1072ms] [ERROR] TypeError: Failed to fetch
    at Object.n [as handleRequest] (https://a1078485-a3ae-cd3fe9bf.nmb2.seetacloud.com:8443/jupyter/static/lab/jlab_core.3e11c5239452d671150c.js?v=3e11c5239452d671150c:2:1066973)
    at n (https://a1078485-a3ae-cd3fe9bf.nmb2.seetacloud.com:8443/jupyter/static/lab/jlab_core.3e11c5239452d671150c.js?v=3e11c5239452d671150c:2:1065065)
    at a.list (https://a1078485-a3ae-cd3fe9bf.nmb2.seetacloud.com:8443/jupyter/static/lab/jlab_core.3e11c5239452d671150c.js?v=3e11c5239452d671150c:2:1080328)
    at F.list (https://a1078485-a3ae-cd3fe9bf.nmb2.seetacloud.com:8443/jupyter/static/lab/jlab_core.3e11c5239452d671150c.js?v=3e11c5239452d671150c:2:72489)
    at activate (https://a1078485-a3ae-cd3fe9bf.nmb2.seetacloud.com:8443/jupyter/static/lab/jlab_core.3e11c5239452d671150c.js?v=3e11c5239452d671150c:2:72881)
    at https://a1078485-a3ae-cd3fe9bf.nmb2.seetacloud.com:8443/jupyter/static/lab/jlab_core.3e11c5239452d671150c.js?v=3e11c5239452d671150c:2:1397922 @ https://a1078485-a3ae-cd3fe9bf.nmb2.seetacloud.com:8443/jupyter/static/lab/jlab_core.3e11c5239452d671150c.js?v=3e11c5239452d671150c:1
[    1072ms] [ERROR] TypeError: Failed to fetch
    at Object.n [as handleRequest] (https://a1078485-a3ae-cd3fe9bf.nmb2.seetacloud.com:8443/jupyter/static/lab/jlab_core.3e11c5239452d671150c.js?v=3e11c5239452d671150c:2:1066973)
    at n (https://a1078485-a3ae-cd3fe9bf.nmb2.seetacloud.com:8443/jupyter/static/lab/jlab_core.3e11c5239452d671150c.js?v=3e11c5239452d671150c:2:1065065)
    at a.list (https://a1078485-a3ae-cd3fe9bf.nmb2.seetacloud.com:8443/jupyter/static/lab/jlab_core.3e11c5239452d671150c.js?v=3e11c5239452d671150c:2:1080328)
    at F.list (https://a1078485-a3ae-cd3fe9bf.nmb2.seetacloud.com:8443/jupyter/static/lab/jlab_core.3e11c5239452d671150c.js?v=3e11c5239452d671150c:2:72489)
    at activate (https://a1078485-a3ae-cd3fe9bf.nmb2.seetacloud.com:8443/jupyter/static/lab/jlab_core.3e11c5239452d671150c.js?v=3e11c5239452d671150c:2:72881)
    at https://a1078485-a3ae-cd3fe9bf.nmb2.seetacloud.com:8443/jupyter/static/lab/jlab_core.3e11c5239452d671150c.js?v=3e11c5239452d671150c:2:1397922 @ https://a1078485-a3ae-cd3fe9bf.nmb2.seetacloud.com:8443/jupyter/static/lab/jlab_core.3e11c5239452d671150c.js?v=3e11c5239452d671150c:1
[    1073ms] [ERROR] TypeError: Failed to fetch
    at Object.n [as handleRequest] (https://a1078485-a3ae-cd3fe9bf.nmb2.seetacloud.com:8443/jupyter/static/lab/jlab_core.3e11c5239452d671150c.js?v=3e11c5239452d671150c:2:1066973)
    at n (https://a1078485-a3ae-cd3fe9bf.nmb2.seetacloud.com:8443/jupyter/static/lab/jlab_core.3e11c5239452d671150c.js?v=3e11c5239452d671150c:2:1065065)
    at a.list (https://a1078485-a3ae-cd3fe9bf.nmb2.seetacloud.com:8443/jupyter/static/lab/jlab_core.3e11c5239452d671150c.js?v=3e11c5239452d671150c:2:1080328)
    at F.list (https://a1078485-a3ae-cd3fe9bf.nmb2.seetacloud.com:8443/jupyter/static/lab/jlab_core.3e11c5239452d671150c.js?v=3e11c5239452d671150c:2:72489)
    at activate (https://a1078485-a3ae-cd3fe9bf.nmb2.seetacloud.com:8443/jupyter/static/lab/jlab_core.3e11c5239452d671150c.js?v=3e11c5239452d671150c:2:72881)
    at https://a1078485-a3ae-cd3fe9bf.nmb2.seetacloud.com:8443/jupyter/static/lab/jlab_core.3e11c5239452d671150c.js?v=3e11c5239452d671150c:2:1397922 @ https://a1078485-a3ae-cd3fe9bf.nmb2.seetacloud.com:8443/jupyter/static/lab/jlab_core.3e11c5239452d671150c.js?v=3e11c5239452d671150c:1
[    1073ms] [ERROR] TypeError: Failed to fetch
    at Object.n [as handleRequest] (https://a1078485-a3ae-cd3fe9bf.nmb2.seetacloud.com:8443/jupyter/static/lab/jlab_core.3e11c5239452d671150c.js?v=3e11c5239452d671150c:2:1066973)
    at n (https://a1078485-a3ae-cd3fe9bf.nmb2.seetacloud.com:8443/jupyter/static/lab/jlab_core.3e11c5239452d671150c.js?v=3e11c5239452d671150c:2:1065065)
    at a.list (https://a1078485-a3ae-cd3fe9bf.nmb2.seetacloud.com:8443/jupyter/static/lab/jlab_core.3e11c5239452d671150c.js?v=3e11c5239452d671150c:2:1080328)
    at F.list (https://a1078485-a3ae-cd3fe9bf.nmb2.seetacloud.com:8443/jupyter/static/lab/jlab_core.3e11c5239452d671150c.js?v=3e11c5239452d671150c:2:72489)
    at activate (https://a1078485-a3ae-cd3fe9bf.nmb2.seetacloud.com:8443/jupyter/static/lab/jlab_core.3e11c5239452d671150c.js?v=3e11c5239452d671150c:2:72881)
    at https://a1078485-a3ae-cd3fe9bf.nmb2.seetacloud.com:8443/jupyter/static/lab/jlab_core.3e11c5239452d671150c.js?v=3e11c5239452d671150c:2:1397922 @ https://a1078485-a3ae-cd3fe9bf.nmb2.seetacloud.com:8443/jupyter/static/lab/jlab_core.3e11c5239452d671150c.js?v=3e11c5239452d671150c:1
[    1073ms] [ERROR] TypeError: Failed to fetch
    at Object.n [as handleRequest] (https://a1078485-a3ae-cd3fe9bf.nmb2.seetacloud.com:8443/jupyter/static/lab/jlab_core.3e11c5239452d671150c.js?v=3e11c5239452d671150c:2:1066973)
    at n (https://a1078485-a3ae-cd3fe9bf.nmb2.seetacloud.com:8443/jupyter/static/lab/jlab_core.3e11c5239452d671150c.js?v=3e11c5239452d671150c:2:1065065)
    at a.list (https://a1078485-a3ae-cd3fe9bf.nmb2.seetacloud.com:8443/jupyter/static/lab/jlab_core.3e11c5239452d671150c.js?v=3e11c5239452d671150c:2:1080328)
    at F.list (https://a1078485-a3ae-cd3fe9bf.nmb2.seetacloud.com:8443/jupyter/static/lab/jlab_core.3e11c5239452d671150c.js?v=3e11c5239452d671150c:2:72489)
    at activate (https://a1078485-a3ae-cd3fe9bf.nmb2.seetacloud.com:8443/jupyter/static/lab/jlab_core.3e11c5239452d671150c.js?v=3e11c5239452d671150c:2:72881)
    at https://a1078485-a3ae-cd3fe9bf.nmb2.seetacloud.com:8443/jupyter/static/lab/jlab_core.3e11c5239452d671150c.js?v=3e11c5239452d671150c:2:1397922 @ https://a1078485-a3ae-cd3fe9bf.nmb2.seetacloud.com:8443/jupyter/static/lab/jlab_core.3e11c5239452d671150c.js?v=3e11c5239452d671150c:1
[    1073ms] [ERROR] TypeError: Failed to fetch
    at Object.n [as handleRequest] (https://a1078485-a3ae-cd3fe9bf.nmb2.seetacloud.com:8443/jupyter/static/lab/jlab_core.3e11c5239452d671150c.js?v=3e11c5239452d671150c:2:1066973)
    at n (https://a1078485-a3ae-cd3fe9bf.nmb2.seetacloud.com:8443/jupyter/static/lab/jlab_core.3e11c5239452d671150c.js?v=3e11c5239452d671150c:2:1065065)
    at a.list (https://a1078485-a3ae-cd3fe9bf.nmb2.seetacloud.com:8443/jupyter/static/lab/jlab_core.3e11c5239452d671150c.js?v=3e11c5239452d671150c:2:1080328)
    at F.list (https://a1078485-a3ae-cd3fe9bf.nmb2.seetacloud.com:8443/jupyter/static/lab/jlab_core.3e11c5239452d671150c.js?v=3e11c5239452d671150c:2:72489)
    at activate (https://a1078485-a3ae-cd3fe9bf.nmb2.seetacloud.com:8443/jupyter/static/lab/jlab_core.3e11c5239452d671150c.js?v=3e11c5239452d671150c:2:72881)
    at https://a1078485-a3ae-cd3fe9bf.nmb2.seetacloud.com:8443/jupyter/static/lab/jlab_core.3e11c5239452d671150c.js?v=3e11c5239452d671150c:2:1397922 @ https://a1078485-a3ae-cd3fe9bf.nmb2.seetacloud.com:8443/jupyter/static/lab/jlab_core.3e11c5239452d671150c.js?v=3e11c5239452d671150c:1
[    1073ms] [ERROR] TypeError: Failed to fetch
    at Object.n [as handleRequest] (https://a1078485-a3ae-cd3fe9bf.nmb2.seetacloud.com:8443/jupyter/static/lab/jlab_core.3e11c5239452d671150c.js?v=3e11c5239452d671150c:2:1066973)
    at n (https://a1078485-a3ae-cd3fe9bf.nmb2.seetacloud.com:8443/jupyter/static/lab/jlab_core.3e11c5239452d671150c.js?v=3e11c5239452d671150c:2:1065065)
    at a.list (https://a1078485-a3ae-cd3fe9bf.nmb2.seetacloud.com:8443/jupyter/static/lab/jlab_core.3e11c5239452d671150c.js?v=3e11c5239452d671150c:2:1080328)
    at F.list (https://a1078485-a3ae-cd3fe9bf.nmb2.seetacloud.com:8443/jupyter/static/lab/jlab_core.3e11c5239452d671150c.js?v=3e11c5239452d671150c:2:72489)
    at activate (https://a1078485-a3ae-cd3fe9bf.nmb2.seetacloud.com:8443/jupyter/static/lab/jlab_core.3e11c5239452d671150c.js?v=3e11c5239452d671150c:2:72881)
    at https://a1078485-a3ae-cd3fe9bf.nmb2.seetacloud.com:8443/jupyter/static/lab/jlab_core.3e11c5239452d671150c.js?v=3e11c5239452d671150c:2:1397922 @ https://a1078485-a3ae-cd3fe9bf.nmb2.seetacloud.com:8443/jupyter/static/lab/jlab_core.3e11c5239452d671150c.js?v=3e11c5239452d671150c:1
[    1073ms] [ERROR] TypeError: Failed to fetch
    at Object.n [as handleRequest] (https://a1078485-a3ae-cd3fe9bf.nmb2.seetacloud.com:8443/jupyter/static/lab/jlab_core.3e11c5239452d671150c.js?v=3e11c5239452d671150c:2:1066973)
    at n (https://a1078485-a3ae-cd3fe9bf.nmb2.seetacloud.com:8443/jupyter/static/lab/jlab_core.3e11c5239452d671150c.js?v=3e11c5239452d671150c:2:1065065)
    at a.list (https://a1078485-a3ae-cd3fe9bf.nmb2.seetacloud.com:8443/jupyter/static/lab/jlab_core.3e11c5239452d671150c.js?v=3e11c5239452d671150c:2:1080328)
    at F.list (https://a1078485-a3ae-cd3fe9bf.nmb2.seetacloud.com:8443/jupyter/static/lab/jlab_core.3e11c5239452d671150c.js?v=3e11c5239452d671150c:2:72489)
    at activate (https://a1078485-a3ae-cd3fe9bf.nmb2.seetacloud.com:8443/jupyter/static/lab/jlab_core.3e11c5239452d671150c.js?v=3e11c5239452d671150c:2:72881)
    at https://a1078485-a3ae-cd3fe9bf.nmb2.seetacloud.com:8443/jupyter/static/lab/jlab_core.3e11c5239452d671150c.js?v=3e11c5239452d671150c:2:1397922 @ https://a1078485-a3ae-cd3fe9bf.nmb2.seetacloud.com:8443/jupyter/static/lab/jlab_core.3e11c5239452d671150c.js?v=3e11c5239452d671150c:1
[    1073ms] [ERROR] TypeError: Failed to fetch
    at Object.n [as handleRequest] (https://a1078485-a3ae-cd3fe9bf.nmb2.seetacloud.com:8443/jupyter/static/lab/jlab_core.3e11c5239452d671150c.js?v=3e11c5239452d671150c:2:1066973)
    at n (https://a1078485-a3ae-cd3fe9bf.nmb2.seetacloud.com:8443/jupyter/static/lab/jlab_core.3e11c5239452d671150c.js?v=3e11c5239452d671150c:2:1065065)
    at a.list (https://a1078485-a3ae-cd3fe9bf.nmb2.seetacloud.com:8443/jupyter/static/lab/jlab_core.3e11c5239452d671150c.js?v=3e11c5239452d671150c:2:1080328)
    at F.list (https://a1078485-a3ae-cd3fe9bf.nmb2.seetacloud.com:8443/jupyter/static/lab/jlab_core.3e11c5239452d671150c.js?v=3e11c5239452d671150c:2:72489)
    at activate (https://a1078485-a3ae-cd3fe9bf.nmb2.seetacloud.com:8443/jupyter/static/lab/jlab_core.3e11c5239452d671150c.js?v=3e11c5239452d671150c:2:72881)
    at https://a1078485-a3ae-cd3fe9bf.nmb2.seetacloud.com:8443/jupyter/static/lab/jlab_core.3e11c5239452d671150c.js?v=3e11c5239452d671150c:2:1397922 @ https://a1078485-a3ae-cd3fe9bf.nmb2.seetacloud.com:8443/jupyter/static/lab/jlab_core.3e11c5239452d671150c.js?v=3e11c5239452d671150c:1
[    1073ms] [ERROR] TypeError: Failed to fetch
    at Object.n [as handleRequest] (https://a1078485-a3ae-cd3fe9bf.nmb2.seetacloud.com:8443/jupyter/static/lab/jlab_core.3e11c5239452d671150c.js?v=3e11c5239452d671150c:2:1066973)
    at n (https://a1078485-a3ae-cd3fe9bf.nmb2.seetacloud.com:8443/jupyter/static/lab/jlab_core.3e11c5239452d671150c.js?v=3e11c5239452d671150c:2:1065065)
    at a.list (https://a1078485-a3ae-cd3fe9bf.nmb2.seetacloud.com:8443/jupyter/static/lab/jlab_core.3e11c5239452d671150c.js?v=3e11c5239452d671150c:2:1080328)
    at F.list (https://a1078485-a3ae-cd3fe9bf.nmb2.seetacloud.com:8443/jupyter/static/lab/jlab_core.3e11c5239452d671150c.js?v=3e11c5239452d671150c:2:72489)
    at activate (https://a1078485-a3ae-cd3fe9bf.nmb2.seetacloud.com:8443/jupyter/static/lab/jlab_core.3e11c5239452d671150c.js?v=3e11c5239452d671150c:2:72881)
    at https://a1078485-a3ae-cd3fe9bf.nmb2.seetacloud.com:8443/jupyter/static/lab/jlab_core.3e11c5239452d671150c.js?v=3e11c5239452d671150c:2:1397922 @ https://a1078485-a3ae-cd3fe9bf.nmb2.seetacloud.com:8443/jupyter/static/lab/jlab_core.3e11c5239452d671150c.js?v=3e11c5239452d671150c:1
[    1073ms] [ERROR] TypeError: Failed to fetch
    at Object.n [as handleRequest] (https://a1078485-a3ae-cd3fe9bf.nmb2.seetacloud.com:8443/jupyter/static/lab/jlab_core.3e11c5239452d671150c.js?v=3e11c5239452d671150c:2:1066973)
    at n (https://a1078485-a3ae-cd3fe9bf.nmb2.seetacloud.com:8443/jupyter/static/lab/jlab_core.3e11c5239452d671150c.js?v=3e11c5239452d671150c:2:1065065)
    at a.list (https://a1078485-a3ae-cd3fe9bf.nmb2.seetacloud.com:8443/jupyter/static/lab/jlab_core.3e11c5239452d671150c.js?v=3e11c5239452d671150c:2:1080328)
    at F.list (https://a1078485-a3ae-cd3fe9bf.nmb2.seetacloud.com:8443/jupyter/static/lab/jlab_core.3e11c5239452d671150c.js?v=3e11c5239452d671150c:2:72489)
    at activate (https://a1078485-a3ae-cd3fe9bf.nmb2.seetacloud.com:8443/jupyter/static/lab/jlab_core.3e11c5239452d671150c.js?v=3e11c5239452d671150c:2:72881)
    at https://a1078485-a3ae-cd3fe9bf.nmb2.seetacloud.com:8443/jupyter/static/lab/jlab_core.3e11c5239452d671150c.js?v=3e11c5239452d671150c:2:1397922 @ https://a1078485-a3ae-cd3fe9bf.nmb2.seetacloud.com:8443/jupyter/static/lab/jlab_core.3e11c5239452d671150c.js?v=3e11c5239452d671150c:1
[    1073ms] [ERROR] TypeError: Failed to fetch
    at Object.n [as handleRequest] (https://a1078485-a3ae-cd3fe9bf.nmb2.seetacloud.com:8443/jupyter/static/lab/jlab_core.3e11c5239452d671150c.js?v=3e11c5239452d671150c:2:1066973)
    at n (https://a1078485-a3ae-cd3fe9bf.nmb2.seetacloud.com:8443/jupyter/static/lab/jlab_core.3e11c5239452d671150c.js?v=3e11c5239452d671150c:2:1065065)
    at a.list (https://a1078485-a3ae-cd3fe9bf.nmb2.seetacloud.com:8443/jupyter/static/lab/jlab_core.3e11c5239452d671150c.js?v=3e11c5239452d671150c:2:1080328)
    at F.list (https://a1078485-a3ae-cd3fe9bf.nmb2.seetacloud.com:8443/jupyter/static/lab/jlab_core.3e11c5239452d671150c.js?v=3e11c5239452d671150c:2:72489)
    at activate (https://a1078485-a3ae-cd3fe9bf.nmb2.seetacloud.com:8443/jupyter/static/lab/jlab_core.3e11c5239452d671150c.js?v=3e11c5239452d671150c:2:72881)
    at https://a1078485-a3ae-cd3fe9bf.nmb2.seetacloud.com:8443/jupyter/static/lab/jlab_core.3e11c5239452d671150c.js?v=3e11c5239452d671150c:2:1397922 @ https://a1078485-a3ae-cd3fe9bf.nmb2.seetacloud.com:8443/jupyter/static/lab/jlab_core.3e11c5239452d671150c.js?v=3e11c5239452d671150c:1
[    1073ms] [ERROR] TypeError: Failed to fetch
    at Object.n [as handleRequest] (https://a1078485-a3ae-cd3fe9bf.nmb2.seetacloud.com:8443/jupyter/static/lab/jlab_core.3e11c5239452d671150c.js?v=3e11c5239452d671150c:2:1066973)
    at n (https://a1078485-a3ae-cd3fe9bf.nmb2.seetacloud.com:8443/jupyter/static/lab/jlab_core.3e11c5239452d671150c.js?v=3e11c5239452d671150c:2:1065065)
    at a.list (https://a1078485-a3ae-cd3fe9bf.nmb2.seetacloud.com:8443/jupyter/static/lab/jlab_core.3e11c5239452d671150c.js?v=3e11c5239452d671150c:2:1080328)
    at F.list (https://a1078485-a3ae-cd3fe9bf.nmb2.seetacloud.com:8443/jupyter/static/lab/jlab_core.3e11c5239452d671150c.js?v=3e11c5239452d671150c:2:72489)
    at activate (https://a1078485-a3ae-cd3fe9bf.nmb2.seetacloud.com:8443/jupyter/static/lab/jlab_core.3e11c5239452d671150c.js?v=3e11c5239452d671150c:2:72881)
    at https://a1078485-a3ae-cd3fe9bf.nmb2.seetacloud.com:8443/jupyter/static/lab/jlab_core.3e11c5239452d671150c.js?v=3e11c5239452d671150c:2:1397922 @ https://a1078485-a3ae-cd3fe9bf.nmb2.seetacloud.com:8443/jupyter/static/lab/jlab_core.3e11c5239452d671150c.js?v=3e11c5239452d671150c:1
[    1073ms] [ERROR] TypeError: Failed to fetch
    at Object.n [as handleRequest] (https://a1078485-a3ae-cd3fe9bf.nmb2.seetacloud.com:8443/jupyter/static/lab/jlab_core.3e11c5239452d671150c.js?v=3e11c5239452d671150c:2:1066973)
    at n (https://a1078485-a3ae-cd3fe9bf.nmb2.seetacloud.com:8443/jupyter/static/lab/jlab_core.3e11c5239452d671150c.js?v=3e11c5239452d671150c:2:1065065)
    at a.list (https://a1078485-a3ae-cd3fe9bf.nmb2.seetacloud.com:8443/jupyter/static/lab/jlab_core.3e11c5239452d671150c.js?v=3e11c5239452d671150c:2:1080328)
    at F.list (https://a1078485-a3ae-cd3fe9bf.nmb2.seetacloud.com:8443/jupyter/static/lab/jlab_core.3e11c5239452d671150c.js?v=3e11c5239452d671150c:2:72489)
    at activate (https://a1078485-a3ae-cd3fe9bf.nmb2.seetacloud.com:8443/jupyter/static/lab/jlab_core.3e11c5239452d671150c.js?v=3e11c5239452d671150c:2:72881)
    at https://a1078485-a3ae-cd3fe9bf.nmb2.seetacloud.com:8443/jupyter/static/lab/jlab_core.3e11c5239452d671150c.js?v=3e11c5239452d671150c:2:1397922 @ https://a1078485-a3ae-cd3fe9bf.nmb2.seetacloud.com:8443/jupyter/static/lab/jlab_core.3e11c5239452d671150c.js?v=3e11c5239452d671150c:1
[    1073ms] [ERROR] TypeError: Failed to fetch
    at Object.n [as handleRequest] (https://a1078485-a3ae-cd3fe9bf.nmb2.seetacloud.com:8443/jupyter/static/lab/jlab_core.3e11c5239452d671150c.js?v=3e11c5239452d671150c:2:1066973)
    at n (https://a1078485-a3ae-cd3fe9bf.nmb2.seetacloud.com:8443/jupyter/static/lab/jlab_core.3e11c5239452d671150c.js?v=3e11c5239452d671150c:2:1065065)
    at a.list (https://a1078485-a3ae-cd3fe9bf.nmb2.seetacloud.com:8443/jupyter/static/lab/jlab_core.3e11c5239452d671150c.js?v=3e11c5239452d671150c:2:1080328)
    at F.list (https://a1078485-a3ae-cd3fe9bf.nmb2.seetacloud.com:8443/jupyter/static/lab/jlab_core.3e11c5239452d671150c.js?v=3e11c5239452d671150c:2:72489)
    at activate (https://a1078485-a3ae-cd3fe9bf.nmb2.seetacloud.com:8443/jupyter/static/lab/jlab_core.3e11c5239452d671150c.js?v=3e11c5239452d671150c:2:72881)
    at https://a1078485-a3ae-cd3fe9bf.nmb2.seetacloud.com:8443/jupyter/static/lab/jlab_core.3e11c5239452d671150c.js?v=3e11c5239452d671150c:2:1397922 @ https://a1078485-a3ae-cd3fe9bf.nmb2.seetacloud.com:8443/jupyter/static/lab/jlab_core.3e11c5239452d671150c.js?v=3e11c5239452d671150c:1
[    1073ms] [ERROR] TypeError: Failed to fetch
    at Object.n [as handleRequest] (https://a1078485-a3ae-cd3fe9bf.nmb2.seetacloud.com:8443/jupyter/static/lab/jlab_core.3e11c5239452d671150c.js?v=3e11c5239452d671150c:2:1066973)
    at n (https://a1078485-a3ae-cd3fe9bf.nmb2.seetacloud.com:8443/jupyter/static/lab/jlab_core.3e11c5239452d671150c.js?v=3e11c5239452d671150c:2:1065065)
    at a.list (https://a1078485-a3ae-cd3fe9bf.nmb2.seetacloud.com:8443/jupyter/static/lab/jlab_core.3e11c5239452d671150c.js?v=3e11c5239452d671150c:2:1080328)
    at F.list (https://a1078485-a3ae-cd3fe9bf.nmb2.seetacloud.com:8443/jupyter/static/lab/jlab_core.3e11c5239452d671150c.js?v=3e11c5239452d671150c:2:72489)
    at activate (https://a1078485-a3ae-cd3fe9bf.nmb2.seetacloud.com:8443/jupyter/static/lab/jlab_core.3e11c5239452d671150c.js?v=3e11c5239452d671150c:2:72881)
    at https://a1078485-a3ae-cd3fe9bf.nmb2.seetacloud.com:8443/jupyter/static/lab/jlab_core.3e11c5239452d671150c.js?v=3e11c5239452d671150c:2:1397922 @ https://a1078485-a3ae-cd3fe9bf.nmb2.seetacloud.com:8443/jupyter/static/lab/jlab_core.3e11c5239452d671150c.js?v=3e11c5239452d671150c:1
[    1073ms] [ERROR] TypeError: Failed to fetch
    at Object.n [as handleRequest] (https://a1078485-a3ae-cd3fe9bf.nmb2.seetacloud.com:8443/jupyter/static/lab/jlab_core.3e11c5239452d671150c.js?v=3e11c5239452d671150c:2:1066973)
    at n (https://a1078485-a3ae-cd3fe9bf.nmb2.seetacloud.com:8443/jupyter/static/lab/jlab_core.3e11c5239452d671150c.js?v=3e11c5239452d671150c:2:1065065)
    at a.list (https://a1078485-a3ae-cd3fe9bf.nmb2.seetacloud.com:8443/jupyter/static/lab/jlab_core.3e11c5239452d671150c.js?v=3e11c5239452d671150c:2:1080328)
    at F.list (https://a1078485-a3ae-cd3fe9bf.nmb2.seetacloud.com:8443/jupyter/static/lab/jlab_core.3e11c5239452d671150c.js?v=3e11c5239452d671150c:2:72489)
    at activate (https://a1078485-a3ae-cd3fe9bf.nmb2.seetacloud.com:8443/jupyter/static/lab/jlab_core.3e11c5239452d671150c.js?v=3e11c5239452d671150c:2:72881)
    at https://a1078485-a3ae-cd3fe9bf.nmb2.seetacloud.com:8443/jupyter/static/lab/jlab_core.3e11c5239452d671150c.js?v=3e11c5239452d671150c:2:1397922 @ https://a1078485-a3ae-cd3fe9bf.nmb2.seetacloud.com:8443/jupyter/static/lab/jlab_core.3e11c5239452d671150c.js?v=3e11c5239452d671150c:1
[    1073ms] [ERROR] TypeError: Failed to fetch
    at Object.n [as handleRequest] (https://a1078485-a3ae-cd3fe9bf.nmb2.seetacloud.com:8443/jupyter/static/lab/jlab_core.3e11c5239452d671150c.js?v=3e11c5239452d671150c:2:1066973)
    at n (https://a1078485-a3ae-cd3fe9bf.nmb2.seetacloud.com:8443/jupyter/static/lab/jlab_core.3e11c5239452d671150c.js?v=3e11c5239452d671150c:2:1065065)
    at a.list (https://a1078485-a3ae-cd3fe9bf.nmb2.seetacloud.com:8443/jupyter/static/lab/jlab_core.3e11c5239452d671150c.js?v=3e11c5239452d671150c:2:1080328)
    at F.list (https://a1078485-a3ae-cd3fe9bf.nmb2.seetacloud.com:8443/jupyter/static/lab/jlab_core.3e11c5239452d671150c.js?v=3e11c5239452d671150c:2:72489)
    at activate (https://a1078485-a3ae-cd3fe9bf.nmb2.seetacloud.com:8443/jupyter/static/lab/jlab_core.3e11c5239452d671150c.js?v=3e11c5239452d671150c:2:72881)
    at https://a1078485-a3ae-cd3fe9bf.nmb2.seetacloud.com:8443/jupyter/static/lab/jlab_core.3e11c5239452d671150c.js?v=3e11c5239452d671150c:2:1397922 @ https://a1078485-a3ae-cd3fe9bf.nmb2.seetacloud.com:8443/jupyter/static/lab/jlab_core.3e11c5239452d671150c.js?v=3e11c5239452d671150c:1
[    1073ms] [ERROR] TypeError: Failed to fetch
    at Object.n [as handleRequest] (https://a1078485-a3ae-cd3fe9bf.nmb2.seetacloud.com:8443/jupyter/static/lab/jlab_core.3e11c5239452d671150c.js?v=3e11c5239452d671150c:2:1066973)
    at n (https://a1078485-a3ae-cd3fe9bf.nmb2.seetacloud.com:8443/jupyter/static/lab/jlab_core.3e11c5239452d671150c.js?v=3e11c5239452d671150c:2:1065065)
    at a.list (https://a1078485-a3ae-cd3fe9bf.nmb2.seetacloud.com:8443/jupyter/static/lab/jlab_core.3e11c5239452d671150c.js?v=3e11c5239452d671150c:2:1080328)
    at F.list (https://a1078485-a3ae-cd3fe9bf.nmb2.seetacloud.com:8443/jupyter/static/lab/jlab_core.3e11c5239452d671150c.js?v=3e11c5239452d671150c:2:72489)
    at activate (https://a1078485-a3ae-cd3fe9bf.nmb2.seetacloud.com:8443/jupyter/static/lab/jlab_core.3e11c5239452d671150c.js?v=3e11c5239452d671150c:2:72881)
    at https://a1078485-a3ae-cd3fe9bf.nmb2.seetacloud.com:8443/jupyter/static/lab/jlab_core.3e11c5239452d671150c.js?v=3e11c5239452d671150c:2:1397922 @ https://a1078485-a3ae-cd3fe9bf.nmb2.seetacloud.com:8443/jupyter/static/lab/jlab_core.3e11c5239452d671150c.js?v=3e11c5239452d671150c:1
[    1073ms] [ERROR] TypeError: Failed to fetch
    at Object.n [as handleRequest] (https://a1078485-a3ae-cd3fe9bf.nmb2.seetacloud.com:8443/jupyter/static/lab/jlab_core.3e11c5239452d671150c.js?v=3e11c5239452d671150c:2:1066973)
    at n (https://a1078485-a3ae-cd3fe9bf.nmb2.seetacloud.com:8443/jupyter/static/lab/jlab_core.3e11c5239452d671150c.js?v=3e11c5239452d671150c:2:1065065)
    at a.list (https://a1078485-a3ae-cd3fe9bf.nmb2.seetacloud.com:8443/jupyter/static/lab/jlab_core.3e11c5239452d671150c.js?v=3e11c5239452d671150c:2:1080328)
    at F.list (https://a1078485-a3ae-cd3fe9bf.nmb2.seetacloud.com:8443/jupyter/static/lab/jlab_core.3e11c5239452d671150c.js?v=3e11c5239452d671150c:2:72489)
    at activate (https://a1078485-a3ae-cd3fe9bf.nmb2.seetacloud.com:8443/jupyter/static/lab/jlab_core.3e11c5239452d671150c.js?v=3e11c5239452d671150c:2:72881)
    at https://a1078485-a3ae-cd3fe9bf.nmb2.seetacloud.com:8443/jupyter/static/lab/jlab_core.3e11c5239452d671150c.js?v=3e11c5239452d671150c:2:1397922 @ https://a1078485-a3ae-cd3fe9bf.nmb2.seetacloud.com:8443/jupyter/static/lab/jlab_core.3e11c5239452d671150c.js?v=3e11c5239452d671150c:1
[    1073ms] [ERROR] TypeError: Failed to fetch
    at Object.n [as handleRequest] (https://a1078485-a3ae-cd3fe9bf.nmb2.seetacloud.com:8443/jupyter/static/lab/jlab_core.3e11c5239452d671150c.js?v=3e11c5239452d671150c:2:1066973)
    at n (https://a1078485-a3ae-cd3fe9bf.nmb2.seetacloud.com:8443/jupyter/static/lab/jlab_core.3e11c5239452d671150c.js?v=3e11c5239452d671150c:2:1065065)
    at a.list (https://a1078485-a3ae-cd3fe9bf.nmb2.seetacloud.com:8443/jupyter/static/lab/jlab_core.3e11c5239452d671150c.js?v=3e11c5239452d671150c:2:1080328)
    at F.list (https://a1078485-a3ae-cd3fe9bf.nmb2.seetacloud.com:8443/jupyter/static/lab/jlab_core.3e11c5239452d671150c.js?v=3e11c5239452d671150c:2:72489)
    at activate (https://a1078485-a3ae-cd3fe9bf.nmb2.seetacloud.com:8443/jupyter/static/lab/jlab_core.3e11c5239452d671150c.js?v=3e11c5239452d671150c:2:72881)
    at https://a1078485-a3ae-cd3fe9bf.nmb2.seetacloud.com:8443/jupyter/static/lab/jlab_core.3e11c5239452d671150c.js?v=3e11c5239452d671150c:2:1397922 @ https://a1078485-a3ae-cd3fe9bf.nmb2.seetacloud.com:8443/jupyter/static/lab/jlab_core.3e11c5239452d671150c.js?v=3e11c5239452d671150c:1
[    1073ms] [ERROR] TypeError: Failed to fetch
    at Object.n [as handleRequest] (https://a1078485-a3ae-cd3fe9bf.nmb2.seetacloud.com:8443/jupyter/static/lab/jlab_core.3e11c5239452d671150c.js?v=3e11c5239452d671150c:2:1066973)
    at n (https://a1078485-a3ae-cd3fe9bf.nmb2.seetacloud.com:8443/jupyter/static/lab/jlab_core.3e11c5239452d671150c.js?v=3e11c5239452d671150c:2:1065065)
    at a.list (https://a1078485-a3ae-cd3fe9bf.nmb2.seetacloud.com:8443/jupyter/static/lab/jlab_core.3e11c5239452d671150c.js?v=3e11c5239452d671150c:2:1080328)
    at F.list (https://a1078485-a3ae-cd3fe9bf.nmb2.seetacloud.com:8443/jupyter/static/lab/jlab_core.3e11c5239452d671150c.js?v=3e11c5239452d671150c:2:72489)
    at activate (https://a1078485-a3ae-cd3fe9bf.nmb2.seetacloud.com:8443/jupyter/static/lab/jlab_core.3e11c5239452d671150c.js?v=3e11c5239452d671150c:2:72881)
    at https://a1078485-a3ae-cd3fe9bf.nmb2.seetacloud.com:8443/jupyter/static/lab/jlab_core.3e11c5239452d671150c.js?v=3e11c5239452d671150c:2:1397922 @ https://a1078485-a3ae-cd3fe9bf.nmb2.seetacloud.com:8443/jupyter/static/lab/jlab_core.3e11c5239452d671150c.js?v=3e11c5239452d671150c:1
[    1073ms] [ERROR] TypeError: Failed to fetch
    at Object.n [as handleRequest] (https://a1078485-a3ae-cd3fe9bf.nmb2.seetacloud.com:8443/jupyter/static/lab/jlab_core.3e11c5239452d671150c.js?v=3e11c5239452d671150c:2:1066973)
    at n (https://a1078485-a3ae-cd3fe9bf.nmb2.seetacloud.com:8443/jupyter/static/lab/jlab_core.3e11c5239452d671150c.js?v=3e11c5239452d671150c:2:1065065)
    at a.list (https://a1078485-a3ae-cd3fe9bf.nmb2.seetacloud.com:8443/jupyter/static/lab/jlab_core.3e11c5239452d671150c.js?v=3e11c5239452d671150c:2:1080328)
    at F.list (https://a1078485-a3ae-cd3fe9bf.nmb2.seetacloud.com:8443/jupyter/static/lab/jlab_core.3e11c5239452d671150c.js?v=3e11c5239452d671150c:2:72489)
    at activate (https://a1078485-a3ae-cd3fe9bf.nmb2.seetacloud.com:8443/jupyter/static/lab/jlab_core.3e11c5239452d671150c.js?v=3e11c5239452d671150c:2:72881)
    at https://a1078485-a3ae-cd3fe9bf.nmb2.seetacloud.com:8443/jupyter/static/lab/jlab_core.3e11c5239452d671150c.js?v=3e11c5239452d671150c:2:1397922 @ https://a1078485-a3ae-cd3fe9bf.nmb2.seetacloud.com:8443/jupyter/static/lab/jlab_core.3e11c5239452d671150c.js?v=3e11c5239452d671150c:1
[    1073ms] [ERROR] TypeError: Failed to fetch
    at Object.n [as handleRequest] (https://a1078485-a3ae-cd3fe9bf.nmb2.seetacloud.com:8443/jupyter/static/lab/jlab_core.3e11c5239452d671150c.js?v=3e11c5239452d671150c:2:1066973)
    at n (https://a1078485-a3ae-cd3fe9bf.nmb2.seetacloud.com:8443/jupyter/static/lab/jlab_core.3e11c5239452d671150c.js?v=3e11c5239452d671150c:2:1065065)
    at a.list (https://a1078485-a3ae-cd3fe9bf.nmb2.seetacloud.com:8443/jupyter/static/lab/jlab_core.3e11c5239452d671150c.js?v=3e11c5239452d671150c:2:1080328)
    at F.list (https://a1078485-a3ae-cd3fe9bf.nmb2.seetacloud.com:8443/jupyter/static/lab/jlab_core.3e11c5239452d671150c.js?v=3e11c5239452d671150c:2:72489)
    at activate (https://a1078485-a3ae-cd3fe9bf.nmb2.seetacloud.com:8443/jupyter/static/lab/jlab_core.3e11c5239452d671150c.js?v=3e11c5239452d671150c:2:72881)
    at https://a1078485-a3ae-cd3fe9bf.nmb2.seetacloud.com:8443/jupyter/static/lab/jlab_core.3e11c5239452d671150c.js?v=3e11c5239452d671150c:2:1397922 @ https://a1078485-a3ae-cd3fe9bf.nmb2.seetacloud.com:8443/jupyter/static/lab/jlab_core.3e11c5239452d671150c.js?v=3e11c5239452d671150c:1
[    1073ms] [ERROR] Plugin '@jupyterlab/application-extension:context-menu' failed to activate. @ https://a1078485-a3ae-cd3fe9bf.nmb2.seetacloud.com:8443/jupyter/static/lab/jlab_core.3e11c5239452d671150c.js?v=3e11c5239452d671150c:1
[    1073ms] [ERROR] TypeError: Failed to fetch
    at Object.n [as handleRequest] (https://a1078485-a3ae-cd3fe9bf.nmb2.seetacloud.com:8443/jupyter/static/lab/jlab_core.3e11c5239452d671150c.js?v=3e11c5239452d671150c:2:1066973)
    at n (https://a1078485-a3ae-cd3fe9bf.nmb2.seetacloud.com:8443/jupyter/static/lab/jlab_core.3e11c5239452d671150c.js?v=3e11c5239452d671150c:2:1065065)
    at a.list (https://a1078485-a3ae-cd3fe9bf.nmb2.seetacloud.com:8443/jupyter/static/lab/jlab_core.3e11c5239452d671150c.js?v=3e11c5239452d671150c:2:1080328)
    at F.list (https://a1078485-a3ae-cd3fe9bf.nmb2.seetacloud.com:8443/jupyter/static/lab/jlab_core.3e11c5239452d671150c.js?v=3e11c5239452d671150c:2:72489)
    at activate (https://a1078485-a3ae-cd3fe9bf.nmb2.seetacloud.com:8443/jupyter/static/lab/jlab_core.3e11c5239452d671150c.js?v=3e11c5239452d671150c:2:72881)
    at https://a1078485-a3ae-cd3fe9bf.nmb2.seetacloud.com:8443/jupyter/static/lab/jlab_core.3e11c5239452d671150c.js?v=3e11c5239452d671150c:2:1397922 @ https://a1078485-a3ae-cd3fe9bf.nmb2.seetacloud.com:8443/jupyter/static/lab/jlab_core.3e11c5239452d671150c.js?v=3e11c5239452d671150c:1
[    1073ms] [ERROR] Plugin '@jupyterlab/apputils-extension:themes' failed to activate. @ https://a1078485-a3ae-cd3fe9bf.nmb2.seetacloud.com:8443/jupyter/static/lab/jlab_core.3e11c5239452d671150c.js?v=3e11c5239452d671150c:1
[    1073ms] [ERROR] TypeError: Failed to fetch
    at Object.n [as handleRequest] (https://a1078485-a3ae-cd3fe9bf.nmb2.seetacloud.com:8443/jupyter/static/lab/jlab_core.3e11c5239452d671150c.js?v=3e11c5239452d671150c:2:1066973)
    at n (https://a1078485-a3ae-cd3fe9bf.nmb2.seetacloud.com:8443/jupyter/static/lab/jlab_core.3e11c5239452d671150c.js?v=3e11c5239452d671150c:2:1065065)
    at a.list (https://a1078485-a3ae-cd3fe9bf.nmb2.seetacloud.com:8443/jupyter/static/lab/jlab_core.3e11c5239452d671150c.js?v=3e11c5239452d671150c:2:1080328)
    at F.list (https://a1078485-a3ae-cd3fe9bf.nmb2.seetacloud.com:8443/jupyter/static/lab/jlab_core.3e11c5239452d671150c.js?v=3e11c5239452d671150c:2:72489)
    at activate (https://a1078485-a3ae-cd3fe9bf.nmb2.seetacloud.com:8443/jupyter/static/lab/jlab_core.3e11c5239452d671150c.js?v=3e11c5239452d671150c:2:72881)
    at https://a1078485-a3ae-cd3fe9bf.nmb2.seetacloud.com:8443/jupyter/static/lab/jlab_core.3e11c5239452d671150c.js?v=3e11c5239452d671150c:2:1397922 @ https://a1078485-a3ae-cd3fe9bf.nmb2.seetacloud.com:8443/jupyter/static/lab/jlab_core.3e11c5239452d671150c.js?v=3e11c5239452d671150c:1
[    1073ms] [ERROR] TypeError: Failed to fetch
    at Object.n [as handleRequest] (https://a1078485-a3ae-cd3fe9bf.nmb2.seetacloud.com:8443/jupyter/static/lab/jlab_core.3e11c5239452d671150c.js?v=3e11c5239452d671150c:2:1066973)
    at n (https://a1078485-a3ae-cd3fe9bf.nmb2.seetacloud.com:8443/jupyter/static/lab/jlab_core.3e11c5239452d671150c.js?v=3e11c5239452d671150c:2:1065065)
    at a.list (https://a1078485-a3ae-cd3fe9bf.nmb2.seetacloud.com:8443/jupyter/static/lab/jlab_core.3e11c5239452d671150c.js?v=3e11c5239452d671150c:2:1080328)
    at F.list (https://a1078485-a3ae-cd3fe9bf.nmb2.seetacloud.com:8443/jupyter/static/lab/jlab_core.3e11c5239452d671150c.js?v=3e11c5239452d671150c:2:72489)
    at activate (https://a1078485-a3ae-cd3fe9bf.nmb2.seetacloud.com:8443/jupyter/static/lab/jlab_core.3e11c5239452d671150c.js?v=3e11c5239452d671150c:2:72881)
    at https://a1078485-a3ae-cd3fe9bf.nmb2.seetacloud.com:8443/jupyter/static/lab/jlab_core.3e11c5239452d671150c.js?v=3e11c5239452d671150c:2:1397922 @ https://a1078485-a3ae-cd3fe9bf.nmb2.seetacloud.com:8443/jupyter/static/lab/jlab_core.3e11c5239452d671150c.js?v=3e11c5239452d671150c:1
[    1073ms] [ERROR] TypeError: Failed to fetch
    at Object.n [as handleRequest] (https://a1078485-a3ae-cd3fe9bf.nmb2.seetacloud.com:8443/jupyter/static/lab/jlab_core.3e11c5239452d671150c.js?v=3e11c5239452d671150c:2:1066973)
    at n (https://a1078485-a3ae-cd3fe9bf.nmb2.seetacloud.com:8443/jupyter/static/lab/jlab_core.3e11c5239452d671150c.js?v=3e11c5239452d671150c:2:1065065)
    at a.list (https://a1078485-a3ae-cd3fe9bf.nmb2.seetacloud.com:8443/jupyter/static/lab/jlab_core.3e11c5239452d671150c.js?v=3e11c5239452d671150c:2:1080328)
    at F.list (https://a1078485-a3ae-cd3fe9bf.nmb2.seetacloud.com:8443/jupyter/static/lab/jlab_core.3e11c5239452d671150c.js?v=3e11c5239452d671150c:2:72489)
    at activate (https://a1078485-a3ae-cd3fe9bf.nmb2.seetacloud.com:8443/jupyter/static/lab/jlab_core.3e11c5239452d671150c.js?v=3e11c5239452d671150c:2:72881)
    at https://a1078485-a3ae-cd3fe9bf.nmb2.seetacloud.com:8443/jupyter/static/lab/jlab_core.3e11c5239452d671150c.js?v=3e11c5239452d671150c:2:1397922 @ https://a1078485-a3ae-cd3fe9bf.nmb2.seetacloud.com:8443/jupyter/static/lab/jlab_core.3e11c5239452d671150c.js?v=3e11c5239452d671150c:1
[    1073ms] [ERROR] TypeError: Failed to fetch
    at Object.n [as handleRequest] (https://a1078485-a3ae-cd3fe9bf.nmb2.seetacloud.com:8443/jupyter/static/lab/jlab_core.3e11c5239452d671150c.js?v=3e11c5239452d671150c:2:1066973)
    at n (https://a1078485-a3ae-cd3fe9bf.nmb2.seetacloud.com:8443/jupyter/static/lab/jlab_core.3e11c5239452d671150c.js?v=3e11c5239452d671150c:2:1065065)
    at a.list (https://a1078485-a3ae-cd3fe9bf.nmb2.seetacloud.com:8443/jupyter/static/lab/jlab_core.3e11c5239452d671150c.js?v=3e11c5239452d671150c:2:1080328)
    at F.list (https://a1078485-a3ae-cd3fe9bf.nmb2.seetacloud.com:8443/jupyter/static/lab/jlab_core.3e11c5239452d671150c.js?v=3e11c5239452d671150c:2:72489)
    at activate (https://a1078485-a3ae-cd3fe9bf.nmb2.seetacloud.com:8443/jupyter/static/lab/jlab_core.3e11c5239452d671150c.js?v=3e11c5239452d671150c:2:72881)
    at https://a1078485-a3ae-cd3fe9bf.nmb2.seetacloud.com:8443/jupyter/static/lab/jlab_core.3e11c5239452d671150c.js?v=3e11c5239452d671150c:2:1397922 @ https://a1078485-a3ae-cd3fe9bf.nmb2.seetacloud.com:8443/jupyter/static/lab/jlab_core.3e11c5239452d671150c.js?v=3e11c5239452d671150c:1
[    1073ms] [ERROR] TypeError: Failed to fetch
    at Object.n [as handleRequest] (https://a1078485-a3ae-cd3fe9bf.nmb2.seetacloud.com:8443/jupyter/static/lab/jlab_core.3e11c5239452d671150c.js?v=3e11c5239452d671150c:2:1066973)
    at n (https://a1078485-a3ae-cd3fe9bf.nmb2.seetacloud.com:8443/jupyter/static/lab/jlab_core.3e11c5239452d671150c.js?v=3e11c5239452d671150c:2:1065065)
    at a.list (https://a1078485-a3ae-cd3fe9bf.nmb2.seetacloud.com:8443/jupyter/static/lab/jlab_core.3e11c5239452d671150c.js?v=3e11c5239452d671150c:2:1080328)
    at F.list (https://a1078485-a3ae-cd3fe9bf.nmb2.seetacloud.com:8443/jupyter/static/lab/jlab_core.3e11c5239452d671150c.js?v=3e11c5239452d671150c:2:72489)
    at activate (https://a1078485-a3ae-cd3fe9bf.nmb2.seetacloud.com:8443/jupyter/static/lab/jlab_core.3e11c5239452d671150c.js?v=3e11c5239452d671150c:2:72881)
    at https://a1078485-a3ae-cd3fe9bf.nmb2.seetacloud.com:8443/jupyter/static/lab/jlab_core.3e11c5239452d671150c.js?v=3e11c5239452d671150c:2:1397922 @ https://a1078485-a3ae-cd3fe9bf.nmb2.seetacloud.com:8443/jupyter/static/lab/jlab_core.3e11c5239452d671150c.js?v=3e11c5239452d671150c:1
[    1073ms] [ERROR] TypeError: Failed to fetch
    at Object.n [as handleRequest] (https://a1078485-a3ae-cd3fe9bf.nmb2.seetacloud.com:8443/jupyter/static/lab/jlab_core.3e11c5239452d671150c.js?v=3e11c5239452d671150c:2:1066973)
    at n (https://a1078485-a3ae-cd3fe9bf.nmb2.seetacloud.com:8443/jupyter/static/lab/jlab_core.3e11c5239452d671150c.js?v=3e11c5239452d671150c:2:1065065)
    at a.list (https://a1078485-a3ae-cd3fe9bf.nmb2.seetacloud.com:8443/jupyter/static/lab/jlab_core.3e11c5239452d671150c.js?v=3e11c5239452d671150c:2:1080328)
    at F.list (https://a1078485-a3ae-cd3fe9bf.nmb2.seetacloud.com:8443/jupyter/static/lab/jlab_core.3e11c5239452d671150c.js?v=3e11c5239452d671150c:2:72489)
    at activate (https://a1078485-a3ae-cd3fe9bf.nmb2.seetacloud.com:8443/jupyter/static/lab/jlab_core.3e11c5239452d671150c.js?v=3e11c5239452d671150c:2:72881)
    at https://a1078485-a3ae-cd3fe9bf.nmb2.seetacloud.com:8443/jupyter/static/lab/jlab_core.3e11c5239452d671150c.js?v=3e11c5239452d671150c:2:1397922 @ https://a1078485-a3ae-cd3fe9bf.nmb2.seetacloud.com:8443/jupyter/static/lab/jlab_core.3e11c5239452d671150c.js?v=3e11c5239452d671150c:1
[    1073ms] [ERROR] TypeError: Failed to fetch
    at Object.n [as handleRequest] (https://a1078485-a3ae-cd3fe9bf.nmb2.seetacloud.com:8443/jupyter/static/lab/jlab_core.3e11c5239452d671150c.js?v=3e11c5239452d671150c:2:1066973)
    at n (https://a1078485-a3ae-cd3fe9bf.nmb2.seetacloud.com:8443/jupyter/static/lab/jlab_core.3e11c5239452d671150c.js?v=3e11c5239452d671150c:2:1065065)
    at a.list (https://a1078485-a3ae-cd3fe9bf.nmb2.seetacloud.com:8443/jupyter/static/lab/jlab_core.3e11c5239452d671150c.js?v=3e11c5239452d671150c:2:1080328)
    at F.list (https://a1078485-a3ae-cd3fe9bf.nmb2.seetacloud.com:8443/jupyter/static/lab/jlab_core.3e11c5239452d671150c.js?v=3e11c5239452d671150c:2:72489)
    at activate (https://a1078485-a3ae-cd3fe9bf.nmb2.seetacloud.com:8443/jupyter/static/lab/jlab_core.3e11c5239452d671150c.js?v=3e11c5239452d671150c:2:72881)
    at https://a1078485-a3ae-cd3fe9bf.nmb2.seetacloud.com:8443/jupyter/static/lab/jlab_core.3e11c5239452d671150c.js?v=3e11c5239452d671150c:2:1397922 @ https://a1078485-a3ae-cd3fe9bf.nmb2.seetacloud.com:8443/jupyter/static/lab/jlab_core.3e11c5239452d671150c.js?v=3e11c5239452d671150c:1
[    1073ms] [ERROR] Plugin '@jupyterlab/fileeditor-extension:plugin' failed to activate. @ https://a1078485-a3ae-cd3fe9bf.nmb2.seetacloud.com:8443/jupyter/static/lab/jlab_core.3e11c5239452d671150c.js?v=3e11c5239452d671150c:1
[    1073ms] [ERROR] TypeError: Failed to fetch
    at Object.n [as handleRequest] (https://a1078485-a3ae-cd3fe9bf.nmb2.seetacloud.com:8443/jupyter/static/lab/jlab_core.3e11c5239452d671150c.js?v=3e11c5239452d671150c:2:1066973)
    at n (https://a1078485-a3ae-cd3fe9bf.nmb2.seetacloud.com:8443/jupyter/static/lab/jlab_core.3e11c5239452d671150c.js?v=3e11c5239452d671150c:2:1065065)
    at a.list (https://a1078485-a3ae-cd3fe9bf.nmb2.seetacloud.com:8443/jupyter/static/lab/jlab_core.3e11c5239452d671150c.js?v=3e11c5239452d671150c:2:1080328)
    at F.list (https://a1078485-a3ae-cd3fe9bf.nmb2.seetacloud.com:8443/jupyter/static/lab/jlab_core.3e11c5239452d671150c.js?v=3e11c5239452d671150c:2:72489)
    at activate (https://a1078485-a3ae-cd3fe9bf.nmb2.seetacloud.com:8443/jupyter/static/lab/jlab_core.3e11c5239452d671150c.js?v=3e11c5239452d671150c:2:72881)
    at https://a1078485-a3ae-cd3fe9bf.nmb2.seetacloud.com:8443/jupyter/static/lab/jlab_core.3e11c5239452d671150c.js?v=3e11c5239452d671150c:2:1397922 @ https://a1078485-a3ae-cd3fe9bf.nmb2.seetacloud.com:8443/jupyter/static/lab/jlab_core.3e11c5239452d671150c.js?v=3e11c5239452d671150c:1
[    1073ms] [ERROR] TypeError: Failed to fetch
    at Object.n [as handleRequest] (https://a1078485-a3ae-cd3fe9bf.nmb2.seetacloud.com:8443/jupyter/static/lab/jlab_core.3e11c5239452d671150c.js?v=3e11c5239452d671150c:2:1066973)
    at n (https://a1078485-a3ae-cd3fe9bf.nmb2.seetacloud.com:8443/jupyter/static/lab/jlab_core.3e11c5239452d671150c.js?v=3e11c5239452d671150c:2:1065065)
    at a.list (https://a1078485-a3ae-cd3fe9bf.nmb2.seetacloud.com:8443/jupyter/static/lab/jlab_core.3e11c5239452d671150c.js?v=3e11c5239452d671150c:2:1080328)
    at F.list (https://a1078485-a3ae-cd3fe9bf.nmb2.seetacloud.com:8443/jupyter/static/lab/jlab_core.3e11c5239452d671150c.js?v=3e11c5239452d671150c:2:72489)
    at activate (https://a1078485-a3ae-cd3fe9bf.nmb2.seetacloud.com:8443/jupyter/static/lab/jlab_core.3e11c5239452d671150c.js?v=3e11c5239452d671150c:2:72881)
    at https://a1078485-a3ae-cd3fe9bf.nmb2.seetacloud.com:8443/jupyter/static/lab/jlab_core.3e11c5239452d671150c.js?v=3e11c5239452d671150c:2:1397922 @ https://a1078485-a3ae-cd3fe9bf.nmb2.seetacloud.com:8443/jupyter/static/lab/jlab_core.3e11c5239452d671150c.js?v=3e11c5239452d671150c:1
[    1073ms] [ERROR] TypeError: Failed to fetch
    at Object.n [as handleRequest] (https://a1078485-a3ae-cd3fe9bf.nmb2.seetacloud.com:8443/jupyter/static/lab/jlab_core.3e11c5239452d671150c.js?v=3e11c5239452d671150c:2:1066973)
    at n (https://a1078485-a3ae-cd3fe9bf.nmb2.seetacloud.com:8443/jupyter/static/lab/jlab_core.3e11c5239452d671150c.js?v=3e11c5239452d671150c:2:1065065)
    at a.list (https://a1078485-a3ae-cd3fe9bf.nmb2.seetacloud.com:8443/jupyter/static/lab/jlab_core.3e11c5239452d671150c.js?v=3e11c5239452d671150c:2:1080328)
    at F.list (https://a1078485-a3ae-cd3fe9bf.nmb2.seetacloud.com:8443/jupyter/static/lab/jlab_core.3e11c5239452d671150c.js?v=3e11c5239452d671150c:2:72489)
    at activate (https://a1078485-a3ae-cd3fe9bf.nmb2.seetacloud.com:8443/jupyter/static/lab/jlab_core.3e11c5239452d671150c.js?v=3e11c5239452d671150c:2:72881)
    at https://a1078485-a3ae-cd3fe9bf.nmb2.seetacloud.com:8443/jupyter/static/lab/jlab_core.3e11c5239452d671150c.js?v=3e11c5239452d671150c:2:1397922 @ https://a1078485-a3ae-cd3fe9bf.nmb2.seetacloud.com:8443/jupyter/static/lab/jlab_core.3e11c5239452d671150c.js?v=3e11c5239452d671150c:1
[    1073ms] [ERROR] Plugin '@jupyterlab/console-extension:tracker' failed to activate. @ https://a1078485-a3ae-cd3fe9bf.nmb2.seetacloud.com:8443/jupyter/static/lab/jlab_core.3e11c5239452d671150c.js?v=3e11c5239452d671150c:1
[    1074ms] [ERROR] TypeError: Failed to fetch
    at Object.n [as handleRequest] (https://a1078485-a3ae-cd3fe9bf.nmb2.seetacloud.com:8443/jupyter/static/lab/jlab_core.3e11c5239452d671150c.js?v=3e11c5239452d671150c:2:1066973)
    at n (https://a1078485-a3ae-cd3fe9bf.nmb2.seetacloud.com:8443/jupyter/static/lab/jlab_core.3e11c5239452d671150c.js?v=3e11c5239452d671150c:2:1065065)
    at a.list (https://a1078485-a3ae-cd3fe9bf.nmb2.seetacloud.com:8443/jupyter/static/lab/jlab_core.3e11c5239452d671150c.js?v=3e11c5239452d671150c:2:1080328)
    at F.list (https://a1078485-a3ae-cd3fe9bf.nmb2.seetacloud.com:8443/jupyter/static/lab/jlab_core.3e11c5239452d671150c.js?v=3e11c5239452d671150c:2:72489)
    at activate (https://a1078485-a3ae-cd3fe9bf.nmb2.seetacloud.com:8443/jupyter/static/lab/jlab_core.3e11c5239452d671150c.js?v=3e11c5239452d671150c:2:72881)
    at https://a1078485-a3ae-cd3fe9bf.nmb2.seetacloud.com:8443/jupyter/static/lab/jlab_core.3e11c5239452d671150c.js?v=3e11c5239452d671150c:2:1397922 @ https://a1078485-a3ae-cd3fe9bf.nmb2.seetacloud.com:8443/jupyter/static/lab/jlab_core.3e11c5239452d671150c.js?v=3e11c5239452d671150c:1
[    1074ms] [ERROR] TypeError: Failed to fetch
    at Object.n [as handleRequest] (https://a1078485-a3ae-cd3fe9bf.nmb2.seetacloud.com:8443/jupyter/static/lab/jlab_core.3e11c5239452d671150c.js?v=3e11c5239452d671150c:2:1066973)
    at n (https://a1078485-a3ae-cd3fe9bf.nmb2.seetacloud.com:8443/jupyter/static/lab/jlab_core.3e11c5239452d671150c.js?v=3e11c5239452d671150c:2:1065065)
    at a.list (https://a1078485-a3ae-cd3fe9bf.nmb2.seetacloud.com:8443/jupyter/static/lab/jlab_core.3e11c5239452d671150c.js?v=3e11c5239452d671150c:2:1080328)
    at F.list (https://a1078485-a3ae-cd3fe9bf.nmb2.seetacloud.com:8443/jupyter/static/lab/jlab_core.3e11c5239452d671150c.js?v=3e11c5239452d671150c:2:72489)
    at activate (https://a1078485-a3ae-cd3fe9bf.nmb2.seetacloud.com:8443/jupyter/static/lab/jlab_core.3e11c5239452d671150c.js?v=3e11c5239452d671150c:2:72881)
    at https://a1078485-a3ae-cd3fe9bf.nmb2.seetacloud.com:8443/jupyter/static/lab/jlab_core.3e11c5239452d671150c.js?v=3e11c5239452d671150c:2:1397922 @ https://a1078485-a3ae-cd3fe9bf.nmb2.seetacloud.com:8443/jupyter/static/lab/jlab_core.3e11c5239452d671150c.js?v=3e11c5239452d671150c:1
[    1074ms] [ERROR] Plugin '@jupyterlab/codemirror-extension:commands' failed to activate. @ https://a1078485-a3ae-cd3fe9bf.nmb2.seetacloud.com:8443/jupyter/static/lab/jlab_core.3e11c5239452d671150c.js?v=3e11c5239452d671150c:1
[    1074ms] [ERROR] TypeError: Failed to fetch
    at Object.n [as handleRequest] (https://a1078485-a3ae-cd3fe9bf.nmb2.seetacloud.com:8443/jupyter/static/lab/jlab_core.3e11c5239452d671150c.js?v=3e11c5239452d671150c:2:1066973)
    at n (https://a1078485-a3ae-cd3fe9bf.nmb2.seetacloud.com:8443/jupyter/static/lab/jlab_core.3e11c5239452d671150c.js?v=3e11c5239452d671150c:2:1065065)
    at a.list (https://a1078485-a3ae-cd3fe9bf.nmb2.seetacloud.com:8443/jupyter/static/lab/jlab_core.3e11c5239452d671150c.js?v=3e11c5239452d671150c:2:1080328)
    at F.list (https://a1078485-a3ae-cd3fe9bf.nmb2.seetacloud.com:8443/jupyter/static/lab/jlab_core.3e11c5239452d671150c.js?v=3e11c5239452d671150c:2:72489)
    at activate (https://a1078485-a3ae-cd3fe9bf.nmb2.seetacloud.com:8443/jupyter/static/lab/jlab_core.3e11c5239452d671150c.js?v=3e11c5239452d671150c:2:72881)
    at https://a1078485-a3ae-cd3fe9bf.nmb2.seetacloud.com:8443/jupyter/static/lab/jlab_core.3e11c5239452d671150c.js?v=3e11c5239452d671150c:2:1397922 @ https://a1078485-a3ae-cd3fe9bf.nmb2.seetacloud.com:8443/jupyter/static/lab/jlab_core.3e11c5239452d671150c.js?v=3e11c5239452d671150c:1
[    1074ms] [ERROR] Plugin '@jupyterlab/console-extension:foreign' failed to activate. @ https://a1078485-a3ae-cd3fe9bf.nmb2.seetacloud.com:8443/jupyter/static/lab/jlab_core.3e11c5239452d671150c.js?v=3e11c5239452d671150c:1
[    1074ms] [ERROR] TypeError: Failed to fetch
    at Object.n [as handleRequest] (https://a1078485-a3ae-cd3fe9bf.nmb2.seetacloud.com:8443/jupyter/static/lab/jlab_core.3e11c5239452d671150c.js?v=3e11c5239452d671150c:2:1066973)
    at n (https://a1078485-a3ae-cd3fe9bf.nmb2.seetacloud.com:8443/jupyter/static/lab/jlab_core.3e11c5239452d671150c.js?v=3e11c5239452d671150c:2:1065065)
    at a.list (https://a1078485-a3ae-cd3fe9bf.nmb2.seetacloud.com:8443/jupyter/static/lab/jlab_core.3e11c5239452d671150c.js?v=3e11c5239452d671150c:2:1080328)
    at F.list (https://a1078485-a3ae-cd3fe9bf.nmb2.seetacloud.com:8443/jupyter/static/lab/jlab_core.3e11c5239452d671150c.js?v=3e11c5239452d671150c:2:72489)
    at activate (https://a1078485-a3ae-cd3fe9bf.nmb2.seetacloud.com:8443/jupyter/static/lab/jlab_core.3e11c5239452d671150c.js?v=3e11c5239452d671150c:2:72881)
    at https://a1078485-a3ae-cd3fe9bf.nmb2.seetacloud.com:8443/jupyter/static/lab/jlab_core.3e11c5239452d671150c.js?v=3e11c5239452d671150c:2:1397922 @ https://a1078485-a3ae-cd3fe9bf.nmb2.seetacloud.com:8443/jupyter/static/lab/jlab_core.3e11c5239452d671150c.js?v=3e11c5239452d671150c:1
[    1074ms] [ERROR] Plugin '@jupyterlab/extensionmanager-extension:plugin' failed to activate. @ https://a1078485-a3ae-cd3fe9bf.nmb2.seetacloud.com:8443/jupyter/static/lab/jlab_core.3e11c5239452d671150c.js?v=3e11c5239452d671150c:1
[    1074ms] [ERROR] TypeError: Failed to fetch
    at Object.n [as handleRequest] (https://a1078485-a3ae-cd3fe9bf.nmb2.seetacloud.com:8443/jupyter/static/lab/jlab_core.3e11c5239452d671150c.js?v=3e11c5239452d671150c:2:1066973)
    at n (https://a1078485-a3ae-cd3fe9bf.nmb2.seetacloud.com:8443/jupyter/static/lab/jlab_core.3e11c5239452d671150c.js?v=3e11c5239452d671150c:2:1065065)
    at a.list (https://a1078485-a3ae-cd3fe9bf.nmb2.seetacloud.com:8443/jupyter/static/lab/jlab_core.3e11c5239452d671150c.js?v=3e11c5239452d671150c:2:1080328)
    at F.list (https://a1078485-a3ae-cd3fe9bf.nmb2.seetacloud.com:8443/jupyter/static/lab/jlab_core.3e11c5239452d671150c.js?v=3e11c5239452d671150c:2:72489)
    at activate (https://a1078485-a3ae-cd3fe9bf.nmb2.seetacloud.com:8443/jupyter/static/lab/jlab_core.3e11c5239452d671150c.js?v=3e11c5239452d671150c:2:72881)
    at https://a1078485-a3ae-cd3fe9bf.nmb2.seetacloud.com:8443/jupyter/static/lab/jlab_core.3e11c5239452d671150c.js?v=3e11c5239452d671150c:2:1397922 @ https://a1078485-a3ae-cd3fe9bf.nmb2.seetacloud.com:8443/jupyter/static/lab/jlab_core.3e11c5239452d671150c.js?v=3e11c5239452d671150c:1
[    1074ms] [ERROR] Plugin '@jupyterlab/filebrowser-extension:widget' failed to activate. @ https://a1078485-a3ae-cd3fe9bf.nmb2.seetacloud.com:8443/jupyter/static/lab/jlab_core.3e11c5239452d671150c.js?v=3e11c5239452d671150c:1
[    1074ms] [ERROR] TypeError: Failed to fetch
    at Object.n [as handleRequest] (https://a1078485-a3ae-cd3fe9bf.nmb2.seetacloud.com:8443/jupyter/static/lab/jlab_core.3e11c5239452d671150c.js?v=3e11c5239452d671150c:2:1066973)
    at n (https://a1078485-a3ae-cd3fe9bf.nmb2.seetacloud.com:8443/jupyter/static/lab/jlab_core.3e11c5239452d671150c.js?v=3e11c5239452d671150c:2:1065065)
    at a.list (https://a1078485-a3ae-cd3fe9bf.nmb2.seetacloud.com:8443/jupyter/static/lab/jlab_core.3e11c5239452d671150c.js?v=3e11c5239452d671150c:2:1080328)
    at F.list (https://a1078485-a3ae-cd3fe9bf.nmb2.seetacloud.com:8443/jupyter/static/lab/jlab_core.3e11c5239452d671150c.js?v=3e11c5239452d671150c:2:72489)
    at activate (https://a1078485-a3ae-cd3fe9bf.nmb2.seetacloud.com:8443/jupyter/static/lab/jlab_core.3e11c5239452d671150c.js?v=3e11c5239452d671150c:2:72881)
    at https://a1078485-a3ae-cd3fe9bf.nmb2.seetacloud.com:8443/jupyter/static/lab/jlab_core.3e11c5239452d671150c.js?v=3e11c5239452d671150c:2:1397922 @ https://a1078485-a3ae-cd3fe9bf.nmb2.seetacloud.com:8443/jupyter/static/lab/jlab_core.3e11c5239452d671150c.js?v=3e11c5239452d671150c:1
[    1074ms] [ERROR] Plugin '@jupyterlab/fileeditor-extension:tab-space-status' failed to activate. @ https://a1078485-a3ae-cd3fe9bf.nmb2.seetacloud.com:8443/jupyter/static/lab/jlab_core.3e11c5239452d671150c.js?v=3e11c5239452d671150c:1
[    1074ms] [ERROR] TypeError: Failed to fetch
    at Object.n [as handleRequest] (https://a1078485-a3ae-cd3fe9bf.nmb2.seetacloud.com:8443/jupyter/static/lab/jlab_core.3e11c5239452d671150c.js?v=3e11c5239452d671150c:2:1066973)
    at n (https://a1078485-a3ae-cd3fe9bf.nmb2.seetacloud.com:8443/jupyter/static/lab/jlab_core.3e11c5239452d671150c.js?v=3e11c5239452d671150c:2:1065065)
    at a.list (https://a1078485-a3ae-cd3fe9bf.nmb2.seetacloud.com:8443/jupyter/static/lab/jlab_core.3e11c5239452d671150c.js?v=3e11c5239452d671150c:2:1080328)
    at F.list (https://a1078485-a3ae-cd3fe9bf.nmb2.seetacloud.com:8443/jupyter/static/lab/jlab_core.3e11c5239452d671150c.js?v=3e11c5239452d671150c:2:72489)
    at activate (https://a1078485-a3ae-cd3fe9bf.nmb2.seetacloud.com:8443/jupyter/static/lab/jlab_core.3e11c5239452d671150c.js?v=3e11c5239452d671150c:2:72881)
    at https://a1078485-a3ae-cd3fe9bf.nmb2.seetacloud.com:8443/jupyter/static/lab/jlab_core.3e11c5239452d671150c.js?v=3e11c5239452d671150c:2:1397922 @ https://a1078485-a3ae-cd3fe9bf.nmb2.seetacloud.com:8443/jupyter/static/lab/jlab_core.3e11c5239452d671150c.js?v=3e11c5239452d671150c:1
[    1074ms] [ERROR] Plugin '@jupyterlab/settingeditor-extension:form-ui' failed to activate. @ https://a1078485-a3ae-cd3fe9bf.nmb2.seetacloud.com:8443/jupyter/static/lab/jlab_core.3e11c5239452d671150c.js?v=3e11c5239452d671150c:1
[    1074ms] [ERROR] TypeError: Failed to fetch
    at Object.n [as handleRequest] (https://a1078485-a3ae-cd3fe9bf.nmb2.seetacloud.com:8443/jupyter/static/lab/jlab_core.3e11c5239452d671150c.js?v=3e11c5239452d671150c:2:1066973)
    at n (https://a1078485-a3ae-cd3fe9bf.nmb2.seetacloud.com:8443/jupyter/static/lab/jlab_core.3e11c5239452d671150c.js?v=3e11c5239452d671150c:2:1065065)
    at a.list (https://a1078485-a3ae-cd3fe9bf.nmb2.seetacloud.com:8443/jupyter/static/lab/jlab_core.3e11c5239452d671150c.js?v=3e11c5239452d671150c:2:1080328)
    at F.list (https://a1078485-a3ae-cd3fe9bf.nmb2.seetacloud.com:8443/jupyter/static/lab/jlab_core.3e11c5239452d671150c.js?v=3e11c5239452d671150c:2:72489)
    at activate (https://a1078485-a3ae-cd3fe9bf.nmb2.seetacloud.com:8443/jupyter/static/lab/jlab_core.3e11c5239452d671150c.js?v=3e11c5239452d671150c:2:72881)
    at https://a1078485-a3ae-cd3fe9bf.nmb2.seetacloud.com:8443/jupyter/static/lab/jlab_core.3e11c5239452d671150c.js?v=3e11c5239452d671150c:2:1397922 @ https://a1078485-a3ae-cd3fe9bf.nmb2.seetacloud.com:8443/jupyter/static/lab/jlab_core.3e11c5239452d671150c.js?v=3e11c5239452d671150c:1
[    1074ms] [ERROR] TypeError: Failed to fetch
    at Object.n [as handleRequest] (https://a1078485-a3ae-cd3fe9bf.nmb2.seetacloud.com:8443/jupyter/static/lab/jlab_core.3e11c5239452d671150c.js?v=3e11c5239452d671150c:2:1066973)
    at n (https://a1078485-a3ae-cd3fe9bf.nmb2.seetacloud.com:8443/jupyter/static/lab/jlab_core.3e11c5239452d671150c.js?v=3e11c5239452d671150c:2:1065065)
    at a.list (https://a1078485-a3ae-cd3fe9bf.nmb2.seetacloud.com:8443/jupyter/static/lab/jlab_core.3e11c5239452d671150c.js?v=3e11c5239452d671150c:2:1080328)
    at F.list (https://a1078485-a3ae-cd3fe9bf.nmb2.seetacloud.com:8443/jupyter/static/lab/jlab_core.3e11c5239452d671150c.js?v=3e11c5239452d671150c:2:72489)
    at activate (https://a1078485-a3ae-cd3fe9bf.nmb2.seetacloud.com:8443/jupyter/static/lab/jlab_core.3e11c5239452d671150c.js?v=3e11c5239452d671150c:2:72881)
    at https://a1078485-a3ae-cd3fe9bf.nmb2.seetacloud.com:8443/jupyter/static/lab/jlab_core.3e11c5239452d671150c.js?v=3e11c5239452d671150c:2:1397922 @ https://a1078485-a3ae-cd3fe9bf.nmb2.seetacloud.com:8443/jupyter/static/lab/jlab_core.3e11c5239452d671150c.js?v=3e11c5239452d671150c:1
[    1074ms] [ERROR] Plugin '@jupyterlab/settingeditor-extension:plugin' failed to activate. @ https://a1078485-a3ae-cd3fe9bf.nmb2.seetacloud.com:8443/jupyter/static/lab/jlab_core.3e11c5239452d671150c.js?v=3e11c5239452d671150c:1
[    1074ms] [ERROR] TypeError: Failed to fetch
    at Object.n [as handleRequest] (https://a1078485-a3ae-cd3fe9bf.nmb2.seetacloud.com:8443/jupyter/static/lab/jlab_core.3e11c5239452d671150c.js?v=3e11c5239452d671150c:2:1066973)
    at n (https://a1078485-a3ae-cd3fe9bf.nmb2.seetacloud.com:8443/jupyter/static/lab/jlab_core.3e11c5239452d671150c.js?v=3e11c5239452d671150c:2:1065065)
    at a.list (https://a1078485-a3ae-cd3fe9bf.nmb2.seetacloud.com:8443/jupyter/static/lab/jlab_core.3e11c5239452d671150c.js?v=3e11c5239452d671150c:2:1080328)
    at F.list (https://a1078485-a3ae-cd3fe9bf.nmb2.seetacloud.com:8443/jupyter/static/lab/jlab_core.3e11c5239452d671150c.js?v=3e11c5239452d671150c:2:72489)
    at activate (https://a1078485-a3ae-cd3fe9bf.nmb2.seetacloud.com:8443/jupyter/static/lab/jlab_core.3e11c5239452d671150c.js?v=3e11c5239452d671150c:2:72881)
    at https://a1078485-a3ae-cd3fe9bf.nmb2.seetacloud.com:8443/jupyter/static/lab/jlab_core.3e11c5239452d671150c.js?v=3e11c5239452d671150c:2:1397922 @ https://a1078485-a3ae-cd3fe9bf.nmb2.seetacloud.com:8443/jupyter/static/lab/jlab_core.3e11c5239452d671150c.js?v=3e11c5239452d671150c:1
[    1074ms] [ERROR] Plugin '@jupyterlab/shortcuts-extension:shortcuts' failed to activate. @ https://a1078485-a3ae-cd3fe9bf.nmb2.seetacloud.com:8443/jupyter/static/lab/jlab_core.3e11c5239452d671150c.js?v=3e11c5239452d671150c:1
[    1074ms] [ERROR] TypeError: Failed to fetch
    at Object.n [as handleRequest] (https://a1078485-a3ae-cd3fe9bf.nmb2.seetacloud.com:8443/jupyter/static/lab/jlab_core.3e11c5239452d671150c.js?v=3e11c5239452d671150c:2:1066973)
    at n (https://a1078485-a3ae-cd3fe9bf.nmb2.seetacloud.com:8443/jupyter/static/lab/jlab_core.3e11c5239452d671150c.js?v=3e11c5239452d671150c:2:1065065)
    at a.list (https://a1078485-a3ae-cd3fe9bf.nmb2.seetacloud.com:8443/jupyter/static/lab/jlab_core.3e11c5239452d671150c.js?v=3e11c5239452d671150c:2:1080328)
    at F.list (https://a1078485-a3ae-cd3fe9bf.nmb2.seetacloud.com:8443/jupyter/static/lab/jlab_core.3e11c5239452d671150c.js?v=3e11c5239452d671150c:2:72489)
    at activate (https://a1078485-a3ae-cd3fe9bf.nmb2.seetacloud.com:8443/jupyter/static/lab/jlab_core.3e11c5239452d671150c.js?v=3e11c5239452d671150c:2:72881)
    at https://a1078485-a3ae-cd3fe9bf.nmb2.seetacloud.com:8443/jupyter/static/lab/jlab_core.3e11c5239452d671150c.js?v=3e11c5239452d671150c:2:1397922 @ https://a1078485-a3ae-cd3fe9bf.nmb2.seetacloud.com:8443/jupyter/static/lab/jlab_core.3e11c5239452d671150c.js?v=3e11c5239452d671150c:1
[    1074ms] [ERROR] Plugin '@jupyterlab/terminal-extension:plugin' failed to activate. @ https://a1078485-a3ae-cd3fe9bf.nmb2.seetacloud.com:8443/jupyter/static/lab/jlab_core.3e11c5239452d671150c.js?v=3e11c5239452d671150c:1
[    1074ms] [ERROR] TypeError: Failed to fetch
    at Object.n [as handleRequest] (https://a1078485-a3ae-cd3fe9bf.nmb2.seetacloud.com:8443/jupyter/static/lab/jlab_core.3e11c5239452d671150c.js?v=3e11c5239452d671150c:2:1066973)
    at n (https://a1078485-a3ae-cd3fe9bf.nmb2.seetacloud.com:8443/jupyter/static/lab/jlab_core.3e11c5239452d671150c.js?v=3e11c5239452d671150c:2:1065065)
    at a.list (https://a1078485-a3ae-cd3fe9bf.nmb2.seetacloud.com:8443/jupyter/static/lab/jlab_core.3e11c5239452d671150c.js?v=3e11c5239452d671150c:2:1080328)
    at F.list (https://a1078485-a3ae-cd3fe9bf.nmb2.seetacloud.com:8443/jupyter/static/lab/jlab_core.3e11c5239452d671150c.js?v=3e11c5239452d671150c:2:72489)
    at activate (https://a1078485-a3ae-cd3fe9bf.nmb2.seetacloud.com:8443/jupyter/static/lab/jlab_core.3e11c5239452d671150c.js?v=3e11c5239452d671150c:2:72881)
    at https://a1078485-a3ae-cd3fe9bf.nmb2.seetacloud.com:8443/jupyter/static/lab/jlab_core.3e11c5239452d671150c.js?v=3e11c5239452d671150c:2:1397922 @ https://a1078485-a3ae-cd3fe9bf.nmb2.seetacloud.com:8443/jupyter/static/lab/jlab_core.3e11c5239452d671150c.js?v=3e11c5239452d671150c:1
[    1074ms] [ERROR] Plugin '@jupyterlab/translation-extension:plugin' failed to activate. @ https://a1078485-a3ae-cd3fe9bf.nmb2.seetacloud.com:8443/jupyter/static/lab/jlab_core.3e11c5239452d671150c.js?v=3e11c5239452d671150c:1
[    1074ms] [ERROR] TypeError: Failed to fetch
    at Object.n [as handleRequest] (https://a1078485-a3ae-cd3fe9bf.nmb2.seetacloud.com:8443/jupyter/static/lab/jlab_core.3e11c5239452d671150c.js?v=3e11c5239452d671150c:2:1066973)
    at n (https://a1078485-a3ae-cd3fe9bf.nmb2.seetacloud.com:8443/jupyter/static/lab/jlab_core.3e11c5239452d671150c.js?v=3e11c5239452d671150c:2:1065065)
    at a.list (https://a1078485-a3ae-cd3fe9bf.nmb2.seetacloud.com:8443/jupyter/static/lab/jlab_core.3e11c5239452d671150c.js?v=3e11c5239452d671150c:2:1080328)
    at F.list (https://a1078485-a3ae-cd3fe9bf.nmb2.seetacloud.com:8443/jupyter/static/lab/jlab_core.3e11c5239452d671150c.js?v=3e11c5239452d671150c:2:72489)
    at activate (https://a1078485-a3ae-cd3fe9bf.nmb2.seetacloud.com:8443/jupyter/static/lab/jlab_core.3e11c5239452d671150c.js?v=3e11c5239452d671150c:2:72881)
    at https://a1078485-a3ae-cd3fe9bf.nmb2.seetacloud.com:8443/jupyter/static/lab/jlab_core.3e11c5239452d671150c.js?v=3e11c5239452d671150c:2:1397922 @ https://a1078485-a3ae-cd3fe9bf.nmb2.seetacloud.com:8443/jupyter/static/lab/jlab_core.3e11c5239452d671150c.js?v=3e11c5239452d671150c:1
[    1075ms] [ERROR] TypeError: Failed to fetch
    at Object.n [as handleRequest] (https://a1078485-a3ae-cd3fe9bf.nmb2.seetacloud.com:8443/jupyter/static/lab/jlab_core.3e11c5239452d671150c.js?v=3e11c5239452d671150c:2:1066973)
    at n (https://a1078485-a3ae-cd3fe9bf.nmb2.seetacloud.com:8443/jupyter/static/lab/jlab_core.3e11c5239452d671150c.js?v=3e11c5239452d671150c:2:1065065)
    at a.list (https://a1078485-a3ae-cd3fe9bf.nmb2.seetacloud.com:8443/jupyter/static/lab/jlab_core.3e11c5239452d671150c.js?v=3e11c5239452d671150c:2:1080328)
    at F.list (https://a1078485-a3ae-cd3fe9bf.nmb2.seetacloud.com:8443/jupyter/static/lab/jlab_core.3e11c5239452d671150c.js?v=3e11c5239452d671150c:2:72489)
    at activate (https://a1078485-a3ae-cd3fe9bf.nmb2.seetacloud.com:8443/jupyter/static/lab/jlab_core.3e11c5239452d671150c.js?v=3e11c5239452d671150c:2:72881)
    at https://a1078485-a3ae-cd3fe9bf.nmb2.seetacloud.com:8443/jupyter/static/lab/jlab_core.3e11c5239452d671150c.js?v=3e11c5239452d671150c:2:1397922 @ https://a1078485-a3ae-cd3fe9bf.nmb2.seetacloud.com:8443/jupyter/static/lab/jlab_core.3e11c5239452d671150c.js?v=3e11c5239452d671150c:1
[    1076ms] [ERROR] Plugin '@jupyterlab/rendermime-extension:plugin' failed to activate. @ https://a1078485-a3ae-cd3fe9bf.nmb2.seetacloud.com:8443/jupyter/static/lab/jlab_core.3e11c5239452d671150c.js?v=3e11c5239452d671150c:1
[    1076ms] [ERROR] TypeError: Failed to fetch
    at Object.n [as handleRequest] (https://a1078485-a3ae-cd3fe9bf.nmb2.seetacloud.com:8443/jupyter/static/lab/jlab_core.3e11c5239452d671150c.js?v=3e11c5239452d671150c:2:1066973)
    at n (https://a1078485-a3ae-cd3fe9bf.nmb2.seetacloud.com:8443/jupyter/static/lab/jlab_core.3e11c5239452d671150c.js?v=3e11c5239452d671150c:2:1065065)
    at a.list (https://a1078485-a3ae-cd3fe9bf.nmb2.seetacloud.com:8443/jupyter/static/lab/jlab_core.3e11c5239452d671150c.js?v=3e11c5239452d671150c:2:1080328)
    at F.list (https://a1078485-a3ae-cd3fe9bf.nmb2.seetacloud.com:8443/jupyter/static/lab/jlab_core.3e11c5239452d671150c.js?v=3e11c5239452d671150c:2:72489)
    at activate (https://a1078485-a3ae-cd3fe9bf.nmb2.seetacloud.com:8443/jupyter/static/lab/jlab_core.3e11c5239452d671150c.js?v=3e11c5239452d671150c:2:72881)
    at https://a1078485-a3ae-cd3fe9bf.nmb2.seetacloud.com:8443/jupyter/static/lab/jlab_core.3e11c5239452d671150c.js?v=3e11c5239452d671150c:2:1397922 @ https://a1078485-a3ae-cd3fe9bf.nmb2.seetacloud.com:8443/jupyter/static/lab/jlab_core.3e11c5239452d671150c.js?v=3e11c5239452d671150c:1
[    1076ms] [ERROR] TypeError: Failed to fetch
    at Object.n [as handleRequest] (https://a1078485-a3ae-cd3fe9bf.nmb2.seetacloud.com:8443/jupyter/static/lab/jlab_core.3e11c5239452d671150c.js?v=3e11c5239452d671150c:2:1066973)
    at n (https://a1078485-a3ae-cd3fe9bf.nmb2.seetacloud.com:8443/jupyter/static/lab/jlab_core.3e11c5239452d671150c.js?v=3e11c5239452d671150c:2:1065065)
    at a.list (https://a1078485-a3ae-cd3fe9bf.nmb2.seetacloud.com:8443/jupyter/static/lab/jlab_core.3e11c5239452d671150c.js?v=3e11c5239452d671150c:2:1080328)
    at F.list (https://a1078485-a3ae-cd3fe9bf.nmb2.seetacloud.com:8443/jupyter/static/lab/jlab_core.3e11c5239452d671150c.js?v=3e11c5239452d671150c:2:72489)
    at activate (https://a1078485-a3ae-cd3fe9bf.nmb2.seetacloud.com:8443/jupyter/static/lab/jlab_core.3e11c5239452d671150c.js?v=3e11c5239452d671150c:2:72881)
    at https://a1078485-a3ae-cd3fe9bf.nmb2.seetacloud.com:8443/jupyter/static/lab/jlab_core.3e11c5239452d671150c.js?v=3e11c5239452d671150c:2:1397922 @ https://a1078485-a3ae-cd3fe9bf.nmb2.seetacloud.com:8443/jupyter/static/lab/jlab_core.3e11c5239452d671150c.js?v=3e11c5239452d671150c:1
[    1076ms] [ERROR] TypeError: Failed to fetch
    at Object.n [as handleRequest] (https://a1078485-a3ae-cd3fe9bf.nmb2.seetacloud.com:8443/jupyter/static/lab/jlab_core.3e11c5239452d671150c.js?v=3e11c5239452d671150c:2:1066973)
    at n (https://a1078485-a3ae-cd3fe9bf.nmb2.seetacloud.com:8443/jupyter/static/lab/jlab_core.3e11c5239452d671150c.js?v=3e11c5239452d671150c:2:1065065)
    at a.list (https://a1078485-a3ae-cd3fe9bf.nmb2.seetacloud.com:8443/jupyter/static/lab/jlab_core.3e11c5239452d671150c.js?v=3e11c5239452d671150c:2:1080328)
    at F.list (https://a1078485-a3ae-cd3fe9bf.nmb2.seetacloud.com:8443/jupyter/static/lab/jlab_core.3e11c5239452d671150c.js?v=3e11c5239452d671150c:2:72489)
    at activate (https://a1078485-a3ae-cd3fe9bf.nmb2.seetacloud.com:8443/jupyter/static/lab/jlab_core.3e11c5239452d671150c.js?v=3e11c5239452d671150c:2:72881)
    at https://a1078485-a3ae-cd3fe9bf.nmb2.seetacloud.com:8443/jupyter/static/lab/jlab_core.3e11c5239452d671150c.js?v=3e11c5239452d671150c:2:1397922 @ https://a1078485-a3ae-cd3fe9bf.nmb2.seetacloud.com:8443/jupyter/static/lab/jlab_core.3e11c5239452d671150c.js?v=3e11c5239452d671150c:1
[    1076ms] [ERROR] TypeError: Failed to fetch
    at Object.n [as handleRequest] (https://a1078485-a3ae-cd3fe9bf.nmb2.seetacloud.com:8443/jupyter/static/lab/jlab_core.3e11c5239452d671150c.js?v=3e11c5239452d671150c:2:1066973)
    at n (https://a1078485-a3ae-cd3fe9bf.nmb2.seetacloud.com:8443/jupyter/static/lab/jlab_core.3e11c5239452d671150c.js?v=3e11c5239452d671150c:2:1065065)
    at a.list (https://a1078485-a3ae-cd3fe9bf.nmb2.seetacloud.com:8443/jupyter/static/lab/jlab_core.3e11c5239452d671150c.js?v=3e11c5239452d671150c:2:1080328)
    at F.list (https://a1078485-a3ae-cd3fe9bf.nmb2.seetacloud.com:8443/jupyter/static/lab/jlab_core.3e11c5239452d671150c.js?v=3e11c5239452d671150c:2:72489)
    at activate (https://a1078485-a3ae-cd3fe9bf.nmb2.seetacloud.com:8443/jupyter/static/lab/jlab_core.3e11c5239452d671150c.js?v=3e11c5239452d671150c:2:72881)
    at https://a1078485-a3ae-cd3fe9bf.nmb2.seetacloud.com:8443/jupyter/static/lab/jlab_core.3e11c5239452d671150c.js?v=3e11c5239452d671150c:2:1397922 @ https://a1078485-a3ae-cd3fe9bf.nmb2.seetacloud.com:8443/jupyter/static/lab/jlab_core.3e11c5239452d671150c.js?v=3e11c5239452d671150c:1
[    1076ms] [ERROR] Plugin '@jupyterlab/apputils-extension:palette' failed to activate. @ https://a1078485-a3ae-cd3fe9bf.nmb2.seetacloud.com:8443/jupyter/static/lab/jlab_core.3e11c5239452d671150c.js?v=3e11c5239452d671150c:1
[    1076ms] [ERROR] TypeError: Failed to fetch
    at Object.n [as handleRequest] (https://a1078485-a3ae-cd3fe9bf.nmb2.seetacloud.com:8443/jupyter/static/lab/jlab_core.3e11c5239452d671150c.js?v=3e11c5239452d671150c:2:1066973)
    at n (https://a1078485-a3ae-cd3fe9bf.nmb2.seetacloud.com:8443/jupyter/static/lab/jlab_core.3e11c5239452d671150c.js?v=3e11c5239452d671150c:2:1065065)
    at a.list (https://a1078485-a3ae-cd3fe9bf.nmb2.seetacloud.com:8443/jupyter/static/lab/jlab_core.3e11c5239452d671150c.js?v=3e11c5239452d671150c:2:1080328)
    at F.list (https://a1078485-a3ae-cd3fe9bf.nmb2.seetacloud.com:8443/jupyter/static/lab/jlab_core.3e11c5239452d671150c.js?v=3e11c5239452d671150c:2:72489)
    at activate (https://a1078485-a3ae-cd3fe9bf.nmb2.seetacloud.com:8443/jupyter/static/lab/jlab_core.3e11c5239452d671150c.js?v=3e11c5239452d671150c:2:72881)
    at https://a1078485-a3ae-cd3fe9bf.nmb2.seetacloud.com:8443/jupyter/static/lab/jlab_core.3e11c5239452d671150c.js?v=3e11c5239452d671150c:2:1397922 @ https://a1078485-a3ae-cd3fe9bf.nmb2.seetacloud.com:8443/jupyter/static/lab/jlab_core.3e11c5239452d671150c.js?v=3e11c5239452d671150c:1
[    1076ms] [ERROR] TypeError: Failed to fetch
    at Object.n [as handleRequest] (https://a1078485-a3ae-cd3fe9bf.nmb2.seetacloud.com:8443/jupyter/static/lab/jlab_core.3e11c5239452d671150c.js?v=3e11c5239452d671150c:2:1066973)
    at n (https://a1078485-a3ae-cd3fe9bf.nmb2.seetacloud.com:8443/jupyter/static/lab/jlab_core.3e11c5239452d671150c.js?v=3e11c5239452d671150c:2:1065065)
    at a.list (https://a1078485-a3ae-cd3fe9bf.nmb2.seetacloud.com:8443/jupyter/static/lab/jlab_core.3e11c5239452d671150c.js?v=3e11c5239452d671150c:2:1080328)
    at F.list (https://a1078485-a3ae-cd3fe9bf.nmb2.seetacloud.com:8443/jupyter/static/lab/jlab_core.3e11c5239452d671150c.js?v=3e11c5239452d671150c:2:72489)
    at activate (https://a1078485-a3ae-cd3fe9bf.nmb2.seetacloud.com:8443/jupyter/static/lab/jlab_core.3e11c5239452d671150c.js?v=3e11c5239452d671150c:2:72881)
    at https://a1078485-a3ae-cd3fe9bf.nmb2.seetacloud.com:8443/jupyter/static/lab/jlab_core.3e11c5239452d671150c.js?v=3e11c5239452d671150c:2:1397922 @ https://a1078485-a3ae-cd3fe9bf.nmb2.seetacloud.com:8443/jupyter/static/lab/jlab_core.3e11c5239452d671150c.js?v=3e11c5239452d671150c:1
[    1076ms] [ERROR] TypeError: Failed to fetch
    at Object.n [as handleRequest] (https://a1078485-a3ae-cd3fe9bf.nmb2.seetacloud.com:8443/jupyter/static/lab/jlab_core.3e11c5239452d671150c.js?v=3e11c5239452d671150c:2:1066973)
    at n (https://a1078485-a3ae-cd3fe9bf.nmb2.seetacloud.com:8443/jupyter/static/lab/jlab_core.3e11c5239452d671150c.js?v=3e11c5239452d671150c:2:1065065)
    at a.list (https://a1078485-a3ae-cd3fe9bf.nmb2.seetacloud.com:8443/jupyter/static/lab/jlab_core.3e11c5239452d671150c.js?v=3e11c5239452d671150c:2:1080328)
    at F.list (https://a1078485-a3ae-cd3fe9bf.nmb2.seetacloud.com:8443/jupyter/static/lab/jlab_core.3e11c5239452d671150c.js?v=3e11c5239452d671150c:2:72489)
    at activate (https://a1078485-a3ae-cd3fe9bf.nmb2.seetacloud.com:8443/jupyter/static/lab/jlab_core.3e11c5239452d671150c.js?v=3e11c5239452d671150c:2:72881)
    at https://a1078485-a3ae-cd3fe9bf.nmb2.seetacloud.com:8443/jupyter/static/lab/jlab_core.3e11c5239452d671150c.js?v=3e11c5239452d671150c:2:1397922 @ https://a1078485-a3ae-cd3fe9bf.nmb2.seetacloud.com:8443/jupyter/static/lab/jlab_core.3e11c5239452d671150c.js?v=3e11c5239452d671150c:1
[    1076ms] [ERROR] TypeError: Failed to fetch
    at Object.n [as handleRequest] (https://a1078485-a3ae-cd3fe9bf.nmb2.seetacloud.com:8443/jupyter/static/lab/jlab_core.3e11c5239452d671150c.js?v=3e11c5239452d671150c:2:1066973)
    at n (https://a1078485-a3ae-cd3fe9bf.nmb2.seetacloud.com:8443/jupyter/static/lab/jlab_core.3e11c5239452d671150c.js?v=3e11c5239452d671150c:2:1065065)
    at a.list (https://a1078485-a3ae-cd3fe9bf.nmb2.seetacloud.com:8443/jupyter/static/lab/jlab_core.3e11c5239452d671150c.js?v=3e11c5239452d671150c:2:1080328)
    at F.list (https://a1078485-a3ae-cd3fe9bf.nmb2.seetacloud.com:8443/jupyter/static/lab/jlab_core.3e11c5239452d671150c.js?v=3e11c5239452d671150c:2:72489)
    at activate (https://a1078485-a3ae-cd3fe9bf.nmb2.seetacloud.com:8443/jupyter/static/lab/jlab_core.3e11c5239452d671150c.js?v=3e11c5239452d671150c:2:72881)
    at https://a1078485-a3ae-cd3fe9bf.nmb2.seetacloud.com:8443/jupyter/static/lab/jlab_core.3e11c5239452d671150c.js?v=3e11c5239452d671150c:2:1397922 @ https://a1078485-a3ae-cd3fe9bf.nmb2.seetacloud.com:8443/jupyter/static/lab/jlab_core.3e11c5239452d671150c.js?v=3e11c5239452d671150c:1
[    1076ms] [ERROR] TypeError: Failed to fetch
    at Object.n [as handleRequest] (https://a1078485-a3ae-cd3fe9bf.nmb2.seetacloud.com:8443/jupyter/static/lab/jlab_core.3e11c5239452d671150c.js?v=3e11c5239452d671150c:2:1066973)
    at n (https://a1078485-a3ae-cd3fe9bf.nmb2.seetacloud.com:8443/jupyter/static/lab/jlab_core.3e11c5239452d671150c.js?v=3e11c5239452d671150c:2:1065065)
    at a.list (https://a1078485-a3ae-cd3fe9bf.nmb2.seetacloud.com:8443/jupyter/static/lab/jlab_core.3e11c5239452d671150c.js?v=3e11c5239452d671150c:2:1080328)
    at F.list (https://a1078485-a3ae-cd3fe9bf.nmb2.seetacloud.com:8443/jupyter/static/lab/jlab_core.3e11c5239452d671150c.js?v=3e11c5239452d671150c:2:72489)
    at activate (https://a1078485-a3ae-cd3fe9bf.nmb2.seetacloud.com:8443/jupyter/static/lab/jlab_core.3e11c5239452d671150c.js?v=3e11c5239452d671150c:2:72881)
    at https://a1078485-a3ae-cd3fe9bf.nmb2.seetacloud.com:8443/jupyter/static/lab/jlab_core.3e11c5239452d671150c.js?v=3e11c5239452d671150c:2:1397922 @ https://a1078485-a3ae-cd3fe9bf.nmb2.seetacloud.com:8443/jupyter/static/lab/jlab_core.3e11c5239452d671150c.js?v=3e11c5239452d671150c:1
[    1076ms] [ERROR] TypeError: Failed to fetch
    at Object.n [as handleRequest] (https://a1078485-a3ae-cd3fe9bf.nmb2.seetacloud.com:8443/jupyter/static/lab/jlab_core.3e11c5239452d671150c.js?v=3e11c5239452d671150c:2:1066973)
    at n (https://a1078485-a3ae-cd3fe9bf.nmb2.seetacloud.com:8443/jupyter/static/lab/jlab_core.3e11c5239452d671150c.js?v=3e11c5239452d671150c:2:1065065)
    at a.list (https://a1078485-a3ae-cd3fe9bf.nmb2.seetacloud.com:8443/jupyter/static/lab/jlab_core.3e11c5239452d671150c.js?v=3e11c5239452d671150c:2:1080328)
    at F.list (https://a1078485-a3ae-cd3fe9bf.nmb2.seetacloud.com:8443/jupyter/static/lab/jlab_core.3e11c5239452d671150c.js?v=3e11c5239452d671150c:2:72489)
    at activate (https://a1078485-a3ae-cd3fe9bf.nmb2.seetacloud.com:8443/jupyter/static/lab/jlab_core.3e11c5239452d671150c.js?v=3e11c5239452d671150c:2:72881)
    at https://a1078485-a3ae-cd3fe9bf.nmb2.seetacloud.com:8443/jupyter/static/lab/jlab_core.3e11c5239452d671150c.js?v=3e11c5239452d671150c:2:1397922 @ https://a1078485-a3ae-cd3fe9bf.nmb2.seetacloud.com:8443/jupyter/static/lab/jlab_core.3e11c5239452d671150c.js?v=3e11c5239452d671150c:1
[    1076ms] [ERROR] TypeError: Failed to fetch
    at Object.n [as handleRequest] (https://a1078485-a3ae-cd3fe9bf.nmb2.seetacloud.com:8443/jupyter/static/lab/jlab_core.3e11c5239452d671150c.js?v=3e11c5239452d671150c:2:1066973)
    at n (https://a1078485-a3ae-cd3fe9bf.nmb2.seetacloud.com:8443/jupyter/static/lab/jlab_core.3e11c5239452d671150c.js?v=3e11c5239452d671150c:2:1065065)
    at a.list (https://a1078485-a3ae-cd3fe9bf.nmb2.seetacloud.com:8443/jupyter/static/lab/jlab_core.3e11c5239452d671150c.js?v=3e11c5239452d671150c:2:1080328)
    at F.list (https://a1078485-a3ae-cd3fe9bf.nmb2.seetacloud.com:8443/jupyter/static/lab/jlab_core.3e11c5239452d671150c.js?v=3e11c5239452d671150c:2:72489)
    at activate (https://a1078485-a3ae-cd3fe9bf.nmb2.seetacloud.com:8443/jupyter/static/lab/jlab_core.3e11c5239452d671150c.js?v=3e11c5239452d671150c:2:72881)
    at https://a1078485-a3ae-cd3fe9bf.nmb2.seetacloud.com:8443/jupyter/static/lab/jlab_core.3e11c5239452d671150c.js?v=3e11c5239452d671150c:2:1397922 @ https://a1078485-a3ae-cd3fe9bf.nmb2.seetacloud.com:8443/jupyter/static/lab/jlab_core.3e11c5239452d671150c.js?v=3e11c5239452d671150c:1
[    1076ms] [ERROR] TypeError: Failed to fetch
    at Object.n [as handleRequest] (https://a1078485-a3ae-cd3fe9bf.nmb2.seetacloud.com:8443/jupyter/static/lab/jlab_core.3e11c5239452d671150c.js?v=3e11c5239452d671150c:2:1066973)
    at n (https://a1078485-a3ae-cd3fe9bf.nmb2.seetacloud.com:8443/jupyter/static/lab/jlab_core.3e11c5239452d671150c.js?v=3e11c5239452d671150c:2:1065065)
    at a.list (https://a1078485-a3ae-cd3fe9bf.nmb2.seetacloud.com:8443/jupyter/static/lab/jlab_core.3e11c5239452d671150c.js?v=3e11c5239452d671150c:2:1080328)
    at F.list (https://a1078485-a3ae-cd3fe9bf.nmb2.seetacloud.com:8443/jupyter/static/lab/jlab_core.3e11c5239452d671150c.js?v=3e11c5239452d671150c:2:72489)
    at activate (https://a1078485-a3ae-cd3fe9bf.nmb2.seetacloud.com:8443/jupyter/static/lab/jlab_core.3e11c5239452d671150c.js?v=3e11c5239452d671150c:2:72881)
    at https://a1078485-a3ae-cd3fe9bf.nmb2.seetacloud.com:8443/jupyter/static/lab/jlab_core.3e11c5239452d671150c.js?v=3e11c5239452d671150c:2:1397922 @ https://a1078485-a3ae-cd3fe9bf.nmb2.seetacloud.com:8443/jupyter/static/lab/jlab_core.3e11c5239452d671150c.js?v=3e11c5239452d671150c:1
[    1076ms] [ERROR] TypeError: Failed to fetch
    at Object.n [as handleRequest] (https://a1078485-a3ae-cd3fe9bf.nmb2.seetacloud.com:8443/jupyter/static/lab/jlab_core.3e11c5239452d671150c.js?v=3e11c5239452d671150c:2:1066973)
    at n (https://a1078485-a3ae-cd3fe9bf.nmb2.seetacloud.com:8443/jupyter/static/lab/jlab_core.3e11c5239452d671150c.js?v=3e11c5239452d671150c:2:1065065)
    at a.list (https://a1078485-a3ae-cd3fe9bf.nmb2.seetacloud.com:8443/jupyter/static/lab/jlab_core.3e11c5239452d671150c.js?v=3e11c5239452d671150c:2:1080328)
    at F.list (https://a1078485-a3ae-cd3fe9bf.nmb2.seetacloud.com:8443/jupyter/static/lab/jlab_core.3e11c5239452d671150c.js?v=3e11c5239452d671150c:2:72489)
    at activate (https://a1078485-a3ae-cd3fe9bf.nmb2.seetacloud.com:8443/jupyter/static/lab/jlab_core.3e11c5239452d671150c.js?v=3e11c5239452d671150c:2:72881)
    at https://a1078485-a3ae-cd3fe9bf.nmb2.seetacloud.com:8443/jupyter/static/lab/jlab_core.3e11c5239452d671150c.js?v=3e11c5239452d671150c:2:1397922 @ https://a1078485-a3ae-cd3fe9bf.nmb2.seetacloud.com:8443/jupyter/static/lab/jlab_core.3e11c5239452d671150c.js?v=3e11c5239452d671150c:1
[    1076ms] [ERROR] TypeError: Failed to fetch
    at Object.n [as handleRequest] (https://a1078485-a3ae-cd3fe9bf.nmb2.seetacloud.com:8443/jupyter/static/lab/jlab_core.3e11c5239452d671150c.js?v=3e11c5239452d671150c:2:1066973)
    at n (https://a1078485-a3ae-cd3fe9bf.nmb2.seetacloud.com:8443/jupyter/static/lab/jlab_core.3e11c5239452d671150c.js?v=3e11c5239452d671150c:2:1065065)
    at a.list (https://a1078485-a3ae-cd3fe9bf.nmb2.seetacloud.com:8443/jupyter/static/lab/jlab_core.3e11c5239452d671150c.js?v=3e11c5239452d671150c:2:1080328)
    at F.list (https://a1078485-a3ae-cd3fe9bf.nmb2.seetacloud.com:8443/jupyter/static/lab/jlab_core.3e11c5239452d671150c.js?v=3e11c5239452d671150c:2:72489)
    at activate (https://a1078485-a3ae-cd3fe9bf.nmb2.seetacloud.com:8443/jupyter/static/lab/jlab_core.3e11c5239452d671150c.js?v=3e11c5239452d671150c:2:72881)
    at https://a1078485-a3ae-cd3fe9bf.nmb2.seetacloud.com:8443/jupyter/static/lab/jlab_core.3e11c5239452d671150c.js?v=3e11c5239452d671150c:2:1397922 @ https://a1078485-a3ae-cd3fe9bf.nmb2.seetacloud.com:8443/jupyter/static/lab/jlab_core.3e11c5239452d671150c.js?v=3e11c5239452d671150c:1
[    1076ms] [ERROR] TypeError: Failed to fetch
    at Object.n [as handleRequest] (https://a1078485-a3ae-cd3fe9bf.nmb2.seetacloud.com:8443/jupyter/static/lab/jlab_core.3e11c5239452d671150c.js?v=3e11c5239452d671150c:2:1066973)
    at n (https://a1078485-a3ae-cd3fe9bf.nmb2.seetacloud.com:8443/jupyter/static/lab/jlab_core.3e11c5239452d671150c.js?v=3e11c5239452d671150c:2:1065065)
    at a.list (https://a1078485-a3ae-cd3fe9bf.nmb2.seetacloud.com:8443/jupyter/static/lab/jlab_core.3e11c5239452d671150c.js?v=3e11c5239452d671150c:2:1080328)
    at F.list (https://a1078485-a3ae-cd3fe9bf.nmb2.seetacloud.com:8443/jupyter/static/lab/jlab_core.3e11c5239452d671150c.js?v=3e11c5239452d671150c:2:72489)
    at activate (https://a1078485-a3ae-cd3fe9bf.nmb2.seetacloud.com:8443/jupyter/static/lab/jlab_core.3e11c5239452d671150c.js?v=3e11c5239452d671150c:2:72881)
    at https://a1078485-a3ae-cd3fe9bf.nmb2.seetacloud.com:8443/jupyter/static/lab/jlab_core.3e11c5239452d671150c.js?v=3e11c5239452d671150c:2:1397922 @ https://a1078485-a3ae-cd3fe9bf.nmb2.seetacloud.com:8443/jupyter/static/lab/jlab_core.3e11c5239452d671150c.js?v=3e11c5239452d671150c:1
[    1076ms] [ERROR] TypeError: Failed to fetch
    at Object.n [as handleRequest] (https://a1078485-a3ae-cd3fe9bf.nmb2.seetacloud.com:8443/jupyter/static/lab/jlab_core.3e11c5239452d671150c.js?v=3e11c5239452d671150c:2:1066973)
    at n (https://a1078485-a3ae-cd3fe9bf.nmb2.seetacloud.com:8443/jupyter/static/lab/jlab_core.3e11c5239452d671150c.js?v=3e11c5239452d671150c:2:1065065)
    at a.list (https://a1078485-a3ae-cd3fe9bf.nmb2.seetacloud.com:8443/jupyter/static/lab/jlab_core.3e11c5239452d671150c.js?v=3e11c5239452d671150c:2:1080328)
    at F.list (https://a1078485-a3ae-cd3fe9bf.nmb2.seetacloud.com:8443/jupyter/static/lab/jlab_core.3e11c5239452d671150c.js?v=3e11c5239452d671150c:2:72489)
    at activate (https://a1078485-a3ae-cd3fe9bf.nmb2.seetacloud.com:8443/jupyter/static/lab/jlab_core.3e11c5239452d671150c.js?v=3e11c5239452d671150c:2:72881)
    at https://a1078485-a3ae-cd3fe9bf.nmb2.seetacloud.com:8443/jupyter/static/lab/jlab_core.3e11c5239452d671150c.js?v=3e11c5239452d671150c:2:1397922 @ https://a1078485-a3ae-cd3fe9bf.nmb2.seetacloud.com:8443/jupyter/static/lab/jlab_core.3e11c5239452d671150c.js?v=3e11c5239452d671150c:1
[    1076ms] [ERROR] TypeError: Failed to fetch
    at Object.n [as handleRequest] (https://a1078485-a3ae-cd3fe9bf.nmb2.seetacloud.com:8443/jupyter/static/lab/jlab_core.3e11c5239452d671150c.js?v=3e11c5239452d671150c:2:1066973)
    at n (https://a1078485-a3ae-cd3fe9bf.nmb2.seetacloud.com:8443/jupyter/static/lab/jlab_core.3e11c5239452d671150c.js?v=3e11c5239452d671150c:2:1065065)
    at a.list (https://a1078485-a3ae-cd3fe9bf.nmb2.seetacloud.com:8443/jupyter/static/lab/jlab_core.3e11c5239452d671150c.js?v=3e11c5239452d671150c:2:1080328)
    at F.list (https://a1078485-a3ae-cd3fe9bf.nmb2.seetacloud.com:8443/jupyter/static/lab/jlab_core.3e11c5239452d671150c.js?v=3e11c5239452d671150c:2:72489)
    at activate (https://a1078485-a3ae-cd3fe9bf.nmb2.seetacloud.com:8443/jupyter/static/lab/jlab_core.3e11c5239452d671150c.js?v=3e11c5239452d671150c:2:72881)
    at https://a1078485-a3ae-cd3fe9bf.nmb2.seetacloud.com:8443/jupyter/static/lab/jlab_core.3e11c5239452d671150c.js?v=3e11c5239452d671150c:2:1397922 @ https://a1078485-a3ae-cd3fe9bf.nmb2.seetacloud.com:8443/jupyter/static/lab/jlab_core.3e11c5239452d671150c.js?v=3e11c5239452d671150c:1
[    1076ms] [ERROR] TypeError: Failed to fetch
    at Object.n [as handleRequest] (https://a1078485-a3ae-cd3fe9bf.nmb2.seetacloud.com:8443/jupyter/static/lab/jlab_core.3e11c5239452d671150c.js?v=3e11c5239452d671150c:2:1066973)
    at n (https://a1078485-a3ae-cd3fe9bf.nmb2.seetacloud.com:8443/jupyter/static/lab/jlab_core.3e11c5239452d671150c.js?v=3e11c5239452d671150c:2:1065065)
    at a.list (https://a1078485-a3ae-cd3fe9bf.nmb2.seetacloud.com:8443/jupyter/static/lab/jlab_core.3e11c5239452d671150c.js?v=3e11c5239452d671150c:2:1080328)
    at F.list (https://a1078485-a3ae-cd3fe9bf.nmb2.seetacloud.com:8443/jupyter/static/lab/jlab_core.3e11c5239452d671150c.js?v=3e11c5239452d671150c:2:72489)
    at activate (https://a1078485-a3ae-cd3fe9bf.nmb2.seetacloud.com:8443/jupyter/static/lab/jlab_core.3e11c5239452d671150c.js?v=3e11c5239452d671150c:2:72881)
    at https://a1078485-a3ae-cd3fe9bf.nmb2.seetacloud.com:8443/jupyter/static/lab/jlab_core.3e11c5239452d671150c.js?v=3e11c5239452d671150c:2:1397922 @ https://a1078485-a3ae-cd3fe9bf.nmb2.seetacloud.com:8443/jupyter/static/lab/jlab_core.3e11c5239452d671150c.js?v=3e11c5239452d671150c:1
[    1076ms] [ERROR] TypeError: Failed to fetch
    at Object.n [as handleRequest] (https://a1078485-a3ae-cd3fe9bf.nmb2.seetacloud.com:8443/jupyter/static/lab/jlab_core.3e11c5239452d671150c.js?v=3e11c5239452d671150c:2:1066973)
    at n (https://a1078485-a3ae-cd3fe9bf.nmb2.seetacloud.com:8443/jupyter/static/lab/jlab_core.3e11c5239452d671150c.js?v=3e11c5239452d671150c:2:1065065)
    at a.list (https://a1078485-a3ae-cd3fe9bf.nmb2.seetacloud.com:8443/jupyter/static/lab/jlab_core.3e11c5239452d671150c.js?v=3e11c5239452d671150c:2:1080328)
    at F.list (https://a1078485-a3ae-cd3fe9bf.nmb2.seetacloud.com:8443/jupyter/static/lab/jlab_core.3e11c5239452d671150c.js?v=3e11c5239452d671150c:2:72489)
    at activate (https://a1078485-a3ae-cd3fe9bf.nmb2.seetacloud.com:8443/jupyter/static/lab/jlab_core.3e11c5239452d671150c.js?v=3e11c5239452d671150c:2:72881)
    at https://a1078485-a3ae-cd3fe9bf.nmb2.seetacloud.com:8443/jupyter/static/lab/jlab_core.3e11c5239452d671150c.js?v=3e11c5239452d671150c:2:1397922 @ https://a1078485-a3ae-cd3fe9bf.nmb2.seetacloud.com:8443/jupyter/static/lab/jlab_core.3e11c5239452d671150c.js?v=3e11c5239452d671150c:1
[    1076ms] [ERROR] TypeError: Failed to fetch
    at Object.n [as handleRequest] (https://a1078485-a3ae-cd3fe9bf.nmb2.seetacloud.com:8443/jupyter/static/lab/jlab_core.3e11c5239452d671150c.js?v=3e11c5239452d671150c:2:1066973)
    at n (https://a1078485-a3ae-cd3fe9bf.nmb2.seetacloud.com:8443/jupyter/static/lab/jlab_core.3e11c5239452d671150c.js?v=3e11c5239452d671150c:2:1065065)
    at a.list (https://a1078485-a3ae-cd3fe9bf.nmb2.seetacloud.com:8443/jupyter/static/lab/jlab_core.3e11c5239452d671150c.js?v=3e11c5239452d671150c:2:1080328)
    at F.list (https://a1078485-a3ae-cd3fe9bf.nmb2.seetacloud.com:8443/jupyter/static/lab/jlab_core.3e11c5239452d671150c.js?v=3e11c5239452d671150c:2:72489)
    at activate (https://a1078485-a3ae-cd3fe9bf.nmb2.seetacloud.com:8443/jupyter/static/lab/jlab_core.3e11c5239452d671150c.js?v=3e11c5239452d671150c:2:72881)
    at https://a1078485-a3ae-cd3fe9bf.nmb2.seetacloud.com:8443/jupyter/static/lab/jlab_core.3e11c5239452d671150c.js?v=3e11c5239452d671150c:2:1397922 @ https://a1078485-a3ae-cd3fe9bf.nmb2.seetacloud.com:8443/jupyter/static/lab/jlab_core.3e11c5239452d671150c.js?v=3e11c5239452d671150c:1
[    1076ms] [ERROR] TypeError: Failed to fetch
    at Object.n [as handleRequest] (https://a1078485-a3ae-cd3fe9bf.nmb2.seetacloud.com:8443/jupyter/static/lab/jlab_core.3e11c5239452d671150c.js?v=3e11c5239452d671150c:2:1066973)
    at n (https://a1078485-a3ae-cd3fe9bf.nmb2.seetacloud.com:8443/jupyter/static/lab/jlab_core.3e11c5239452d671150c.js?v=3e11c5239452d671150c:2:1065065)
    at a.list (https://a1078485-a3ae-cd3fe9bf.nmb2.seetacloud.com:8443/jupyter/static/lab/jlab_core.3e11c5239452d671150c.js?v=3e11c5239452d671150c:2:1080328)
    at F.list (https://a1078485-a3ae-cd3fe9bf.nmb2.seetacloud.com:8443/jupyter/static/lab/jlab_core.3e11c5239452d671150c.js?v=3e11c5239452d671150c:2:72489)
    at activate (https://a1078485-a3ae-cd3fe9bf.nmb2.seetacloud.com:8443/jupyter/static/lab/jlab_core.3e11c5239452d671150c.js?v=3e11c5239452d671150c:2:72881)
    at https://a1078485-a3ae-cd3fe9bf.nmb2.seetacloud.com:8443/jupyter/static/lab/jlab_core.3e11c5239452d671150c.js?v=3e11c5239452d671150c:2:1397922 @ https://a1078485-a3ae-cd3fe9bf.nmb2.seetacloud.com:8443/jupyter/static/lab/jlab_core.3e11c5239452d671150c.js?v=3e11c5239452d671150c:1
[    1076ms] [ERROR] TypeError: Failed to fetch
    at Object.n [as handleRequest] (https://a1078485-a3ae-cd3fe9bf.nmb2.seetacloud.com:8443/jupyter/static/lab/jlab_core.3e11c5239452d671150c.js?v=3e11c5239452d671150c:2:1066973)
    at n (https://a1078485-a3ae-cd3fe9bf.nmb2.seetacloud.com:8443/jupyter/static/lab/jlab_core.3e11c5239452d671150c.js?v=3e11c5239452d671150c:2:1065065)
    at a.list (https://a1078485-a3ae-cd3fe9bf.nmb2.seetacloud.com:8443/jupyter/static/lab/jlab_core.3e11c5239452d671150c.js?v=3e11c5239452d671150c:2:1080328)
    at F.list (https://a1078485-a3ae-cd3fe9bf.nmb2.seetacloud.com:8443/jupyter/static/lab/jlab_core.3e11c5239452d671150c.js?v=3e11c5239452d671150c:2:72489)
    at activate (https://a1078485-a3ae-cd3fe9bf.nmb2.seetacloud.com:8443/jupyter/static/lab/jlab_core.3e11c5239452d671150c.js?v=3e11c5239452d671150c:2:72881)
    at https://a1078485-a3ae-cd3fe9bf.nmb2.seetacloud.com:8443/jupyter/static/lab/jlab_core.3e11c5239452d671150c.js?v=3e11c5239452d671150c:2:1397922 @ https://a1078485-a3ae-cd3fe9bf.nmb2.seetacloud.com:8443/jupyter/static/lab/jlab_core.3e11c5239452d671150c.js?v=3e11c5239452d671150c:1
[    1076ms] [ERROR] TypeError: Failed to fetch
    at Object.n [as handleRequest] (https://a1078485-a3ae-cd3fe9bf.nmb2.seetacloud.com:8443/jupyter/static/lab/jlab_core.3e11c5239452d671150c.js?v=3e11c5239452d671150c:2:1066973)
    at n (https://a1078485-a3ae-cd3fe9bf.nmb2.seetacloud.com:8443/jupyter/static/lab/jlab_core.3e11c5239452d671150c.js?v=3e11c5239452d671150c:2:1065065)
    at a.list (https://a1078485-a3ae-cd3fe9bf.nmb2.seetacloud.com:8443/jupyter/static/lab/jlab_core.3e11c5239452d671150c.js?v=3e11c5239452d671150c:2:1080328)
    at F.list (https://a1078485-a3ae-cd3fe9bf.nmb2.seetacloud.com:8443/jupyter/static/lab/jlab_core.3e11c5239452d671150c.js?v=3e11c5239452d671150c:2:72489)
    at activate (https://a1078485-a3ae-cd3fe9bf.nmb2.seetacloud.com:8443/jupyter/static/lab/jlab_core.3e11c5239452d671150c.js?v=3e11c5239452d671150c:2:72881)
    at https://a1078485-a3ae-cd3fe9bf.nmb2.seetacloud.com:8443/jupyter/static/lab/jlab_core.3e11c5239452d671150c.js?v=3e11c5239452d671150c:2:1397922 @ https://a1078485-a3ae-cd3fe9bf.nmb2.seetacloud.com:8443/jupyter/static/lab/jlab_core.3e11c5239452d671150c.js?v=3e11c5239452d671150c:1
[    1076ms] [ERROR] TypeError: Failed to fetch
    at Object.n [as handleRequest] (https://a1078485-a3ae-cd3fe9bf.nmb2.seetacloud.com:8443/jupyter/static/lab/jlab_core.3e11c5239452d671150c.js?v=3e11c5239452d671150c:2:1066973)
    at n (https://a1078485-a3ae-cd3fe9bf.nmb2.seetacloud.com:8443/jupyter/static/lab/jlab_core.3e11c5239452d671150c.js?v=3e11c5239452d671150c:2:1065065)
    at a.list (https://a1078485-a3ae-cd3fe9bf.nmb2.seetacloud.com:8443/jupyter/static/lab/jlab_core.3e11c5239452d671150c.js?v=3e11c5239452d671150c:2:1080328)
    at F.list (https://a1078485-a3ae-cd3fe9bf.nmb2.seetacloud.com:8443/jupyter/static/lab/jlab_core.3e11c5239452d671150c.js?v=3e11c5239452d671150c:2:72489)
    at activate (https://a1078485-a3ae-cd3fe9bf.nmb2.seetacloud.com:8443/jupyter/static/lab/jlab_core.3e11c5239452d671150c.js?v=3e11c5239452d671150c:2:72881)
    at https://a1078485-a3ae-cd3fe9bf.nmb2.seetacloud.com:8443/jupyter/static/lab/jlab_core.3e11c5239452d671150c.js?v=3e11c5239452d671150c:2:1397922 @ https://a1078485-a3ae-cd3fe9bf.nmb2.seetacloud.com:8443/jupyter/static/lab/jlab_core.3e11c5239452d671150c.js?v=3e11c5239452d671150c:1
[    1076ms] [ERROR] TypeError: Failed to fetch
    at Object.n [as handleRequest] (https://a1078485-a3ae-cd3fe9bf.nmb2.seetacloud.com:8443/jupyter/static/lab/jlab_core.3e11c5239452d671150c.js?v=3e11c5239452d671150c:2:1066973)
    at n (https://a1078485-a3ae-cd3fe9bf.nmb2.seetacloud.com:8443/jupyter/static/lab/jlab_core.3e11c5239452d671150c.js?v=3e11c5239452d671150c:2:1065065)
    at a.list (https://a1078485-a3ae-cd3fe9bf.nmb2.seetacloud.com:8443/jupyter/static/lab/jlab_core.3e11c5239452d671150c.js?v=3e11c5239452d671150c:2:1080328)
    at F.list (https://a1078485-a3ae-cd3fe9bf.nmb2.seetacloud.com:8443/jupyter/static/lab/jlab_core.3e11c5239452d671150c.js?v=3e11c5239452d671150c:2:72489)
    at activate (https://a1078485-a3ae-cd3fe9bf.nmb2.seetacloud.com:8443/jupyter/static/lab/jlab_core.3e11c5239452d671150c.js?v=3e11c5239452d671150c:2:72881)
    at https://a1078485-a3ae-cd3fe9bf.nmb2.seetacloud.com:8443/jupyter/static/lab/jlab_core.3e11c5239452d671150c.js?v=3e11c5239452d671150c:2:1397922 @ https://a1078485-a3ae-cd3fe9bf.nmb2.seetacloud.com:8443/jupyter/static/lab/jlab_core.3e11c5239452d671150c.js?v=3e11c5239452d671150c:1
[    1076ms] [ERROR] TypeError: Failed to fetch
    at Object.n [as handleRequest] (https://a1078485-a3ae-cd3fe9bf.nmb2.seetacloud.com:8443/jupyter/static/lab/jlab_core.3e11c5239452d671150c.js?v=3e11c5239452d671150c:2:1066973)
    at n (https://a1078485-a3ae-cd3fe9bf.nmb2.seetacloud.com:8443/jupyter/static/lab/jlab_core.3e11c5239452d671150c.js?v=3e11c5239452d671150c:2:1065065)
    at a.list (https://a1078485-a3ae-cd3fe9bf.nmb2.seetacloud.com:8443/jupyter/static/lab/jlab_core.3e11c5239452d671150c.js?v=3e11c5239452d671150c:2:1080328)
    at F.list (https://a1078485-a3ae-cd3fe9bf.nmb2.seetacloud.com:8443/jupyter/static/lab/jlab_core.3e11c5239452d671150c.js?v=3e11c5239452d671150c:2:72489)
    at activate (https://a1078485-a3ae-cd3fe9bf.nmb2.seetacloud.com:8443/jupyter/static/lab/jlab_core.3e11c5239452d671150c.js?v=3e11c5239452d671150c:2:72881)
    at https://a1078485-a3ae-cd3fe9bf.nmb2.seetacloud.com:8443/jupyter/static/lab/jlab_core.3e11c5239452d671150c.js?v=3e11c5239452d671150c:2:1397922 @ https://a1078485-a3ae-cd3fe9bf.nmb2.seetacloud.com:8443/jupyter/static/lab/jlab_core.3e11c5239452d671150c.js?v=3e11c5239452d671150c:1
[    1076ms] [ERROR] TypeError: Failed to fetch
    at Object.n [as handleRequest] (https://a1078485-a3ae-cd3fe9bf.nmb2.seetacloud.com:8443/jupyter/static/lab/jlab_core.3e11c5239452d671150c.js?v=3e11c5239452d671150c:2:1066973)
    at n (https://a1078485-a3ae-cd3fe9bf.nmb2.seetacloud.com:8443/jupyter/static/lab/jlab_core.3e11c5239452d671150c.js?v=3e11c5239452d671150c:2:1065065)
    at a.list (https://a1078485-a3ae-cd3fe9bf.nmb2.seetacloud.com:8443/jupyter/static/lab/jlab_core.3e11c5239452d671150c.js?v=3e11c5239452d671150c:2:1080328)
    at F.list (https://a1078485-a3ae-cd3fe9bf.nmb2.seetacloud.com:8443/jupyter/static/lab/jlab_core.3e11c5239452d671150c.js?v=3e11c5239452d671150c:2:72489)
    at activate (https://a1078485-a3ae-cd3fe9bf.nmb2.seetacloud.com:8443/jupyter/static/lab/jlab_core.3e11c5239452d671150c.js?v=3e11c5239452d671150c:2:72881)
    at https://a1078485-a3ae-cd3fe9bf.nmb2.seetacloud.com:8443/jupyter/static/lab/jlab_core.3e11c5239452d671150c.js?v=3e11c5239452d671150c:2:1397922 @ https://a1078485-a3ae-cd3fe9bf.nmb2.seetacloud.com:8443/jupyter/static/lab/jlab_core.3e11c5239452d671150c.js?v=3e11c5239452d671150c:1
[    1076ms] [ERROR] TypeError: Failed to fetch
    at Object.n [as handleRequest] (https://a1078485-a3ae-cd3fe9bf.nmb2.seetacloud.com:8443/jupyter/static/lab/jlab_core.3e11c5239452d671150c.js?v=3e11c5239452d671150c:2:1066973)
    at n (https://a1078485-a3ae-cd3fe9bf.nmb2.seetacloud.com:8443/jupyter/static/lab/jlab_core.3e11c5239452d671150c.js?v=3e11c5239452d671150c:2:1065065)
    at a.list (https://a1078485-a3ae-cd3fe9bf.nmb2.seetacloud.com:8443/jupyter/static/lab/jlab_core.3e11c5239452d671150c.js?v=3e11c5239452d671150c:2:1080328)
    at F.list (https://a1078485-a3ae-cd3fe9bf.nmb2.seetacloud.com:8443/jupyter/static/lab/jlab_core.3e11c5239452d671150c.js?v=3e11c5239452d671150c:2:72489)
    at activate (https://a1078485-a3ae-cd3fe9bf.nmb2.seetacloud.com:8443/jupyter/static/lab/jlab_core.3e11c5239452d671150c.js?v=3e11c5239452d671150c:2:72881)
    at https://a1078485-a3ae-cd3fe9bf.nmb2.seetacloud.com:8443/jupyter/static/lab/jlab_core.3e11c5239452d671150c.js?v=3e11c5239452d671150c:2:1397922 @ https://a1078485-a3ae-cd3fe9bf.nmb2.seetacloud.com:8443/jupyter/static/lab/jlab_core.3e11c5239452d671150c.js?v=3e11c5239452d671150c:1
[    1076ms] [ERROR] TypeError: Failed to fetch
    at Object.n [as handleRequest] (https://a1078485-a3ae-cd3fe9bf.nmb2.seetacloud.com:8443/jupyter/static/lab/jlab_core.3e11c5239452d671150c.js?v=3e11c5239452d671150c:2:1066973)
    at n (https://a1078485-a3ae-cd3fe9bf.nmb2.seetacloud.com:8443/jupyter/static/lab/jlab_core.3e11c5239452d671150c.js?v=3e11c5239452d671150c:2:1065065)
    at a.list (https://a1078485-a3ae-cd3fe9bf.nmb2.seetacloud.com:8443/jupyter/static/lab/jlab_core.3e11c5239452d671150c.js?v=3e11c5239452d671150c:2:1080328)
    at F.list (https://a1078485-a3ae-cd3fe9bf.nmb2.seetacloud.com:8443/jupyter/static/lab/jlab_core.3e11c5239452d671150c.js?v=3e11c5239452d671150c:2:72489)
    at activate (https://a1078485-a3ae-cd3fe9bf.nmb2.seetacloud.com:8443/jupyter/static/lab/jlab_core.3e11c5239452d671150c.js?v=3e11c5239452d671150c:2:72881)
    at https://a1078485-a3ae-cd3fe9bf.nmb2.seetacloud.com:8443/jupyter/static/lab/jlab_core.3e11c5239452d671150c.js?v=3e11c5239452d671150c:2:1397922 @ https://a1078485-a3ae-cd3fe9bf.nmb2.seetacloud.com:8443/jupyter/static/lab/jlab_core.3e11c5239452d671150c.js?v=3e11c5239452d671150c:1
[    1076ms] [ERROR] TypeError: Failed to fetch
    at Object.n [as handleRequest] (https://a1078485-a3ae-cd3fe9bf.nmb2.seetacloud.com:8443/jupyter/static/lab/jlab_core.3e11c5239452d671150c.js?v=3e11c5239452d671150c:2:1066973)
    at n (https://a1078485-a3ae-cd3fe9bf.nmb2.seetacloud.com:8443/jupyter/static/lab/jlab_core.3e11c5239452d671150c.js?v=3e11c5239452d671150c:2:1065065)
    at a.list (https://a1078485-a3ae-cd3fe9bf.nmb2.seetacloud.com:8443/jupyter/static/lab/jlab_core.3e11c5239452d671150c.js?v=3e11c5239452d671150c:2:1080328)
    at F.list (https://a1078485-a3ae-cd3fe9bf.nmb2.seetacloud.com:8443/jupyter/static/lab/jlab_core.3e11c5239452d671150c.js?v=3e11c5239452d671150c:2:72489)
    at activate (https://a1078485-a3ae-cd3fe9bf.nmb2.seetacloud.com:8443/jupyter/static/lab/jlab_core.3e11c5239452d671150c.js?v=3e11c5239452d671150c:2:72881)
    at https://a1078485-a3ae-cd3fe9bf.nmb2.seetacloud.com:8443/jupyter/static/lab/jlab_core.3e11c5239452d671150c.js?v=3e11c5239452d671150c:2:1397922 @ https://a1078485-a3ae-cd3fe9bf.nmb2.seetacloud.com:8443/jupyter/static/lab/jlab_core.3e11c5239452d671150c.js?v=3e11c5239452d671150c:1
[    1076ms] [ERROR] TypeError: Failed to fetch
    at Object.n [as handleRequest] (https://a1078485-a3ae-cd3fe9bf.nmb2.seetacloud.com:8443/jupyter/static/lab/jlab_core.3e11c5239452d671150c.js?v=3e11c5239452d671150c:2:1066973)
    at n (https://a1078485-a3ae-cd3fe9bf.nmb2.seetacloud.com:8443/jupyter/static/lab/jlab_core.3e11c5239452d671150c.js?v=3e11c5239452d671150c:2:1065065)
    at a.list (https://a1078485-a3ae-cd3fe9bf.nmb2.seetacloud.com:8443/jupyter/static/lab/jlab_core.3e11c5239452d671150c.js?v=3e11c5239452d671150c:2:1080328)
    at F.list (https://a1078485-a3ae-cd3fe9bf.nmb2.seetacloud.com:8443/jupyter/static/lab/jlab_core.3e11c5239452d671150c.js?v=3e11c5239452d671150c:2:72489)
    at activate (https://a1078485-a3ae-cd3fe9bf.nmb2.seetacloud.com:8443/jupyter/static/lab/jlab_core.3e11c5239452d671150c.js?v=3e11c5239452d671150c:2:72881)
    at https://a1078485-a3ae-cd3fe9bf.nmb2.seetacloud.com:8443/jupyter/static/lab/jlab_core.3e11c5239452d671150c.js?v=3e11c5239452d671150c:2:1397922 @ https://a1078485-a3ae-cd3fe9bf.nmb2.seetacloud.com:8443/jupyter/static/lab/jlab_core.3e11c5239452d671150c.js?v=3e11c5239452d671150c:1
[    1076ms] [ERROR] TypeError: Failed to fetch
    at Object.n [as handleRequest] (https://a1078485-a3ae-cd3fe9bf.nmb2.seetacloud.com:8443/jupyter/static/lab/jlab_core.3e11c5239452d671150c.js?v=3e11c5239452d671150c:2:1066973)
    at n (https://a1078485-a3ae-cd3fe9bf.nmb2.seetacloud.com:8443/jupyter/static/lab/jlab_core.3e11c5239452d671150c.js?v=3e11c5239452d671150c:2:1065065)
    at a.list (https://a1078485-a3ae-cd3fe9bf.nmb2.seetacloud.com:8443/jupyter/static/lab/jlab_core.3e11c5239452d671150c.js?v=3e11c5239452d671150c:2:1080328)
    at F.list (https://a1078485-a3ae-cd3fe9bf.nmb2.seetacloud.com:8443/jupyter/static/lab/jlab_core.3e11c5239452d671150c.js?v=3e11c5239452d671150c:2:72489)
    at activate (https://a1078485-a3ae-cd3fe9bf.nmb2.seetacloud.com:8443/jupyter/static/lab/jlab_core.3e11c5239452d671150c.js?v=3e11c5239452d671150c:2:72881)
    at https://a1078485-a3ae-cd3fe9bf.nmb2.seetacloud.com:8443/jupyter/static/lab/jlab_core.3e11c5239452d671150c.js?v=3e11c5239452d671150c:2:1397922 @ https://a1078485-a3ae-cd3fe9bf.nmb2.seetacloud.com:8443/jupyter/static/lab/jlab_core.3e11c5239452d671150c.js?v=3e11c5239452d671150c:1
[    1076ms] [ERROR] TypeError: Failed to fetch
    at Object.n [as handleRequest] (https://a1078485-a3ae-cd3fe9bf.nmb2.seetacloud.com:8443/jupyter/static/lab/jlab_core.3e11c5239452d671150c.js?v=3e11c5239452d671150c:2:1066973)
    at n (https://a1078485-a3ae-cd3fe9bf.nmb2.seetacloud.com:8443/jupyter/static/lab/jlab_core.3e11c5239452d671150c.js?v=3e11c5239452d671150c:2:1065065)
    at a.list (https://a1078485-a3ae-cd3fe9bf.nmb2.seetacloud.com:8443/jupyter/static/lab/jlab_core.3e11c5239452d671150c.js?v=3e11c5239452d671150c:2:1080328)
    at F.list (https://a1078485-a3ae-cd3fe9bf.nmb2.seetacloud.com:8443/jupyter/static/lab/jlab_core.3e11c5239452d671150c.js?v=3e11c5239452d671150c:2:72489)
    at activate (https://a1078485-a3ae-cd3fe9bf.nmb2.seetacloud.com:8443/jupyter/static/lab/jlab_core.3e11c5239452d671150c.js?v=3e11c5239452d671150c:2:72881)
    at https://a1078485-a3ae-cd3fe9bf.nmb2.seetacloud.com:8443/jupyter/static/lab/jlab_core.3e11c5239452d671150c.js?v=3e11c5239452d671150c:2:1397922 @ https://a1078485-a3ae-cd3fe9bf.nmb2.seetacloud.com:8443/jupyter/static/lab/jlab_core.3e11c5239452d671150c.js?v=3e11c5239452d671150c:1
[    1076ms] [ERROR] TypeError: Failed to fetch
    at Object.n [as handleRequest] (https://a1078485-a3ae-cd3fe9bf.nmb2.seetacloud.com:8443/jupyter/static/lab/jlab_core.3e11c5239452d671150c.js?v=3e11c5239452d671150c:2:1066973)
    at n (https://a1078485-a3ae-cd3fe9bf.nmb2.seetacloud.com:8443/jupyter/static/lab/jlab_core.3e11c5239452d671150c.js?v=3e11c5239452d671150c:2:1065065)
    at a.list (https://a1078485-a3ae-cd3fe9bf.nmb2.seetacloud.com:8443/jupyter/static/lab/jlab_core.3e11c5239452d671150c.js?v=3e11c5239452d671150c:2:1080328)
    at F.list (https://a1078485-a3ae-cd3fe9bf.nmb2.seetacloud.com:8443/jupyter/static/lab/jlab_core.3e11c5239452d671150c.js?v=3e11c5239452d671150c:2:72489)
    at activate (https://a1078485-a3ae-cd3fe9bf.nmb2.seetacloud.com:8443/jupyter/static/lab/jlab_core.3e11c5239452d671150c.js?v=3e11c5239452d671150c:2:72881)
    at https://a1078485-a3ae-cd3fe9bf.nmb2.seetacloud.com:8443/jupyter/static/lab/jlab_core.3e11c5239452d671150c.js?v=3e11c5239452d671150c:2:1397922 @ https://a1078485-a3ae-cd3fe9bf.nmb2.seetacloud.com:8443/jupyter/static/lab/jlab_core.3e11c5239452d671150c.js?v=3e11c5239452d671150c:1
[    1076ms] [ERROR] Plugin '@jupyterlab/javascript-extension:factory' failed to activate. @ https://a1078485-a3ae-cd3fe9bf.nmb2.seetacloud.com:8443/jupyter/static/lab/jlab_core.3e11c5239452d671150c.js?v=3e11c5239452d671150c:1
[    1077ms] [ERROR] TypeError: Failed to fetch
    at Object.n [as handleRequest] (https://a1078485-a3ae-cd3fe9bf.nmb2.seetacloud.com:8443/jupyter/static/lab/jlab_core.3e11c5239452d671150c.js?v=3e11c5239452d671150c:2:1066973)
    at n (https://a1078485-a3ae-cd3fe9bf.nmb2.seetacloud.com:8443/jupyter/static/lab/jlab_core.3e11c5239452d671150c.js?v=3e11c5239452d671150c:2:1065065)
    at a.list (https://a1078485-a3ae-cd3fe9bf.nmb2.seetacloud.com:8443/jupyter/static/lab/jlab_core.3e11c5239452d671150c.js?v=3e11c5239452d671150c:2:1080328)
    at F.list (https://a1078485-a3ae-cd3fe9bf.nmb2.seetacloud.com:8443/jupyter/static/lab/jlab_core.3e11c5239452d671150c.js?v=3e11c5239452d671150c:2:72489)
    at activate (https://a1078485-a3ae-cd3fe9bf.nmb2.seetacloud.com:8443/jupyter/static/lab/jlab_core.3e11c5239452d671150c.js?v=3e11c5239452d671150c:2:72881)
    at https://a1078485-a3ae-cd3fe9bf.nmb2.seetacloud.com:8443/jupyter/static/lab/jlab_core.3e11c5239452d671150c.js?v=3e11c5239452d671150c:2:1397922 @ https://a1078485-a3ae-cd3fe9bf.nmb2.seetacloud.com:8443/jupyter/static/lab/jlab_core.3e11c5239452d671150c.js?v=3e11c5239452d671150c:1
[    1077ms] [ERROR] Plugin '@jupyterlab/json-extension:factory' failed to activate. @ https://a1078485-a3ae-cd3fe9bf.nmb2.seetacloud.com:8443/jupyter/static/lab/jlab_core.3e11c5239452d671150c.js?v=3e11c5239452d671150c:1
[    1077ms] [ERROR] TypeError: Failed to fetch
    at Object.n [as handleRequest] (https://a1078485-a3ae-cd3fe9bf.nmb2.seetacloud.com:8443/jupyter/static/lab/jlab_core.3e11c5239452d671150c.js?v=3e11c5239452d671150c:2:1066973)
    at n (https://a1078485-a3ae-cd3fe9bf.nmb2.seetacloud.com:8443/jupyter/static/lab/jlab_core.3e11c5239452d671150c.js?v=3e11c5239452d671150c:2:1065065)
    at a.list (https://a1078485-a3ae-cd3fe9bf.nmb2.seetacloud.com:8443/jupyter/static/lab/jlab_core.3e11c5239452d671150c.js?v=3e11c5239452d671150c:2:1080328)
    at F.list (https://a1078485-a3ae-cd3fe9bf.nmb2.seetacloud.com:8443/jupyter/static/lab/jlab_core.3e11c5239452d671150c.js?v=3e11c5239452d671150c:2:72489)
    at activate (https://a1078485-a3ae-cd3fe9bf.nmb2.seetacloud.com:8443/jupyter/static/lab/jlab_core.3e11c5239452d671150c.js?v=3e11c5239452d671150c:2:72881)
    at https://a1078485-a3ae-cd3fe9bf.nmb2.seetacloud.com:8443/jupyter/static/lab/jlab_core.3e11c5239452d671150c.js?v=3e11c5239452d671150c:2:1397922 @ https://a1078485-a3ae-cd3fe9bf.nmb2.seetacloud.com:8443/jupyter/static/lab/jlab_core.3e11c5239452d671150c.js?v=3e11c5239452d671150c:1
[    1077ms] [ERROR] Plugin '@jupyterlab/pdf-extension:factory' failed to activate. @ https://a1078485-a3ae-cd3fe9bf.nmb2.seetacloud.com:8443/jupyter/static/lab/jlab_core.3e11c5239452d671150c.js?v=3e11c5239452d671150c:1
[    1077ms] [ERROR] TypeError: Failed to fetch
    at Object.n [as handleRequest] (https://a1078485-a3ae-cd3fe9bf.nmb2.seetacloud.com:8443/jupyter/static/lab/jlab_core.3e11c5239452d671150c.js?v=3e11c5239452d671150c:2:1066973)
    at n (https://a1078485-a3ae-cd3fe9bf.nmb2.seetacloud.com:8443/jupyter/static/lab/jlab_core.3e11c5239452d671150c.js?v=3e11c5239452d671150c:2:1065065)
    at a.list (https://a1078485-a3ae-cd3fe9bf.nmb2.seetacloud.com:8443/jupyter/static/lab/jlab_core.3e11c5239452d671150c.js?v=3e11c5239452d671150c:2:1080328)
    at F.list (https://a1078485-a3ae-cd3fe9bf.nmb2.seetacloud.com:8443/jupyter/static/lab/jlab_core.3e11c5239452d671150c.js?v=3e11c5239452d671150c:2:72489)
    at activate (https://a1078485-a3ae-cd3fe9bf.nmb2.seetacloud.com:8443/jupyter/static/lab/jlab_core.3e11c5239452d671150c.js?v=3e11c5239452d671150c:2:72881)
    at https://a1078485-a3ae-cd3fe9bf.nmb2.seetacloud.com:8443/jupyter/static/lab/jlab_core.3e11c5239452d671150c.js?v=3e11c5239452d671150c:2:1397922 @ https://a1078485-a3ae-cd3fe9bf.nmb2.seetacloud.com:8443/jupyter/static/lab/jlab_core.3e11c5239452d671150c.js?v=3e11c5239452d671150c:1
[    1077ms] [ERROR] Plugin '@jupyterlab/vega5-extension:factory' failed to activate. @ https://a1078485-a3ae-cd3fe9bf.nmb2.seetacloud.com:8443/jupyter/static/lab/jlab_core.3e11c5239452d671150c.js?v=3e11c5239452d671150c:1
[    1077ms] [ERROR] TypeError: Failed to fetch
    at Object.n [as handleRequest] (https://a1078485-a3ae-cd3fe9bf.nmb2.seetacloud.com:8443/jupyter/static/lab/jlab_core.3e11c5239452d671150c.js?v=3e11c5239452d671150c:2:1066973)
    at n (https://a1078485-a3ae-cd3fe9bf.nmb2.seetacloud.com:8443/jupyter/static/lab/jlab_core.3e11c5239452d671150c.js?v=3e11c5239452d671150c:2:1065065)
    at a.list (https://a1078485-a3ae-cd3fe9bf.nmb2.seetacloud.com:8443/jupyter/static/lab/jlab_core.3e11c5239452d671150c.js?v=3e11c5239452d671150c:2:1080328)
    at F.list (https://a1078485-a3ae-cd3fe9bf.nmb2.seetacloud.com:8443/jupyter/static/lab/jlab_core.3e11c5239452d671150c.js?v=3e11c5239452d671150c:2:72489)
    at activate (https://a1078485-a3ae-cd3fe9bf.nmb2.seetacloud.com:8443/jupyter/static/lab/jlab_core.3e11c5239452d671150c.js?v=3e11c5239452d671150c:2:72881)
    at https://a1078485-a3ae-cd3fe9bf.nmb2.seetacloud.com:8443/jupyter/static/lab/jlab_core.3e11c5239452d671150c.js?v=3e11c5239452d671150c:2:1397922 @ https://a1078485-a3ae-cd3fe9bf.nmb2.seetacloud.com:8443/jupyter/static/lab/jlab_core.3e11c5239452d671150c.js?v=3e11c5239452d671150c:1
[    1077ms] [ERROR] Plugin '@jupyterlab/apputils-extension:state' failed to activate. @ https://a1078485-a3ae-cd3fe9bf.nmb2.seetacloud.com:8443/jupyter/static/lab/jlab_core.3e11c5239452d671150c.js?v=3e11c5239452d671150c:1
[    1077ms] [ERROR] TypeError: Failed to fetch
    at Object.n [as handleRequest] (https://a1078485-a3ae-cd3fe9bf.nmb2.seetacloud.com:8443/jupyter/static/lab/jlab_core.3e11c5239452d671150c.js?v=3e11c5239452d671150c:2:1066973)
    at n (https://a1078485-a3ae-cd3fe9bf.nmb2.seetacloud.com:8443/jupyter/static/lab/jlab_core.3e11c5239452d671150c.js?v=3e11c5239452d671150c:2:1065065)
    at a.list (https://a1078485-a3ae-cd3fe9bf.nmb2.seetacloud.com:8443/jupyter/static/lab/jlab_core.3e11c5239452d671150c.js?v=3e11c5239452d671150c:2:1080328)
    at F.list (https://a1078485-a3ae-cd3fe9bf.nmb2.seetacloud.com:8443/jupyter/static/lab/jlab_core.3e11c5239452d671150c.js?v=3e11c5239452d671150c:2:72489)
    at activate (https://a1078485-a3ae-cd3fe9bf.nmb2.seetacloud.com:8443/jupyter/static/lab/jlab_core.3e11c5239452d671150c.js?v=3e11c5239452d671150c:2:72881)
    at https://a1078485-a3ae-cd3fe9bf.nmb2.seetacloud.com:8443/jupyter/static/lab/jlab_core.3e11c5239452d671150c.js?v=3e11c5239452d671150c:2:1397922 @ https://a1078485-a3ae-cd3fe9bf.nmb2.seetacloud.com:8443/jupyter/static/lab/jlab_core.3e11c5239452d671150c.js?v=3e11c5239452d671150c:1
[    1077ms] [ERROR] TypeError: Failed to fetch
    at Object.n [as handleRequest] (https://a1078485-a3ae-cd3fe9bf.nmb2.seetacloud.com:8443/jupyter/static/lab/jlab_core.3e11c5239452d671150c.js?v=3e11c5239452d671150c:2:1066973)
    at n (https://a1078485-a3ae-cd3fe9bf.nmb2.seetacloud.com:8443/jupyter/static/lab/jlab_core.3e11c5239452d671150c.js?v=3e11c5239452d671150c:2:1065065)
    at a.list (https://a1078485-a3ae-cd3fe9bf.nmb2.seetacloud.com:8443/jupyter/static/lab/jlab_core.3e11c5239452d671150c.js?v=3e11c5239452d671150c:2:1080328)
    at F.list (https://a1078485-a3ae-cd3fe9bf.nmb2.seetacloud.com:8443/jupyter/static/lab/jlab_core.3e11c5239452d671150c.js?v=3e11c5239452d671150c:2:72489)
    at activate (https://a1078485-a3ae-cd3fe9bf.nmb2.seetacloud.com:8443/jupyter/static/lab/jlab_core.3e11c5239452d671150c.js?v=3e11c5239452d671150c:2:72881)
    at https://a1078485-a3ae-cd3fe9bf.nmb2.seetacloud.com:8443/jupyter/static/lab/jlab_core.3e11c5239452d671150c.js?v=3e11c5239452d671150c:2:1397922 @ https://a1078485-a3ae-cd3fe9bf.nmb2.seetacloud.com:8443/jupyter/static/lab/jlab_core.3e11c5239452d671150c.js?v=3e11c5239452d671150c:1
[    1077ms] [ERROR] Plugin '@jupyterlab/application-extension:dirty' failed to activate. @ https://a1078485-a3ae-cd3fe9bf.nmb2.seetacloud.com:8443/jupyter/static/lab/jlab_core.3e11c5239452d671150c.js?v=3e11c5239452d671150c:1
[    1077ms] [ERROR] TypeError: Failed to fetch
    at Object.n [as handleRequest] (https://a1078485-a3ae-cd3fe9bf.nmb2.seetacloud.com:8443/jupyter/static/lab/jlab_core.3e11c5239452d671150c.js?v=3e11c5239452d671150c:2:1066973)
    at n (https://a1078485-a3ae-cd3fe9bf.nmb2.seetacloud.com:8443/jupyter/static/lab/jlab_core.3e11c5239452d671150c.js?v=3e11c5239452d671150c:2:1065065)
    at a.list (https://a1078485-a3ae-cd3fe9bf.nmb2.seetacloud.com:8443/jupyter/static/lab/jlab_core.3e11c5239452d671150c.js?v=3e11c5239452d671150c:2:1080328)
    at F.list (https://a1078485-a3ae-cd3fe9bf.nmb2.seetacloud.com:8443/jupyter/static/lab/jlab_core.3e11c5239452d671150c.js?v=3e11c5239452d671150c:2:72489)
    at activate (https://a1078485-a3ae-cd3fe9bf.nmb2.seetacloud.com:8443/jupyter/static/lab/jlab_core.3e11c5239452d671150c.js?v=3e11c5239452d671150c:2:72881)
    at https://a1078485-a3ae-cd3fe9bf.nmb2.seetacloud.com:8443/jupyter/static/lab/jlab_core.3e11c5239452d671150c.js?v=3e11c5239452d671150c:2:1397922 @ https://a1078485-a3ae-cd3fe9bf.nmb2.seetacloud.com:8443/jupyter/static/lab/jlab_core.3e11c5239452d671150c.js?v=3e11c5239452d671150c:1
[    1077ms] [ERROR] Plugin '@jupyterlab/application-extension:main' failed to activate. @ https://a1078485-a3ae-cd3fe9bf.nmb2.seetacloud.com:8443/jupyter/static/lab/jlab_core.3e11c5239452d671150c.js?v=3e11c5239452d671150c:1
[    1077ms] [ERROR] TypeError: Failed to fetch
    at Object.n [as handleRequest] (https://a1078485-a3ae-cd3fe9bf.nmb2.seetacloud.com:8443/jupyter/static/lab/jlab_core.3e11c5239452d671150c.js?v=3e11c5239452d671150c:2:1066973)
    at n (https://a1078485-a3ae-cd3fe9bf.nmb2.seetacloud.com:8443/jupyter/static/lab/jlab_core.3e11c5239452d671150c.js?v=3e11c5239452d671150c:2:1065065)
    at a.list (https://a1078485-a3ae-cd3fe9bf.nmb2.seetacloud.com:8443/jupyter/static/lab/jlab_core.3e11c5239452d671150c.js?v=3e11c5239452d671150c:2:1080328)
    at F.list (https://a1078485-a3ae-cd3fe9bf.nmb2.seetacloud.com:8443/jupyter/static/lab/jlab_core.3e11c5239452d671150c.js?v=3e11c5239452d671150c:2:72489)
    at activate (https://a1078485-a3ae-cd3fe9bf.nmb2.seetacloud.com:8443/jupyter/static/lab/jlab_core.3e11c5239452d671150c.js?v=3e11c5239452d671150c:2:72881)
    at https://a1078485-a3ae-cd3fe9bf.nmb2.seetacloud.com:8443/jupyter/static/lab/jlab_core.3e11c5239452d671150c.js?v=3e11c5239452d671150c:2:1397922 @ https://a1078485-a3ae-cd3fe9bf.nmb2.seetacloud.com:8443/jupyter/static/lab/jlab_core.3e11c5239452d671150c.js?v=3e11c5239452d671150c:1
[    1077ms] [ERROR] TypeError: Failed to fetch
    at Object.n [as handleRequest] (https://a1078485-a3ae-cd3fe9bf.nmb2.seetacloud.com:8443/jupyter/static/lab/jlab_core.3e11c5239452d671150c.js?v=3e11c5239452d671150c:2:1066973)
    at n (https://a1078485-a3ae-cd3fe9bf.nmb2.seetacloud.com:8443/jupyter/static/lab/jlab_core.3e11c5239452d671150c.js?v=3e11c5239452d671150c:2:1065065)
    at a.list (https://a1078485-a3ae-cd3fe9bf.nmb2.seetacloud.com:8443/jupyter/static/lab/jlab_core.3e11c5239452d671150c.js?v=3e11c5239452d671150c:2:1080328)
    at F.list (https://a1078485-a3ae-cd3fe9bf.nmb2.seetacloud.com:8443/jupyter/static/lab/jlab_core.3e11c5239452d671150c.js?v=3e11c5239452d671150c:2:72489)
    at activate (https://a1078485-a3ae-cd3fe9bf.nmb2.seetacloud.com:8443/jupyter/static/lab/jlab_core.3e11c5239452d671150c.js?v=3e11c5239452d671150c:2:72881)
    at https://a1078485-a3ae-cd3fe9bf.nmb2.seetacloud.com:8443/jupyter/static/lab/jlab_core.3e11c5239452d671150c.js?v=3e11c5239452d671150c:2:1397922 @ https://a1078485-a3ae-cd3fe9bf.nmb2.seetacloud.com:8443/jupyter/static/lab/jlab_core.3e11c5239452d671150c.js?v=3e11c5239452d671150c:1
[    1077ms] [ERROR] TypeError: Failed to fetch
    at Object.n [as handleRequest] (https://a1078485-a3ae-cd3fe9bf.nmb2.seetacloud.com:8443/jupyter/static/lab/jlab_core.3e11c5239452d671150c.js?v=3e11c5239452d671150c:2:1066973)
    at n (https://a1078485-a3ae-cd3fe9bf.nmb2.seetacloud.com:8443/jupyter/static/lab/jlab_core.3e11c5239452d671150c.js?v=3e11c5239452d671150c:2:1065065)
    at a.list (https://a1078485-a3ae-cd3fe9bf.nmb2.seetacloud.com:8443/jupyter/static/lab/jlab_core.3e11c5239452d671150c.js?v=3e11c5239452d671150c:2:1080328)
    at F.list (https://a1078485-a3ae-cd3fe9bf.nmb2.seetacloud.com:8443/jupyter/static/lab/jlab_core.3e11c5239452d671150c.js?v=3e11c5239452d671150c:2:72489)
    at activate (https://a1078485-a3ae-cd3fe9bf.nmb2.seetacloud.com:8443/jupyter/static/lab/jlab_core.3e11c5239452d671150c.js?v=3e11c5239452d671150c:2:72881)
    at https://a1078485-a3ae-cd3fe9bf.nmb2.seetacloud.com:8443/jupyter/static/lab/jlab_core.3e11c5239452d671150c.js?v=3e11c5239452d671150c:2:1397922 @ https://a1078485-a3ae-cd3fe9bf.nmb2.seetacloud.com:8443/jupyter/static/lab/jlab_core.3e11c5239452d671150c.js?v=3e11c5239452d671150c:1
[    1077ms] [ERROR] Plugin '@jupyterlab/apputils-extension:connectionlost' failed to activate. @ https://a1078485-a3ae-cd3fe9bf.nmb2.seetacloud.com:8443/jupyter/static/lab/jlab_core.3e11c5239452d671150c.js?v=3e11c5239452d671150c:1
[    1077ms] [ERROR] TypeError: Failed to fetch
    at Object.n [as handleRequest] (https://a1078485-a3ae-cd3fe9bf.nmb2.seetacloud.com:8443/jupyter/static/lab/jlab_core.3e11c5239452d671150c.js?v=3e11c5239452d671150c:2:1066973)
    at n (https://a1078485-a3ae-cd3fe9bf.nmb2.seetacloud.com:8443/jupyter/static/lab/jlab_core.3e11c5239452d671150c.js?v=3e11c5239452d671150c:2:1065065)
    at a.list (https://a1078485-a3ae-cd3fe9bf.nmb2.seetacloud.com:8443/jupyter/static/lab/jlab_core.3e11c5239452d671150c.js?v=3e11c5239452d671150c:2:1080328)
    at F.list (https://a1078485-a3ae-cd3fe9bf.nmb2.seetacloud.com:8443/jupyter/static/lab/jlab_core.3e11c5239452d671150c.js?v=3e11c5239452d671150c:2:72489)
    at activate (https://a1078485-a3ae-cd3fe9bf.nmb2.seetacloud.com:8443/jupyter/static/lab/jlab_core.3e11c5239452d671150c.js?v=3e11c5239452d671150c:2:72881)
    at https://a1078485-a3ae-cd3fe9bf.nmb2.seetacloud.com:8443/jupyter/static/lab/jlab_core.3e11c5239452d671150c.js?v=3e11c5239452d671150c:2:1397922 @ https://a1078485-a3ae-cd3fe9bf.nmb2.seetacloud.com:8443/jupyter/static/lab/jlab_core.3e11c5239452d671150c.js?v=3e11c5239452d671150c:1
[    1077ms] [ERROR] Plugin '@jupyterlab/application-extension:commands' failed to activate. @ https://a1078485-a3ae-cd3fe9bf.nmb2.seetacloud.com:8443/jupyter/static/lab/jlab_core.3e11c5239452d671150c.js?v=3e11c5239452d671150c:1
[    1077ms] [ERROR] TypeError: Failed to fetch
    at Object.n [as handleRequest] (https://a1078485-a3ae-cd3fe9bf.nmb2.seetacloud.com:8443/jupyter/static/lab/jlab_core.3e11c5239452d671150c.js?v=3e11c5239452d671150c:2:1066973)
    at n (https://a1078485-a3ae-cd3fe9bf.nmb2.seetacloud.com:8443/jupyter/static/lab/jlab_core.3e11c5239452d671150c.js?v=3e11c5239452d671150c:2:1065065)
    at a.list (https://a1078485-a3ae-cd3fe9bf.nmb2.seetacloud.com:8443/jupyter/static/lab/jlab_core.3e11c5239452d671150c.js?v=3e11c5239452d671150c:2:1080328)
    at F.list (https://a1078485-a3ae-cd3fe9bf.nmb2.seetacloud.com:8443/jupyter/static/lab/jlab_core.3e11c5239452d671150c.js?v=3e11c5239452d671150c:2:72489)
    at activate (https://a1078485-a3ae-cd3fe9bf.nmb2.seetacloud.com:8443/jupyter/static/lab/jlab_core.3e11c5239452d671150c.js?v=3e11c5239452d671150c:2:72881)
    at https://a1078485-a3ae-cd3fe9bf.nmb2.seetacloud.com:8443/jupyter/static/lab/jlab_core.3e11c5239452d671150c.js?v=3e11c5239452d671150c:2:1397922 @ https://a1078485-a3ae-cd3fe9bf.nmb2.seetacloud.com:8443/jupyter/static/lab/jlab_core.3e11c5239452d671150c.js?v=3e11c5239452d671150c:1
[    1077ms] [ERROR] Plugin '@jupyterlab/application-extension:notfound' failed to activate. @ https://a1078485-a3ae-cd3fe9bf.nmb2.seetacloud.com:8443/jupyter/static/lab/jlab_core.3e11c5239452d671150c.js?v=3e11c5239452d671150c:1
[    1077ms] [ERROR] TypeError: Failed to fetch
    at Object.n [as handleRequest] (https://a1078485-a3ae-cd3fe9bf.nmb2.seetacloud.com:8443/jupyter/static/lab/jlab_core.3e11c5239452d671150c.js?v=3e11c5239452d671150c:2:1066973)
    at n (https://a1078485-a3ae-cd3fe9bf.nmb2.seetacloud.com:8443/jupyter/static/lab/jlab_core.3e11c5239452d671150c.js?v=3e11c5239452d671150c:2:1065065)
    at a.list (https://a1078485-a3ae-cd3fe9bf.nmb2.seetacloud.com:8443/jupyter/static/lab/jlab_core.3e11c5239452d671150c.js?v=3e11c5239452d671150c:2:1080328)
    at F.list (https://a1078485-a3ae-cd3fe9bf.nmb2.seetacloud.com:8443/jupyter/static/lab/jlab_core.3e11c5239452d671150c.js?v=3e11c5239452d671150c:2:72489)
    at activate (https://a1078485-a3ae-cd3fe9bf.nmb2.seetacloud.com:8443/jupyter/static/lab/jlab_core.3e11c5239452d671150c.js?v=3e11c5239452d671150c:2:72881)
    at https://a1078485-a3ae-cd3fe9bf.nmb2.seetacloud.com:8443/jupyter/static/lab/jlab_core.3e11c5239452d671150c.js?v=3e11c5239452d671150c:2:1397922 @ https://a1078485-a3ae-cd3fe9bf.nmb2.seetacloud.com:8443/jupyter/static/lab/jlab_core.3e11c5239452d671150c.js?v=3e11c5239452d671150c:1
[    1077ms] [ERROR] Plugin '@jupyterlab/application-extension:property-inspector' failed to activate. @ https://a1078485-a3ae-cd3fe9bf.nmb2.seetacloud.com:8443/jupyter/static/lab/jlab_core.3e11c5239452d671150c.js?v=3e11c5239452d671150c:1
[    1077ms] [ERROR] TypeError: Failed to fetch
    at Object.n [as handleRequest] (https://a1078485-a3ae-cd3fe9bf.nmb2.seetacloud.com:8443/jupyter/static/lab/jlab_core.3e11c5239452d671150c.js?v=3e11c5239452d671150c:2:1066973)
    at n (https://a1078485-a3ae-cd3fe9bf.nmb2.seetacloud.com:8443/jupyter/static/lab/jlab_core.3e11c5239452d671150c.js?v=3e11c5239452d671150c:2:1065065)
    at a.list (https://a1078485-a3ae-cd3fe9bf.nmb2.seetacloud.com:8443/jupyter/static/lab/jlab_core.3e11c5239452d671150c.js?v=3e11c5239452d671150c:2:1080328)
    at F.list (https://a1078485-a3ae-cd3fe9bf.nmb2.seetacloud.com:8443/jupyter/static/lab/jlab_core.3e11c5239452d671150c.js?v=3e11c5239452d671150c:2:72489)
    at activate (https://a1078485-a3ae-cd3fe9bf.nmb2.seetacloud.com:8443/jupyter/static/lab/jlab_core.3e11c5239452d671150c.js?v=3e11c5239452d671150c:2:72881)
    at https://a1078485-a3ae-cd3fe9bf.nmb2.seetacloud.com:8443/jupyter/static/lab/jlab_core.3e11c5239452d671150c.js?v=3e11c5239452d671150c:2:1397922 @ https://a1078485-a3ae-cd3fe9bf.nmb2.seetacloud.com:8443/jupyter/static/lab/jlab_core.3e11c5239452d671150c.js?v=3e11c5239452d671150c:1
[    1077ms] [ERROR] TypeError: Failed to fetch
    at Object.n [as handleRequest] (https://a1078485-a3ae-cd3fe9bf.nmb2.seetacloud.com:8443/jupyter/static/lab/jlab_core.3e11c5239452d671150c.js?v=3e11c5239452d671150c:2:1066973)
    at n (https://a1078485-a3ae-cd3fe9bf.nmb2.seetacloud.com:8443/jupyter/static/lab/jlab_core.3e11c5239452d671150c.js?v=3e11c5239452d671150c:2:1065065)
    at a.list (https://a1078485-a3ae-cd3fe9bf.nmb2.seetacloud.com:8443/jupyter/static/lab/jlab_core.3e11c5239452d671150c.js?v=3e11c5239452d671150c:2:1080328)
    at F.list (https://a1078485-a3ae-cd3fe9bf.nmb2.seetacloud.com:8443/jupyter/static/lab/jlab_core.3e11c5239452d671150c.js?v=3e11c5239452d671150c:2:72489)
    at activate (https://a1078485-a3ae-cd3fe9bf.nmb2.seetacloud.com:8443/jupyter/static/lab/jlab_core.3e11c5239452d671150c.js?v=3e11c5239452d671150c:2:72881)
    at https://a1078485-a3ae-cd3fe9bf.nmb2.seetacloud.com:8443/jupyter/static/lab/jlab_core.3e11c5239452d671150c.js?v=3e11c5239452d671150c:2:1397922 @ https://a1078485-a3ae-cd3fe9bf.nmb2.seetacloud.com:8443/jupyter/static/lab/jlab_core.3e11c5239452d671150c.js?v=3e11c5239452d671150c:1
[    1077ms] [ERROR] TypeError: Failed to fetch
    at Object.n [as handleRequest] (https://a1078485-a3ae-cd3fe9bf.nmb2.seetacloud.com:8443/jupyter/static/lab/jlab_core.3e11c5239452d671150c.js?v=3e11c5239452d671150c:2:1066973)
    at n (https://a1078485-a3ae-cd3fe9bf.nmb2.seetacloud.com:8443/jupyter/static/lab/jlab_core.3e11c5239452d671150c.js?v=3e11c5239452d671150c:2:1065065)
    at a.list (https://a1078485-a3ae-cd3fe9bf.nmb2.seetacloud.com:8443/jupyter/static/lab/jlab_core.3e11c5239452d671150c.js?v=3e11c5239452d671150c:2:1080328)
    at F.list (https://a1078485-a3ae-cd3fe9bf.nmb2.seetacloud.com:8443/jupyter/static/lab/jlab_core.3e11c5239452d671150c.js?v=3e11c5239452d671150c:2:72489)
    at activate (https://a1078485-a3ae-cd3fe9bf.nmb2.seetacloud.com:8443/jupyter/static/lab/jlab_core.3e11c5239452d671150c.js?v=3e11c5239452d671150c:2:72881)
    at https://a1078485-a3ae-cd3fe9bf.nmb2.seetacloud.com:8443/jupyter/static/lab/jlab_core.3e11c5239452d671150c.js?v=3e11c5239452d671150c:2:1397922 @ https://a1078485-a3ae-cd3fe9bf.nmb2.seetacloud.com:8443/jupyter/static/lab/jlab_core.3e11c5239452d671150c.js?v=3e11c5239452d671150c:1
[    1077ms] [ERROR] TypeError: Failed to fetch
    at Object.n [as handleRequest] (https://a1078485-a3ae-cd3fe9bf.nmb2.seetacloud.com:8443/jupyter/static/lab/jlab_core.3e11c5239452d671150c.js?v=3e11c5239452d671150c:2:1066973)
    at n (https://a1078485-a3ae-cd3fe9bf.nmb2.seetacloud.com:8443/jupyter/static/lab/jlab_core.3e11c5239452d671150c.js?v=3e11c5239452d671150c:2:1065065)
    at a.list (https://a1078485-a3ae-cd3fe9bf.nmb2.seetacloud.com:8443/jupyter/static/lab/jlab_core.3e11c5239452d671150c.js?v=3e11c5239452d671150c:2:1080328)
    at F.list (https://a1078485-a3ae-cd3fe9bf.nmb2.seetacloud.com:8443/jupyter/static/lab/jlab_core.3e11c5239452d671150c.js?v=3e11c5239452d671150c:2:72489)
    at activate (https://a1078485-a3ae-cd3fe9bf.nmb2.seetacloud.com:8443/jupyter/static/lab/jlab_core.3e11c5239452d671150c.js?v=3e11c5239452d671150c:2:72881)
    at https://a1078485-a3ae-cd3fe9bf.nmb2.seetacloud.com:8443/jupyter/static/lab/jlab_core.3e11c5239452d671150c.js?v=3e11c5239452d671150c:2:1397922 @ https://a1078485-a3ae-cd3fe9bf.nmb2.seetacloud.com:8443/jupyter/static/lab/jlab_core.3e11c5239452d671150c.js?v=3e11c5239452d671150c:1
[    1077ms] [ERROR] TypeError: Failed to fetch
    at Object.n [as handleRequest] (https://a1078485-a3ae-cd3fe9bf.nmb2.seetacloud.com:8443/jupyter/static/lab/jlab_core.3e11c5239452d671150c.js?v=3e11c5239452d671150c:2:1066973)
    at n (https://a1078485-a3ae-cd3fe9bf.nmb2.seetacloud.com:8443/jupyter/static/lab/jlab_core.3e11c5239452d671150c.js?v=3e11c5239452d671150c:2:1065065)
    at a.list (https://a1078485-a3ae-cd3fe9bf.nmb2.seetacloud.com:8443/jupyter/static/lab/jlab_core.3e11c5239452d671150c.js?v=3e11c5239452d671150c:2:1080328)
    at F.list (https://a1078485-a3ae-cd3fe9bf.nmb2.seetacloud.com:8443/jupyter/static/lab/jlab_core.3e11c5239452d671150c.js?v=3e11c5239452d671150c:2:72489)
    at activate (https://a1078485-a3ae-cd3fe9bf.nmb2.seetacloud.com:8443/jupyter/static/lab/jlab_core.3e11c5239452d671150c.js?v=3e11c5239452d671150c:2:72881)
    at https://a1078485-a3ae-cd3fe9bf.nmb2.seetacloud.com:8443/jupyter/static/lab/jlab_core.3e11c5239452d671150c.js?v=3e11c5239452d671150c:2:1397922 @ https://a1078485-a3ae-cd3fe9bf.nmb2.seetacloud.com:8443/jupyter/static/lab/jlab_core.3e11c5239452d671150c.js?v=3e11c5239452d671150c:1
[    1077ms] [ERROR] TypeError: Failed to fetch
    at Object.n [as handleRequest] (https://a1078485-a3ae-cd3fe9bf.nmb2.seetacloud.com:8443/jupyter/static/lab/jlab_core.3e11c5239452d671150c.js?v=3e11c5239452d671150c:2:1066973)
    at n (https://a1078485-a3ae-cd3fe9bf.nmb2.seetacloud.com:8443/jupyter/static/lab/jlab_core.3e11c5239452d671150c.js?v=3e11c5239452d671150c:2:1065065)
    at a.list (https://a1078485-a3ae-cd3fe9bf.nmb2.seetacloud.com:8443/jupyter/static/lab/jlab_core.3e11c5239452d671150c.js?v=3e11c5239452d671150c:2:1080328)
    at F.list (https://a1078485-a3ae-cd3fe9bf.nmb2.seetacloud.com:8443/jupyter/static/lab/jlab_core.3e11c5239452d671150c.js?v=3e11c5239452d671150c:2:72489)
    at activate (https://a1078485-a3ae-cd3fe9bf.nmb2.seetacloud.com:8443/jupyter/static/lab/jlab_core.3e11c5239452d671150c.js?v=3e11c5239452d671150c:2:72881)
    at https://a1078485-a3ae-cd3fe9bf.nmb2.seetacloud.com:8443/jupyter/static/lab/jlab_core.3e11c5239452d671150c.js?v=3e11c5239452d671150c:2:1397922 @ https://a1078485-a3ae-cd3fe9bf.nmb2.seetacloud.com:8443/jupyter/static/lab/jlab_core.3e11c5239452d671150c.js?v=3e11c5239452d671150c:1
[    1077ms] [ERROR] TypeError: Failed to fetch
    at Object.n [as handleRequest] (https://a1078485-a3ae-cd3fe9bf.nmb2.seetacloud.com:8443/jupyter/static/lab/jlab_core.3e11c5239452d671150c.js?v=3e11c5239452d671150c:2:1066973)
    at n (https://a1078485-a3ae-cd3fe9bf.nmb2.seetacloud.com:8443/jupyter/static/lab/jlab_core.3e11c5239452d671150c.js?v=3e11c5239452d671150c:2:1065065)
    at a.list (https://a1078485-a3ae-cd3fe9bf.nmb2.seetacloud.com:8443/jupyter/static/lab/jlab_core.3e11c5239452d671150c.js?v=3e11c5239452d671150c:2:1080328)
    at F.list (https://a1078485-a3ae-cd3fe9bf.nmb2.seetacloud.com:8443/jupyter/static/lab/jlab_core.3e11c5239452d671150c.js?v=3e11c5239452d671150c:2:72489)
    at activate (https://a1078485-a3ae-cd3fe9bf.nmb2.seetacloud.com:8443/jupyter/static/lab/jlab_core.3e11c5239452d671150c.js?v=3e11c5239452d671150c:2:72881)
    at https://a1078485-a3ae-cd3fe9bf.nmb2.seetacloud.com:8443/jupyter/static/lab/jlab_core.3e11c5239452d671150c.js?v=3e11c5239452d671150c:2:1397922 @ https://a1078485-a3ae-cd3fe9bf.nmb2.seetacloud.com:8443/jupyter/static/lab/jlab_core.3e11c5239452d671150c.js?v=3e11c5239452d671150c:1
[    1077ms] [ERROR] TypeError: Failed to fetch
    at Object.n [as handleRequest] (https://a1078485-a3ae-cd3fe9bf.nmb2.seetacloud.com:8443/jupyter/static/lab/jlab_core.3e11c5239452d671150c.js?v=3e11c5239452d671150c:2:1066973)
    at n (https://a1078485-a3ae-cd3fe9bf.nmb2.seetacloud.com:8443/jupyter/static/lab/jlab_core.3e11c5239452d671150c.js?v=3e11c5239452d671150c:2:1065065)
    at a.list (https://a1078485-a3ae-cd3fe9bf.nmb2.seetacloud.com:8443/jupyter/static/lab/jlab_core.3e11c5239452d671150c.js?v=3e11c5239452d671150c:2:1080328)
    at F.list (https://a1078485-a3ae-cd3fe9bf.nmb2.seetacloud.com:8443/jupyter/static/lab/jlab_core.3e11c5239452d671150c.js?v=3e11c5239452d671150c:2:72489)
    at activate (https://a1078485-a3ae-cd3fe9bf.nmb2.seetacloud.com:8443/jupyter/static/lab/jlab_core.3e11c5239452d671150c.js?v=3e11c5239452d671150c:2:72881)
    at https://a1078485-a3ae-cd3fe9bf.nmb2.seetacloud.com:8443/jupyter/static/lab/jlab_core.3e11c5239452d671150c.js?v=3e11c5239452d671150c:2:1397922 @ https://a1078485-a3ae-cd3fe9bf.nmb2.seetacloud.com:8443/jupyter/static/lab/jlab_core.3e11c5239452d671150c.js?v=3e11c5239452d671150c:1
[    1077ms] [ERROR] TypeError: Failed to fetch
    at Object.n [as handleRequest] (https://a1078485-a3ae-cd3fe9bf.nmb2.seetacloud.com:8443/jupyter/static/lab/jlab_core.3e11c5239452d671150c.js?v=3e11c5239452d671150c:2:1066973)
    at n (https://a1078485-a3ae-cd3fe9bf.nmb2.seetacloud.com:8443/jupyter/static/lab/jlab_core.3e11c5239452d671150c.js?v=3e11c5239452d671150c:2:1065065)
    at a.list (https://a1078485-a3ae-cd3fe9bf.nmb2.seetacloud.com:8443/jupyter/static/lab/jlab_core.3e11c5239452d671150c.js?v=3e11c5239452d671150c:2:1080328)
    at F.list (https://a1078485-a3ae-cd3fe9bf.nmb2.seetacloud.com:8443/jupyter/static/lab/jlab_core.3e11c5239452d671150c.js?v=3e11c5239452d671150c:2:72489)
    at activate (https://a1078485-a3ae-cd3fe9bf.nmb2.seetacloud.com:8443/jupyter/static/lab/jlab_core.3e11c5239452d671150c.js?v=3e11c5239452d671150c:2:72881)
    at https://a1078485-a3ae-cd3fe9bf.nmb2.seetacloud.com:8443/jupyter/static/lab/jlab_core.3e11c5239452d671150c.js?v=3e11c5239452d671150c:2:1397922 @ https://a1078485-a3ae-cd3fe9bf.nmb2.seetacloud.com:8443/jupyter/static/lab/jlab_core.3e11c5239452d671150c.js?v=3e11c5239452d671150c:1
[    1077ms] [ERROR] TypeError: Failed to fetch
    at Object.n [as handleRequest] (https://a1078485-a3ae-cd3fe9bf.nmb2.seetacloud.com:8443/jupyter/static/lab/jlab_core.3e11c5239452d671150c.js?v=3e11c5239452d671150c:2:1066973)
    at n (https://a1078485-a3ae-cd3fe9bf.nmb2.seetacloud.com:8443/jupyter/static/lab/jlab_core.3e11c5239452d671150c.js?v=3e11c5239452d671150c:2:1065065)
    at a.list (https://a1078485-a3ae-cd3fe9bf.nmb2.seetacloud.com:8443/jupyter/static/lab/jlab_core.3e11c5239452d671150c.js?v=3e11c5239452d671150c:2:1080328)
    at F.list (https://a1078485-a3ae-cd3fe9bf.nmb2.seetacloud.com:8443/jupyter/static/lab/jlab_core.3e11c5239452d671150c.js?v=3e11c5239452d671150c:2:72489)
    at activate (https://a1078485-a3ae-cd3fe9bf.nmb2.seetacloud.com:8443/jupyter/static/lab/jlab_core.3e11c5239452d671150c.js?v=3e11c5239452d671150c:2:72881)
    at https://a1078485-a3ae-cd3fe9bf.nmb2.seetacloud.com:8443/jupyter/static/lab/jlab_core.3e11c5239452d671150c.js?v=3e11c5239452d671150c:2:1397922 @ https://a1078485-a3ae-cd3fe9bf.nmb2.seetacloud.com:8443/jupyter/static/lab/jlab_core.3e11c5239452d671150c.js?v=3e11c5239452d671150c:1
[    1077ms] [ERROR] TypeError: Failed to fetch
    at Object.n [as handleRequest] (https://a1078485-a3ae-cd3fe9bf.nmb2.seetacloud.com:8443/jupyter/static/lab/jlab_core.3e11c5239452d671150c.js?v=3e11c5239452d671150c:2:1066973)
    at n (https://a1078485-a3ae-cd3fe9bf.nmb2.seetacloud.com:8443/jupyter/static/lab/jlab_core.3e11c5239452d671150c.js?v=3e11c5239452d671150c:2:1065065)
    at a.list (https://a1078485-a3ae-cd3fe9bf.nmb2.seetacloud.com:8443/jupyter/static/lab/jlab_core.3e11c5239452d671150c.js?v=3e11c5239452d671150c:2:1080328)
    at F.list (https://a1078485-a3ae-cd3fe9bf.nmb2.seetacloud.com:8443/jupyter/static/lab/jlab_core.3e11c5239452d671150c.js?v=3e11c5239452d671150c:2:72489)
    at activate (https://a1078485-a3ae-cd3fe9bf.nmb2.seetacloud.com:8443/jupyter/static/lab/jlab_core.3e11c5239452d671150c.js?v=3e11c5239452d671150c:2:72881)
    at https://a1078485-a3ae-cd3fe9bf.nmb2.seetacloud.com:8443/jupyter/static/lab/jlab_core.3e11c5239452d671150c.js?v=3e11c5239452d671150c:2:1397922 @ https://a1078485-a3ae-cd3fe9bf.nmb2.seetacloud.com:8443/jupyter/static/lab/jlab_core.3e11c5239452d671150c.js?v=3e11c5239452d671150c:1
[    1077ms] [ERROR] Plugin '@jupyterlab/statusbar-extension:plugin' failed to activate. @ https://a1078485-a3ae-cd3fe9bf.nmb2.seetacloud.com:8443/jupyter/static/lab/jlab_core.3e11c5239452d671150c.js?v=3e11c5239452d671150c:1
[    1077ms] [ERROR] TypeError: Failed to fetch
    at Object.n [as handleRequest] (https://a1078485-a3ae-cd3fe9bf.nmb2.seetacloud.com:8443/jupyter/static/lab/jlab_core.3e11c5239452d671150c.js?v=3e11c5239452d671150c:2:1066973)
    at n (https://a1078485-a3ae-cd3fe9bf.nmb2.seetacloud.com:8443/jupyter/static/lab/jlab_core.3e11c5239452d671150c.js?v=3e11c5239452d671150c:2:1065065)
    at a.list (https://a1078485-a3ae-cd3fe9bf.nmb2.seetacloud.com:8443/jupyter/static/lab/jlab_core.3e11c5239452d671150c.js?v=3e11c5239452d671150c:2:1080328)
    at F.list (https://a1078485-a3ae-cd3fe9bf.nmb2.seetacloud.com:8443/jupyter/static/lab/jlab_core.3e11c5239452d671150c.js?v=3e11c5239452d671150c:2:72489)
    at activate (https://a1078485-a3ae-cd3fe9bf.nmb2.seetacloud.com:8443/jupyter/static/lab/jlab_core.3e11c5239452d671150c.js?v=3e11c5239452d671150c:2:72881)
    at https://a1078485-a3ae-cd3fe9bf.nmb2.seetacloud.com:8443/jupyter/static/lab/jlab_core.3e11c5239452d671150c.js?v=3e11c5239452d671150c:2:1397922 @ https://a1078485-a3ae-cd3fe9bf.nmb2.seetacloud.com:8443/jupyter/static/lab/jlab_core.3e11c5239452d671150c.js?v=3e11c5239452d671150c:1
[    1077ms] [ERROR] Plugin '@jupyterlab/apputils-extension:palette-restorer' failed to activate. @ https://a1078485-a3ae-cd3fe9bf.nmb2.seetacloud.com:8443/jupyter/static/lab/jlab_core.3e11c5239452d671150c.js?v=3e11c5239452d671150c:1
[    1077ms] [ERROR] TypeError: Failed to fetch
    at Object.n [as handleRequest] (https://a1078485-a3ae-cd3fe9bf.nmb2.seetacloud.com:8443/jupyter/static/lab/jlab_core.3e11c5239452d671150c.js?v=3e11c5239452d671150c:2:1066973)
    at n (https://a1078485-a3ae-cd3fe9bf.nmb2.seetacloud.com:8443/jupyter/static/lab/jlab_core.3e11c5239452d671150c.js?v=3e11c5239452d671150c:2:1065065)
    at a.list (https://a1078485-a3ae-cd3fe9bf.nmb2.seetacloud.com:8443/jupyter/static/lab/jlab_core.3e11c5239452d671150c.js?v=3e11c5239452d671150c:2:1080328)
    at F.list (https://a1078485-a3ae-cd3fe9bf.nmb2.seetacloud.com:8443/jupyter/static/lab/jlab_core.3e11c5239452d671150c.js?v=3e11c5239452d671150c:2:72489)
    at activate (https://a1078485-a3ae-cd3fe9bf.nmb2.seetacloud.com:8443/jupyter/static/lab/jlab_core.3e11c5239452d671150c.js?v=3e11c5239452d671150c:2:72881)
    at https://a1078485-a3ae-cd3fe9bf.nmb2.seetacloud.com:8443/jupyter/static/lab/jlab_core.3e11c5239452d671150c.js?v=3e11c5239452d671150c:2:1397922 @ https://a1078485-a3ae-cd3fe9bf.nmb2.seetacloud.com:8443/jupyter/static/lab/jlab_core.3e11c5239452d671150c.js?v=3e11c5239452d671150c:1
[    1077ms] [ERROR] Plugin '@jupyterlab/apputils-extension:print' failed to activate. @ https://a1078485-a3ae-cd3fe9bf.nmb2.seetacloud.com:8443/jupyter/static/lab/jlab_core.3e11c5239452d671150c.js?v=3e11c5239452d671150c:1
[    1077ms] [ERROR] TypeError: Failed to fetch
    at Object.n [as handleRequest] (https://a1078485-a3ae-cd3fe9bf.nmb2.seetacloud.com:8443/jupyter/static/lab/jlab_core.3e11c5239452d671150c.js?v=3e11c5239452d671150c:2:1066973)
    at n (https://a1078485-a3ae-cd3fe9bf.nmb2.seetacloud.com:8443/jupyter/static/lab/jlab_core.3e11c5239452d671150c.js?v=3e11c5239452d671150c:2:1065065)
    at a.list (https://a1078485-a3ae-cd3fe9bf.nmb2.seetacloud.com:8443/jupyter/static/lab/jlab_core.3e11c5239452d671150c.js?v=3e11c5239452d671150c:2:1080328)
    at F.list (https://a1078485-a3ae-cd3fe9bf.nmb2.seetacloud.com:8443/jupyter/static/lab/jlab_core.3e11c5239452d671150c.js?v=3e11c5239452d671150c:2:72489)
    at activate (https://a1078485-a3ae-cd3fe9bf.nmb2.seetacloud.com:8443/jupyter/static/lab/jlab_core.3e11c5239452d671150c.js?v=3e11c5239452d671150c:2:72881)
    at https://a1078485-a3ae-cd3fe9bf.nmb2.seetacloud.com:8443/jupyter/static/lab/jlab_core.3e11c5239452d671150c.js?v=3e11c5239452d671150c:2:1397922 @ https://a1078485-a3ae-cd3fe9bf.nmb2.seetacloud.com:8443/jupyter/static/lab/jlab_core.3e11c5239452d671150c.js?v=3e11c5239452d671150c:1
[    1077ms] [ERROR] Plugin '@jupyterlab/apputils-extension:splash' failed to activate. @ https://a1078485-a3ae-cd3fe9bf.nmb2.seetacloud.com:8443/jupyter/static/lab/jlab_core.3e11c5239452d671150c.js?v=3e11c5239452d671150c:1
[    1077ms] [ERROR] TypeError: Failed to fetch
    at Object.n [as handleRequest] (https://a1078485-a3ae-cd3fe9bf.nmb2.seetacloud.com:8443/jupyter/static/lab/jlab_core.3e11c5239452d671150c.js?v=3e11c5239452d671150c:2:1066973)
    at n (https://a1078485-a3ae-cd3fe9bf.nmb2.seetacloud.com:8443/jupyter/static/lab/jlab_core.3e11c5239452d671150c.js?v=3e11c5239452d671150c:2:1065065)
    at a.list (https://a1078485-a3ae-cd3fe9bf.nmb2.seetacloud.com:8443/jupyter/static/lab/jlab_core.3e11c5239452d671150c.js?v=3e11c5239452d671150c:2:1080328)
    at F.list (https://a1078485-a3ae-cd3fe9bf.nmb2.seetacloud.com:8443/jupyter/static/lab/jlab_core.3e11c5239452d671150c.js?v=3e11c5239452d671150c:2:72489)
    at activate (https://a1078485-a3ae-cd3fe9bf.nmb2.seetacloud.com:8443/jupyter/static/lab/jlab_core.3e11c5239452d671150c.js?v=3e11c5239452d671150c:2:72881)
    at https://a1078485-a3ae-cd3fe9bf.nmb2.seetacloud.com:8443/jupyter/static/lab/jlab_core.3e11c5239452d671150c.js?v=3e11c5239452d671150c:2:1397922 @ https://a1078485-a3ae-cd3fe9bf.nmb2.seetacloud.com:8443/jupyter/static/lab/jlab_core.3e11c5239452d671150c.js?v=3e11c5239452d671150c:1
[    1077ms] [ERROR] TypeError: Failed to fetch
    at Object.n [as handleRequest] (https://a1078485-a3ae-cd3fe9bf.nmb2.seetacloud.com:8443/jupyter/static/lab/jlab_core.3e11c5239452d671150c.js?v=3e11c5239452d671150c:2:1066973)
    at n (https://a1078485-a3ae-cd3fe9bf.nmb2.seetacloud.com:8443/jupyter/static/lab/jlab_core.3e11c5239452d671150c.js?v=3e11c5239452d671150c:2:1065065)
    at a.list (https://a1078485-a3ae-cd3fe9bf.nmb2.seetacloud.com:8443/jupyter/static/lab/jlab_core.3e11c5239452d671150c.js?v=3e11c5239452d671150c:2:1080328)
    at F.list (https://a1078485-a3ae-cd3fe9bf.nmb2.seetacloud.com:8443/jupyter/static/lab/jlab_core.3e11c5239452d671150c.js?v=3e11c5239452d671150c:2:72489)
    at activate (https://a1078485-a3ae-cd3fe9bf.nmb2.seetacloud.com:8443/jupyter/static/lab/jlab_core.3e11c5239452d671150c.js?v=3e11c5239452d671150c:2:72881)
    at https://a1078485-a3ae-cd3fe9bf.nmb2.seetacloud.com:8443/jupyter/static/lab/jlab_core.3e11c5239452d671150c.js?v=3e11c5239452d671150c:2:1397922 @ https://a1078485-a3ae-cd3fe9bf.nmb2.seetacloud.com:8443/jupyter/static/lab/jlab_core.3e11c5239452d671150c.js?v=3e11c5239452d671150c:1
[    1077ms] [ERROR] Plugin '@jupyterlab/apputils-extension:themes-palette-menu' failed to activate. @ https://a1078485-a3ae-cd3fe9bf.nmb2.seetacloud.com:8443/jupyter/static/lab/jlab_core.3e11c5239452d671150c.js?v=3e11c5239452d671150c:1
[    1077ms] [ERROR] TypeError: Failed to fetch
    at Object.n [as handleRequest] (https://a1078485-a3ae-cd3fe9bf.nmb2.seetacloud.com:8443/jupyter/static/lab/jlab_core.3e11c5239452d671150c.js?v=3e11c5239452d671150c:2:1066973)
    at n (https://a1078485-a3ae-cd3fe9bf.nmb2.seetacloud.com:8443/jupyter/static/lab/jlab_core.3e11c5239452d671150c.js?v=3e11c5239452d671150c:2:1065065)
    at a.list (https://a1078485-a3ae-cd3fe9bf.nmb2.seetacloud.com:8443/jupyter/static/lab/jlab_core.3e11c5239452d671150c.js?v=3e11c5239452d671150c:2:1080328)
    at F.list (https://a1078485-a3ae-cd3fe9bf.nmb2.seetacloud.com:8443/jupyter/static/lab/jlab_core.3e11c5239452d671150c.js?v=3e11c5239452d671150c:2:72489)
    at activate (https://a1078485-a3ae-cd3fe9bf.nmb2.seetacloud.com:8443/jupyter/static/lab/jlab_core.3e11c5239452d671150c.js?v=3e11c5239452d671150c:2:72881)
    at https://a1078485-a3ae-cd3fe9bf.nmb2.seetacloud.com:8443/jupyter/static/lab/jlab_core.3e11c5239452d671150c.js?v=3e11c5239452d671150c:2:1397922 @ https://a1078485-a3ae-cd3fe9bf.nmb2.seetacloud.com:8443/jupyter/static/lab/jlab_core.3e11c5239452d671150c.js?v=3e11c5239452d671150c:1
[    1077ms] [ERROR] TypeError: Failed to fetch
    at Object.n [as handleRequest] (https://a1078485-a3ae-cd3fe9bf.nmb2.seetacloud.com:8443/jupyter/static/lab/jlab_core.3e11c5239452d671150c.js?v=3e11c5239452d671150c:2:1066973)
    at n (https://a1078485-a3ae-cd3fe9bf.nmb2.seetacloud.com:8443/jupyter/static/lab/jlab_core.3e11c5239452d671150c.js?v=3e11c5239452d671150c:2:1065065)
    at a.list (https://a1078485-a3ae-cd3fe9bf.nmb2.seetacloud.com:8443/jupyter/static/lab/jlab_core.3e11c5239452d671150c.js?v=3e11c5239452d671150c:2:1080328)
    at F.list (https://a1078485-a3ae-cd3fe9bf.nmb2.seetacloud.com:8443/jupyter/static/lab/jlab_core.3e11c5239452d671150c.js?v=3e11c5239452d671150c:2:72489)
    at activate (https://a1078485-a3ae-cd3fe9bf.nmb2.seetacloud.com:8443/jupyter/static/lab/jlab_core.3e11c5239452d671150c.js?v=3e11c5239452d671150c:2:72881)
    at https://a1078485-a3ae-cd3fe9bf.nmb2.seetacloud.com:8443/jupyter/static/lab/jlab_core.3e11c5239452d671150c.js?v=3e11c5239452d671150c:2:1397922 @ https://a1078485-a3ae-cd3fe9bf.nmb2.seetacloud.com:8443/jupyter/static/lab/jlab_core.3e11c5239452d671150c.js?v=3e11c5239452d671150c:1
[    1077ms] [ERROR] TypeError: Failed to fetch
    at Object.n [as handleRequest] (https://a1078485-a3ae-cd3fe9bf.nmb2.seetacloud.com:8443/jupyter/static/lab/jlab_core.3e11c5239452d671150c.js?v=3e11c5239452d671150c:2:1066973)
    at n (https://a1078485-a3ae-cd3fe9bf.nmb2.seetacloud.com:8443/jupyter/static/lab/jlab_core.3e11c5239452d671150c.js?v=3e11c5239452d671150c:2:1065065)
    at a.list (https://a1078485-a3ae-cd3fe9bf.nmb2.seetacloud.com:8443/jupyter/static/lab/jlab_core.3e11c5239452d671150c.js?v=3e11c5239452d671150c:2:1080328)
    at F.list (https://a1078485-a3ae-cd3fe9bf.nmb2.seetacloud.com:8443/jupyter/static/lab/jlab_core.3e11c5239452d671150c.js?v=3e11c5239452d671150c:2:72489)
    at activate (https://a1078485-a3ae-cd3fe9bf.nmb2.seetacloud.com:8443/jupyter/static/lab/jlab_core.3e11c5239452d671150c.js?v=3e11c5239452d671150c:2:72881)
    at https://a1078485-a3ae-cd3fe9bf.nmb2.seetacloud.com:8443/jupyter/static/lab/jlab_core.3e11c5239452d671150c.js?v=3e11c5239452d671150c:2:1397922 @ https://a1078485-a3ae-cd3fe9bf.nmb2.seetacloud.com:8443/jupyter/static/lab/jlab_core.3e11c5239452d671150c.js?v=3e11c5239452d671150c:1
[    1077ms] [ERROR] TypeError: Failed to fetch
    at Object.n [as handleRequest] (https://a1078485-a3ae-cd3fe9bf.nmb2.seetacloud.com:8443/jupyter/static/lab/jlab_core.3e11c5239452d671150c.js?v=3e11c5239452d671150c:2:1066973)
    at n (https://a1078485-a3ae-cd3fe9bf.nmb2.seetacloud.com:8443/jupyter/static/lab/jlab_core.3e11c5239452d671150c.js?v=3e11c5239452d671150c:2:1065065)
    at a.list (https://a1078485-a3ae-cd3fe9bf.nmb2.seetacloud.com:8443/jupyter/static/lab/jlab_core.3e11c5239452d671150c.js?v=3e11c5239452d671150c:2:1080328)
    at F.list (https://a1078485-a3ae-cd3fe9bf.nmb2.seetacloud.com:8443/jupyter/static/lab/jlab_core.3e11c5239452d671150c.js?v=3e11c5239452d671150c:2:72489)
    at activate (https://a1078485-a3ae-cd3fe9bf.nmb2.seetacloud.com:8443/jupyter/static/lab/jlab_core.3e11c5239452d671150c.js?v=3e11c5239452d671150c:2:72881)
    at https://a1078485-a3ae-cd3fe9bf.nmb2.seetacloud.com:8443/jupyter/static/lab/jlab_core.3e11c5239452d671150c.js?v=3e11c5239452d671150c:2:1397922 @ https://a1078485-a3ae-cd3fe9bf.nmb2.seetacloud.com:8443/jupyter/static/lab/jlab_core.3e11c5239452d671150c.js?v=3e11c5239452d671150c:1
[    1077ms] [ERROR] TypeError: Failed to fetch
    at Object.n [as handleRequest] (https://a1078485-a3ae-cd3fe9bf.nmb2.seetacloud.com:8443/jupyter/static/lab/jlab_core.3e11c5239452d671150c.js?v=3e11c5239452d671150c:2:1066973)
    at n (https://a1078485-a3ae-cd3fe9bf.nmb2.seetacloud.com:8443/jupyter/static/lab/jlab_core.3e11c5239452d671150c.js?v=3e11c5239452d671150c:2:1065065)
    at a.list (https://a1078485-a3ae-cd3fe9bf.nmb2.seetacloud.com:8443/jupyter/static/lab/jlab_core.3e11c5239452d671150c.js?v=3e11c5239452d671150c:2:1080328)
    at F.list (https://a1078485-a3ae-cd3fe9bf.nmb2.seetacloud.com:8443/jupyter/static/lab/jlab_core.3e11c5239452d671150c.js?v=3e11c5239452d671150c:2:72489)
    at activate (https://a1078485-a3ae-cd3fe9bf.nmb2.seetacloud.com:8443/jupyter/static/lab/jlab_core.3e11c5239452d671150c.js?v=3e11c5239452d671150c:2:72881)
    at https://a1078485-a3ae-cd3fe9bf.nmb2.seetacloud.com:8443/jupyter/static/lab/jlab_core.3e11c5239452d671150c.js?v=3e11c5239452d671150c:2:1397922 @ https://a1078485-a3ae-cd3fe9bf.nmb2.seetacloud.com:8443/jupyter/static/lab/jlab_core.3e11c5239452d671150c.js?v=3e11c5239452d671150c:1
[    1077ms] [ERROR] TypeError: Failed to fetch
    at Object.n [as handleRequest] (https://a1078485-a3ae-cd3fe9bf.nmb2.seetacloud.com:8443/jupyter/static/lab/jlab_core.3e11c5239452d671150c.js?v=3e11c5239452d671150c:2:1066973)
    at n (https://a1078485-a3ae-cd3fe9bf.nmb2.seetacloud.com:8443/jupyter/static/lab/jlab_core.3e11c5239452d671150c.js?v=3e11c5239452d671150c:2:1065065)
    at a.list (https://a1078485-a3ae-cd3fe9bf.nmb2.seetacloud.com:8443/jupyter/static/lab/jlab_core.3e11c5239452d671150c.js?v=3e11c5239452d671150c:2:1080328)
    at F.list (https://a1078485-a3ae-cd3fe9bf.nmb2.seetacloud.com:8443/jupyter/static/lab/jlab_core.3e11c5239452d671150c.js?v=3e11c5239452d671150c:2:72489)
    at activate (https://a1078485-a3ae-cd3fe9bf.nmb2.seetacloud.com:8443/jupyter/static/lab/jlab_core.3e11c5239452d671150c.js?v=3e11c5239452d671150c:2:72881)
    at https://a1078485-a3ae-cd3fe9bf.nmb2.seetacloud.com:8443/jupyter/static/lab/jlab_core.3e11c5239452d671150c.js?v=3e11c5239452d671150c:2:1397922 @ https://a1078485-a3ae-cd3fe9bf.nmb2.seetacloud.com:8443/jupyter/static/lab/jlab_core.3e11c5239452d671150c.js?v=3e11c5239452d671150c:1
[    1077ms] [ERROR] TypeError: Failed to fetch
    at Object.n [as handleRequest] (https://a1078485-a3ae-cd3fe9bf.nmb2.seetacloud.com:8443/jupyter/static/lab/jlab_core.3e11c5239452d671150c.js?v=3e11c5239452d671150c:2:1066973)
    at n (https://a1078485-a3ae-cd3fe9bf.nmb2.seetacloud.com:8443/jupyter/static/lab/jlab_core.3e11c5239452d671150c.js?v=3e11c5239452d671150c:2:1065065)
    at a.list (https://a1078485-a3ae-cd3fe9bf.nmb2.seetacloud.com:8443/jupyter/static/lab/jlab_core.3e11c5239452d671150c.js?v=3e11c5239452d671150c:2:1080328)
    at F.list (https://a1078485-a3ae-cd3fe9bf.nmb2.seetacloud.com:8443/jupyter/static/lab/jlab_core.3e11c5239452d671150c.js?v=3e11c5239452d671150c:2:72489)
    at activate (https://a1078485-a3ae-cd3fe9bf.nmb2.seetacloud.com:8443/jupyter/static/lab/jlab_core.3e11c5239452d671150c.js?v=3e11c5239452d671150c:2:72881)
    at https://a1078485-a3ae-cd3fe9bf.nmb2.seetacloud.com:8443/jupyter/static/lab/jlab_core.3e11c5239452d671150c.js?v=3e11c5239452d671150c:2:1397922 @ https://a1078485-a3ae-cd3fe9bf.nmb2.seetacloud.com:8443/jupyter/static/lab/jlab_core.3e11c5239452d671150c.js?v=3e11c5239452d671150c:1
[    1078ms] [ERROR] TypeError: Failed to fetch
    at Object.n [as handleRequest] (https://a1078485-a3ae-cd3fe9bf.nmb2.seetacloud.com:8443/jupyter/static/lab/jlab_core.3e11c5239452d671150c.js?v=3e11c5239452d671150c:2:1066973)
    at n (https://a1078485-a3ae-cd3fe9bf.nmb2.seetacloud.com:8443/jupyter/static/lab/jlab_core.3e11c5239452d671150c.js?v=3e11c5239452d671150c:2:1065065)
    at a.list (https://a1078485-a3ae-cd3fe9bf.nmb2.seetacloud.com:8443/jupyter/static/lab/jlab_core.3e11c5239452d671150c.js?v=3e11c5239452d671150c:2:1080328)
    at F.list (https://a1078485-a3ae-cd3fe9bf.nmb2.seetacloud.com:8443/jupyter/static/lab/jlab_core.3e11c5239452d671150c.js?v=3e11c5239452d671150c:2:72489)
    at activate (https://a1078485-a3ae-cd3fe9bf.nmb2.seetacloud.com:8443/jupyter/static/lab/jlab_core.3e11c5239452d671150c.js?v=3e11c5239452d671150c:2:72881)
    at https://a1078485-a3ae-cd3fe9bf.nmb2.seetacloud.com:8443/jupyter/static/lab/jlab_core.3e11c5239452d671150c.js?v=3e11c5239452d671150c:2:1397922 @ https://a1078485-a3ae-cd3fe9bf.nmb2.seetacloud.com:8443/jupyter/static/lab/jlab_core.3e11c5239452d671150c.js?v=3e11c5239452d671150c:1
[    1078ms] [ERROR] TypeError: Failed to fetch
    at Object.n [as handleRequest] (https://a1078485-a3ae-cd3fe9bf.nmb2.seetacloud.com:8443/jupyter/static/lab/jlab_core.3e11c5239452d671150c.js?v=3e11c5239452d671150c:2:1066973)
    at n (https://a1078485-a3ae-cd3fe9bf.nmb2.seetacloud.com:8443/jupyter/static/lab/jlab_core.3e11c5239452d671150c.js?v=3e11c5239452d671150c:2:1065065)
    at a.list (https://a1078485-a3ae-cd3fe9bf.nmb2.seetacloud.com:8443/jupyter/static/lab/jlab_core.3e11c5239452d671150c.js?v=3e11c5239452d671150c:2:1080328)
    at F.list (https://a1078485-a3ae-cd3fe9bf.nmb2.seetacloud.com:8443/jupyter/static/lab/jlab_core.3e11c5239452d671150c.js?v=3e11c5239452d671150c:2:72489)
    at activate (https://a1078485-a3ae-cd3fe9bf.nmb2.seetacloud.com:8443/jupyter/static/lab/jlab_core.3e11c5239452d671150c.js?v=3e11c5239452d671150c:2:72881)
    at https://a1078485-a3ae-cd3fe9bf.nmb2.seetacloud.com:8443/jupyter/static/lab/jlab_core.3e11c5239452d671150c.js?v=3e11c5239452d671150c:2:1397922 @ https://a1078485-a3ae-cd3fe9bf.nmb2.seetacloud.com:8443/jupyter/static/lab/jlab_core.3e11c5239452d671150c.js?v=3e11c5239452d671150c:1
[    1078ms] [ERROR] TypeError: Failed to fetch
    at Object.n [as handleRequest] (https://a1078485-a3ae-cd3fe9bf.nmb2.seetacloud.com:8443/jupyter/static/lab/jlab_core.3e11c5239452d671150c.js?v=3e11c5239452d671150c:2:1066973)
    at n (https://a1078485-a3ae-cd3fe9bf.nmb2.seetacloud.com:8443/jupyter/static/lab/jlab_core.3e11c5239452d671150c.js?v=3e11c5239452d671150c:2:1065065)
    at a.list (https://a1078485-a3ae-cd3fe9bf.nmb2.seetacloud.com:8443/jupyter/static/lab/jlab_core.3e11c5239452d671150c.js?v=3e11c5239452d671150c:2:1080328)
    at F.list (https://a1078485-a3ae-cd3fe9bf.nmb2.seetacloud.com:8443/jupyter/static/lab/jlab_core.3e11c5239452d671150c.js?v=3e11c5239452d671150c:2:72489)
    at activate (https://a1078485-a3ae-cd3fe9bf.nmb2.seetacloud.com:8443/jupyter/static/lab/jlab_core.3e11c5239452d671150c.js?v=3e11c5239452d671150c:2:72881)
    at https://a1078485-a3ae-cd3fe9bf.nmb2.seetacloud.com:8443/jupyter/static/lab/jlab_core.3e11c5239452d671150c.js?v=3e11c5239452d671150c:2:1397922 @ https://a1078485-a3ae-cd3fe9bf.nmb2.seetacloud.com:8443/jupyter/static/lab/jlab_core.3e11c5239452d671150c.js?v=3e11c5239452d671150c:1
[    1078ms] [ERROR] TypeError: Failed to fetch
    at Object.n [as handleRequest] (https://a1078485-a3ae-cd3fe9bf.nmb2.seetacloud.com:8443/jupyter/static/lab/jlab_core.3e11c5239452d671150c.js?v=3e11c5239452d671150c:2:1066973)
    at n (https://a1078485-a3ae-cd3fe9bf.nmb2.seetacloud.com:8443/jupyter/static/lab/jlab_core.3e11c5239452d671150c.js?v=3e11c5239452d671150c:2:1065065)
    at a.list (https://a1078485-a3ae-cd3fe9bf.nmb2.seetacloud.com:8443/jupyter/static/lab/jlab_core.3e11c5239452d671150c.js?v=3e11c5239452d671150c:2:1080328)
    at F.list (https://a1078485-a3ae-cd3fe9bf.nmb2.seetacloud.com:8443/jupyter/static/lab/jlab_core.3e11c5239452d671150c.js?v=3e11c5239452d671150c:2:72489)
    at activate (https://a1078485-a3ae-cd3fe9bf.nmb2.seetacloud.com:8443/jupyter/static/lab/jlab_core.3e11c5239452d671150c.js?v=3e11c5239452d671150c:2:72881)
    at https://a1078485-a3ae-cd3fe9bf.nmb2.seetacloud.com:8443/jupyter/static/lab/jlab_core.3e11c5239452d671150c.js?v=3e11c5239452d671150c:2:1397922 @ https://a1078485-a3ae-cd3fe9bf.nmb2.seetacloud.com:8443/jupyter/static/lab/jlab_core.3e11c5239452d671150c.js?v=3e11c5239452d671150c:1
[    1078ms] [ERROR] TypeError: Failed to fetch
    at Object.n [as handleRequest] (https://a1078485-a3ae-cd3fe9bf.nmb2.seetacloud.com:8443/jupyter/static/lab/jlab_core.3e11c5239452d671150c.js?v=3e11c5239452d671150c:2:1066973)
    at n (https://a1078485-a3ae-cd3fe9bf.nmb2.seetacloud.com:8443/jupyter/static/lab/jlab_core.3e11c5239452d671150c.js?v=3e11c5239452d671150c:2:1065065)
    at a.list (https://a1078485-a3ae-cd3fe9bf.nmb2.seetacloud.com:8443/jupyter/static/lab/jlab_core.3e11c5239452d671150c.js?v=3e11c5239452d671150c:2:1080328)
    at F.list (https://a1078485-a3ae-cd3fe9bf.nmb2.seetacloud.com:8443/jupyter/static/lab/jlab_core.3e11c5239452d671150c.js?v=3e11c5239452d671150c:2:72489)
    at activate (https://a1078485-a3ae-cd3fe9bf.nmb2.seetacloud.com:8443/jupyter/static/lab/jlab_core.3e11c5239452d671150c.js?v=3e11c5239452d671150c:2:72881)
    at https://a1078485-a3ae-cd3fe9bf.nmb2.seetacloud.com:8443/jupyter/static/lab/jlab_core.3e11c5239452d671150c.js?v=3e11c5239452d671150c:2:1397922 @ https://a1078485-a3ae-cd3fe9bf.nmb2.seetacloud.com:8443/jupyter/static/lab/jlab_core.3e11c5239452d671150c.js?v=3e11c5239452d671150c:1
[    1078ms] [ERROR] Plugin '@jupyterlab/apputils-extension:toggle-header' failed to activate. @ https://a1078485-a3ae-cd3fe9bf.nmb2.seetacloud.com:8443/jupyter/static/lab/jlab_core.3e11c5239452d671150c.js?v=3e11c5239452d671150c:1
[    1078ms] [ERROR] TypeError: Failed to fetch
    at Object.n [as handleRequest] (https://a1078485-a3ae-cd3fe9bf.nmb2.seetacloud.com:8443/jupyter/static/lab/jlab_core.3e11c5239452d671150c.js?v=3e11c5239452d671150c:2:1066973)
    at n (https://a1078485-a3ae-cd3fe9bf.nmb2.seetacloud.com:8443/jupyter/static/lab/jlab_core.3e11c5239452d671150c.js?v=3e11c5239452d671150c:2:1065065)
    at a.list (https://a1078485-a3ae-cd3fe9bf.nmb2.seetacloud.com:8443/jupyter/static/lab/jlab_core.3e11c5239452d671150c.js?v=3e11c5239452d671150c:2:1080328)
    at F.list (https://a1078485-a3ae-cd3fe9bf.nmb2.seetacloud.com:8443/jupyter/static/lab/jlab_core.3e11c5239452d671150c.js?v=3e11c5239452d671150c:2:72489)
    at activate (https://a1078485-a3ae-cd3fe9bf.nmb2.seetacloud.com:8443/jupyter/static/lab/jlab_core.3e11c5239452d671150c.js?v=3e11c5239452d671150c:2:72881)
    at https://a1078485-a3ae-cd3fe9bf.nmb2.seetacloud.com:8443/jupyter/static/lab/jlab_core.3e11c5239452d671150c.js?v=3e11c5239452d671150c:2:1397922 @ https://a1078485-a3ae-cd3fe9bf.nmb2.seetacloud.com:8443/jupyter/static/lab/jlab_core.3e11c5239452d671150c.js?v=3e11c5239452d671150c:1
[    1078ms] [ERROR] Plugin '@jupyterlab/apputils-extension:utilityCommands' failed to activate. @ https://a1078485-a3ae-cd3fe9bf.nmb2.seetacloud.com:8443/jupyter/static/lab/jlab_core.3e11c5239452d671150c.js?v=3e11c5239452d671150c:1
[    1078ms] [ERROR] TypeError: Failed to fetch
    at Object.n [as handleRequest] (https://a1078485-a3ae-cd3fe9bf.nmb2.seetacloud.com:8443/jupyter/static/lab/jlab_core.3e11c5239452d671150c.js?v=3e11c5239452d671150c:2:1066973)
    at n (https://a1078485-a3ae-cd3fe9bf.nmb2.seetacloud.com:8443/jupyter/static/lab/jlab_core.3e11c5239452d671150c.js?v=3e11c5239452d671150c:2:1065065)
    at a.list (https://a1078485-a3ae-cd3fe9bf.nmb2.seetacloud.com:8443/jupyter/static/lab/jlab_core.3e11c5239452d671150c.js?v=3e11c5239452d671150c:2:1080328)
    at F.list (https://a1078485-a3ae-cd3fe9bf.nmb2.seetacloud.com:8443/jupyter/static/lab/jlab_core.3e11c5239452d671150c.js?v=3e11c5239452d671150c:2:72489)
    at activate (https://a1078485-a3ae-cd3fe9bf.nmb2.seetacloud.com:8443/jupyter/static/lab/jlab_core.3e11c5239452d671150c.js?v=3e11c5239452d671150c:2:72881)
    at https://a1078485-a3ae-cd3fe9bf.nmb2.seetacloud.com:8443/jupyter/static/lab/jlab_core.3e11c5239452d671150c.js?v=3e11c5239452d671150c:2:1397922 @ https://a1078485-a3ae-cd3fe9bf.nmb2.seetacloud.com:8443/jupyter/static/lab/jlab_core.3e11c5239452d671150c.js?v=3e11c5239452d671150c:1
[    1078ms] [ERROR] TypeError: Failed to fetch
    at Object.n [as handleRequest] (https://a1078485-a3ae-cd3fe9bf.nmb2.seetacloud.com:8443/jupyter/static/lab/jlab_core.3e11c5239452d671150c.js?v=3e11c5239452d671150c:2:1066973)
    at n (https://a1078485-a3ae-cd3fe9bf.nmb2.seetacloud.com:8443/jupyter/static/lab/jlab_core.3e11c5239452d671150c.js?v=3e11c5239452d671150c:2:1065065)
    at a.list (https://a1078485-a3ae-cd3fe9bf.nmb2.seetacloud.com:8443/jupyter/static/lab/jlab_core.3e11c5239452d671150c.js?v=3e11c5239452d671150c:2:1080328)
    at F.list (https://a1078485-a3ae-cd3fe9bf.nmb2.seetacloud.com:8443/jupyter/static/lab/jlab_core.3e11c5239452d671150c.js?v=3e11c5239452d671150c:2:72489)
    at activate (https://a1078485-a3ae-cd3fe9bf.nmb2.seetacloud.com:8443/jupyter/static/lab/jlab_core.3e11c5239452d671150c.js?v=3e11c5239452d671150c:2:72881)
    at https://a1078485-a3ae-cd3fe9bf.nmb2.seetacloud.com:8443/jupyter/static/lab/jlab_core.3e11c5239452d671150c.js?v=3e11c5239452d671150c:2:1397922 @ https://a1078485-a3ae-cd3fe9bf.nmb2.seetacloud.com:8443/jupyter/static/lab/jlab_core.3e11c5239452d671150c.js?v=3e11c5239452d671150c:1
[    1078ms] [ERROR] TypeError: Failed to fetch
    at Object.n [as handleRequest] (https://a1078485-a3ae-cd3fe9bf.nmb2.seetacloud.com:8443/jupyter/static/lab/jlab_core.3e11c5239452d671150c.js?v=3e11c5239452d671150c:2:1066973)
    at n (https://a1078485-a3ae-cd3fe9bf.nmb2.seetacloud.com:8443/jupyter/static/lab/jlab_core.3e11c5239452d671150c.js?v=3e11c5239452d671150c:2:1065065)
    at a.list (https://a1078485-a3ae-cd3fe9bf.nmb2.seetacloud.com:8443/jupyter/static/lab/jlab_core.3e11c5239452d671150c.js?v=3e11c5239452d671150c:2:1080328)
    at F.list (https://a1078485-a3ae-cd3fe9bf.nmb2.seetacloud.com:8443/jupyter/static/lab/jlab_core.3e11c5239452d671150c.js?v=3e11c5239452d671150c:2:72489)
    at activate (https://a1078485-a3ae-cd3fe9bf.nmb2.seetacloud.com:8443/jupyter/static/lab/jlab_core.3e11c5239452d671150c.js?v=3e11c5239452d671150c:2:72881)
    at https://a1078485-a3ae-cd3fe9bf.nmb2.seetacloud.com:8443/jupyter/static/lab/jlab_core.3e11c5239452d671150c.js?v=3e11c5239452d671150c:2:1397922 @ https://a1078485-a3ae-cd3fe9bf.nmb2.seetacloud.com:8443/jupyter/static/lab/jlab_core.3e11c5239452d671150c.js?v=3e11c5239452d671150c:1
[    1078ms] [ERROR] Plugin '@jupyterlab/apputils-extension:workspaces' failed to activate. @ https://a1078485-a3ae-cd3fe9bf.nmb2.seetacloud.com:8443/jupyter/static/lab/jlab_core.3e11c5239452d671150c.js?v=3e11c5239452d671150c:1
[    1078ms] [ERROR] TypeError: Failed to fetch
    at Object.n [as handleRequest] (https://a1078485-a3ae-cd3fe9bf.nmb2.seetacloud.com:8443/jupyter/static/lab/jlab_core.3e11c5239452d671150c.js?v=3e11c5239452d671150c:2:1066973)
    at n (https://a1078485-a3ae-cd3fe9bf.nmb2.seetacloud.com:8443/jupyter/static/lab/jlab_core.3e11c5239452d671150c.js?v=3e11c5239452d671150c:2:1065065)
    at a.list (https://a1078485-a3ae-cd3fe9bf.nmb2.seetacloud.com:8443/jupyter/static/lab/jlab_core.3e11c5239452d671150c.js?v=3e11c5239452d671150c:2:1080328)
    at F.list (https://a1078485-a3ae-cd3fe9bf.nmb2.seetacloud.com:8443/jupyter/static/lab/jlab_core.3e11c5239452d671150c.js?v=3e11c5239452d671150c:2:72489)
    at activate (https://a1078485-a3ae-cd3fe9bf.nmb2.seetacloud.com:8443/jupyter/static/lab/jlab_core.3e11c5239452d671150c.js?v=3e11c5239452d671150c:2:72881)
    at https://a1078485-a3ae-cd3fe9bf.nmb2.seetacloud.com:8443/jupyter/static/lab/jlab_core.3e11c5239452d671150c.js?v=3e11c5239452d671150c:2:1397922 @ https://a1078485-a3ae-cd3fe9bf.nmb2.seetacloud.com:8443/jupyter/static/lab/jlab_core.3e11c5239452d671150c.js?v=3e11c5239452d671150c:1
[    1078ms] [ERROR] Plugin '@jupyterlab/notebook-extension:widget-factory' failed to activate. @ https://a1078485-a3ae-cd3fe9bf.nmb2.seetacloud.com:8443/jupyter/static/lab/jlab_core.3e11c5239452d671150c.js?v=3e11c5239452d671150c:1
[    1078ms] [ERROR] TypeError: Failed to fetch
    at Object.n [as handleRequest] (https://a1078485-a3ae-cd3fe9bf.nmb2.seetacloud.com:8443/jupyter/static/lab/jlab_core.3e11c5239452d671150c.js?v=3e11c5239452d671150c:2:1066973)
    at n (https://a1078485-a3ae-cd3fe9bf.nmb2.seetacloud.com:8443/jupyter/static/lab/jlab_core.3e11c5239452d671150c.js?v=3e11c5239452d671150c:2:1065065)
    at a.list (https://a1078485-a3ae-cd3fe9bf.nmb2.seetacloud.com:8443/jupyter/static/lab/jlab_core.3e11c5239452d671150c.js?v=3e11c5239452d671150c:2:1080328)
    at F.list (https://a1078485-a3ae-cd3fe9bf.nmb2.seetacloud.com:8443/jupyter/static/lab/jlab_core.3e11c5239452d671150c.js?v=3e11c5239452d671150c:2:72489)
    at activate (https://a1078485-a3ae-cd3fe9bf.nmb2.seetacloud.com:8443/jupyter/static/lab/jlab_core.3e11c5239452d671150c.js?v=3e11c5239452d671150c:2:72881)
    at https://a1078485-a3ae-cd3fe9bf.nmb2.seetacloud.com:8443/jupyter/static/lab/jlab_core.3e11c5239452d671150c.js?v=3e11c5239452d671150c:2:1397922 @ https://a1078485-a3ae-cd3fe9bf.nmb2.seetacloud.com:8443/jupyter/static/lab/jlab_core.3e11c5239452d671150c.js?v=3e11c5239452d671150c:1
[    1078ms] [ERROR] TypeError: Failed to fetch
    at Object.n [as handleRequest] (https://a1078485-a3ae-cd3fe9bf.nmb2.seetacloud.com:8443/jupyter/static/lab/jlab_core.3e11c5239452d671150c.js?v=3e11c5239452d671150c:2:1066973)
    at n (https://a1078485-a3ae-cd3fe9bf.nmb2.seetacloud.com:8443/jupyter/static/lab/jlab_core.3e11c5239452d671150c.js?v=3e11c5239452d671150c:2:1065065)
    at a.list (https://a1078485-a3ae-cd3fe9bf.nmb2.seetacloud.com:8443/jupyter/static/lab/jlab_core.3e11c5239452d671150c.js?v=3e11c5239452d671150c:2:1080328)
    at F.list (https://a1078485-a3ae-cd3fe9bf.nmb2.seetacloud.com:8443/jupyter/static/lab/jlab_core.3e11c5239452d671150c.js?v=3e11c5239452d671150c:2:72489)
    at activate (https://a1078485-a3ae-cd3fe9bf.nmb2.seetacloud.com:8443/jupyter/static/lab/jlab_core.3e11c5239452d671150c.js?v=3e11c5239452d671150c:2:72881)
    at https://a1078485-a3ae-cd3fe9bf.nmb2.seetacloud.com:8443/jupyter/static/lab/jlab_core.3e11c5239452d671150c.js?v=3e11c5239452d671150c:2:1397922 @ https://a1078485-a3ae-cd3fe9bf.nmb2.seetacloud.com:8443/jupyter/static/lab/jlab_core.3e11c5239452d671150c.js?v=3e11c5239452d671150c:1
[    1078ms] [ERROR] Plugin '@jupyterlab/notebook-extension:tracker' failed to activate. @ https://a1078485-a3ae-cd3fe9bf.nmb2.seetacloud.com:8443/jupyter/static/lab/jlab_core.3e11c5239452d671150c.js?v=3e11c5239452d671150c:1
[    1078ms] [ERROR] TypeError: Failed to fetch
    at Object.n [as handleRequest] (https://a1078485-a3ae-cd3fe9bf.nmb2.seetacloud.com:8443/jupyter/static/lab/jlab_core.3e11c5239452d671150c.js?v=3e11c5239452d671150c:2:1066973)
    at n (https://a1078485-a3ae-cd3fe9bf.nmb2.seetacloud.com:8443/jupyter/static/lab/jlab_core.3e11c5239452d671150c.js?v=3e11c5239452d671150c:2:1065065)
    at a.list (https://a1078485-a3ae-cd3fe9bf.nmb2.seetacloud.com:8443/jupyter/static/lab/jlab_core.3e11c5239452d671150c.js?v=3e11c5239452d671150c:2:1080328)
    at F.list (https://a1078485-a3ae-cd3fe9bf.nmb2.seetacloud.com:8443/jupyter/static/lab/jlab_core.3e11c5239452d671150c.js?v=3e11c5239452d671150c:2:72489)
    at activate (https://a1078485-a3ae-cd3fe9bf.nmb2.seetacloud.com:8443/jupyter/static/lab/jlab_core.3e11c5239452d671150c.js?v=3e11c5239452d671150c:2:72881)
    at https://a1078485-a3ae-cd3fe9bf.nmb2.seetacloud.com:8443/jupyter/static/lab/jlab_core.3e11c5239452d671150c.js?v=3e11c5239452d671150c:2:1397922 @ https://a1078485-a3ae-cd3fe9bf.nmb2.seetacloud.com:8443/jupyter/static/lab/jlab_core.3e11c5239452d671150c.js?v=3e11c5239452d671150c:1
[    1078ms] [ERROR] TypeError: Failed to fetch
    at Object.n [as handleRequest] (https://a1078485-a3ae-cd3fe9bf.nmb2.seetacloud.com:8443/jupyter/static/lab/jlab_core.3e11c5239452d671150c.js?v=3e11c5239452d671150c:2:1066973)
    at n (https://a1078485-a3ae-cd3fe9bf.nmb2.seetacloud.com:8443/jupyter/static/lab/jlab_core.3e11c5239452d671150c.js?v=3e11c5239452d671150c:2:1065065)
    at a.list (https://a1078485-a3ae-cd3fe9bf.nmb2.seetacloud.com:8443/jupyter/static/lab/jlab_core.3e11c5239452d671150c.js?v=3e11c5239452d671150c:2:1080328)
    at F.list (https://a1078485-a3ae-cd3fe9bf.nmb2.seetacloud.com:8443/jupyter/static/lab/jlab_core.3e11c5239452d671150c.js?v=3e11c5239452d671150c:2:72489)
    at activate (https://a1078485-a3ae-cd3fe9bf.nmb2.seetacloud.com:8443/jupyter/static/lab/jlab_core.3e11c5239452d671150c.js?v=3e11c5239452d671150c:2:72881)
    at https://a1078485-a3ae-cd3fe9bf.nmb2.seetacloud.com:8443/jupyter/static/lab/jlab_core.3e11c5239452d671150c.js?v=3e11c5239452d671150c:2:1397922 @ https://a1078485-a3ae-cd3fe9bf.nmb2.seetacloud.com:8443/jupyter/static/lab/jlab_core.3e11c5239452d671150c.js?v=3e11c5239452d671150c:1
[    1078ms] [ERROR] TypeError: Failed to fetch
    at Object.n [as handleRequest] (https://a1078485-a3ae-cd3fe9bf.nmb2.seetacloud.com:8443/jupyter/static/lab/jlab_core.3e11c5239452d671150c.js?v=3e11c5239452d671150c:2:1066973)
    at n (https://a1078485-a3ae-cd3fe9bf.nmb2.seetacloud.com:8443/jupyter/static/lab/jlab_core.3e11c5239452d671150c.js?v=3e11c5239452d671150c:2:1065065)
    at a.list (https://a1078485-a3ae-cd3fe9bf.nmb2.seetacloud.com:8443/jupyter/static/lab/jlab_core.3e11c5239452d671150c.js?v=3e11c5239452d671150c:2:1080328)
    at F.list (https://a1078485-a3ae-cd3fe9bf.nmb2.seetacloud.com:8443/jupyter/static/lab/jlab_core.3e11c5239452d671150c.js?v=3e11c5239452d671150c:2:72489)
    at activate (https://a1078485-a3ae-cd3fe9bf.nmb2.seetacloud.com:8443/jupyter/static/lab/jlab_core.3e11c5239452d671150c.js?v=3e11c5239452d671150c:2:72881)
    at https://a1078485-a3ae-cd3fe9bf.nmb2.seetacloud.com:8443/jupyter/static/lab/jlab_core.3e11c5239452d671150c.js?v=3e11c5239452d671150c:2:1397922 @ https://a1078485-a3ae-cd3fe9bf.nmb2.seetacloud.com:8443/jupyter/static/lab/jlab_core.3e11c5239452d671150c.js?v=3e11c5239452d671150c:1
[    1078ms] [ERROR] TypeError: Failed to fetch
    at Object.n [as handleRequest] (https://a1078485-a3ae-cd3fe9bf.nmb2.seetacloud.com:8443/jupyter/static/lab/jlab_core.3e11c5239452d671150c.js?v=3e11c5239452d671150c:2:1066973)
    at n (https://a1078485-a3ae-cd3fe9bf.nmb2.seetacloud.com:8443/jupyter/static/lab/jlab_core.3e11c5239452d671150c.js?v=3e11c5239452d671150c:2:1065065)
    at a.list (https://a1078485-a3ae-cd3fe9bf.nmb2.seetacloud.com:8443/jupyter/static/lab/jlab_core.3e11c5239452d671150c.js?v=3e11c5239452d671150c:2:1080328)
    at F.list (https://a1078485-a3ae-cd3fe9bf.nmb2.seetacloud.com:8443/jupyter/static/lab/jlab_core.3e11c5239452d671150c.js?v=3e11c5239452d671150c:2:72489)
    at activate (https://a1078485-a3ae-cd3fe9bf.nmb2.seetacloud.com:8443/jupyter/static/lab/jlab_core.3e11c5239452d671150c.js?v=3e11c5239452d671150c:2:72881)
    at https://a1078485-a3ae-cd3fe9bf.nmb2.seetacloud.com:8443/jupyter/static/lab/jlab_core.3e11c5239452d671150c.js?v=3e11c5239452d671150c:2:1397922 @ https://a1078485-a3ae-cd3fe9bf.nmb2.seetacloud.com:8443/jupyter/static/lab/jlab_core.3e11c5239452d671150c.js?v=3e11c5239452d671150c:1
[    1078ms] [ERROR] TypeError: Failed to fetch
    at Object.n [as handleRequest] (https://a1078485-a3ae-cd3fe9bf.nmb2.seetacloud.com:8443/jupyter/static/lab/jlab_core.3e11c5239452d671150c.js?v=3e11c5239452d671150c:2:1066973)
    at n (https://a1078485-a3ae-cd3fe9bf.nmb2.seetacloud.com:8443/jupyter/static/lab/jlab_core.3e11c5239452d671150c.js?v=3e11c5239452d671150c:2:1065065)
    at a.list (https://a1078485-a3ae-cd3fe9bf.nmb2.seetacloud.com:8443/jupyter/static/lab/jlab_core.3e11c5239452d671150c.js?v=3e11c5239452d671150c:2:1080328)
    at F.list (https://a1078485-a3ae-cd3fe9bf.nmb2.seetacloud.com:8443/jupyter/static/lab/jlab_core.3e11c5239452d671150c.js?v=3e11c5239452d671150c:2:72489)
    at activate (https://a1078485-a3ae-cd3fe9bf.nmb2.seetacloud.com:8443/jupyter/static/lab/jlab_core.3e11c5239452d671150c.js?v=3e11c5239452d671150c:2:72881)
    at https://a1078485-a3ae-cd3fe9bf.nmb2.seetacloud.com:8443/jupyter/static/lab/jlab_core.3e11c5239452d671150c.js?v=3e11c5239452d671150c:2:1397922 @ https://a1078485-a3ae-cd3fe9bf.nmb2.seetacloud.com:8443/jupyter/static/lab/jlab_core.3e11c5239452d671150c.js?v=3e11c5239452d671150c:1
[    1078ms] [ERROR] TypeError: Failed to fetch
    at Object.n [as handleRequest] (https://a1078485-a3ae-cd3fe9bf.nmb2.seetacloud.com:8443/jupyter/static/lab/jlab_core.3e11c5239452d671150c.js?v=3e11c5239452d671150c:2:1066973)
    at n (https://a1078485-a3ae-cd3fe9bf.nmb2.seetacloud.com:8443/jupyter/static/lab/jlab_core.3e11c5239452d671150c.js?v=3e11c5239452d671150c:2:1065065)
    at a.list (https://a1078485-a3ae-cd3fe9bf.nmb2.seetacloud.com:8443/jupyter/static/lab/jlab_core.3e11c5239452d671150c.js?v=3e11c5239452d671150c:2:1080328)
    at F.list (https://a1078485-a3ae-cd3fe9bf.nmb2.seetacloud.com:8443/jupyter/static/lab/jlab_core.3e11c5239452d671150c.js?v=3e11c5239452d671150c:2:72489)
    at activate (https://a1078485-a3ae-cd3fe9bf.nmb2.seetacloud.com:8443/jupyter/static/lab/jlab_core.3e11c5239452d671150c.js?v=3e11c5239452d671150c:2:72881)
    at https://a1078485-a3ae-cd3fe9bf.nmb2.seetacloud.com:8443/jupyter/static/lab/jlab_core.3e11c5239452d671150c.js?v=3e11c5239452d671150c:2:1397922 @ https://a1078485-a3ae-cd3fe9bf.nmb2.seetacloud.com:8443/jupyter/static/lab/jlab_core.3e11c5239452d671150c.js?v=3e11c5239452d671150c:1
[    1078ms] [ERROR] TypeError: Failed to fetch
    at Object.n [as handleRequest] (https://a1078485-a3ae-cd3fe9bf.nmb2.seetacloud.com:8443/jupyter/static/lab/jlab_core.3e11c5239452d671150c.js?v=3e11c5239452d671150c:2:1066973)
    at n (https://a1078485-a3ae-cd3fe9bf.nmb2.seetacloud.com:8443/jupyter/static/lab/jlab_core.3e11c5239452d671150c.js?v=3e11c5239452d671150c:2:1065065)
    at a.list (https://a1078485-a3ae-cd3fe9bf.nmb2.seetacloud.com:8443/jupyter/static/lab/jlab_core.3e11c5239452d671150c.js?v=3e11c5239452d671150c:2:1080328)
    at F.list (https://a1078485-a3ae-cd3fe9bf.nmb2.seetacloud.com:8443/jupyter/static/lab/jlab_core.3e11c5239452d671150c.js?v=3e11c5239452d671150c:2:72489)
    at activate (https://a1078485-a3ae-cd3fe9bf.nmb2.seetacloud.com:8443/jupyter/static/lab/jlab_core.3e11c5239452d671150c.js?v=3e11c5239452d671150c:2:72881)
    at https://a1078485-a3ae-cd3fe9bf.nmb2.seetacloud.com:8443/jupyter/static/lab/jlab_core.3e11c5239452d671150c.js?v=3e11c5239452d671150c:2:1397922 @ https://a1078485-a3ae-cd3fe9bf.nmb2.seetacloud.com:8443/jupyter/static/lab/jlab_core.3e11c5239452d671150c.js?v=3e11c5239452d671150c:1
[    1078ms] [ERROR] TypeError: Failed to fetch
    at Object.n [as handleRequest] (https://a1078485-a3ae-cd3fe9bf.nmb2.seetacloud.com:8443/jupyter/static/lab/jlab_core.3e11c5239452d671150c.js?v=3e11c5239452d671150c:2:1066973)
    at n (https://a1078485-a3ae-cd3fe9bf.nmb2.seetacloud.com:8443/jupyter/static/lab/jlab_core.3e11c5239452d671150c.js?v=3e11c5239452d671150c:2:1065065)
    at a.list (https://a1078485-a3ae-cd3fe9bf.nmb2.seetacloud.com:8443/jupyter/static/lab/jlab_core.3e11c5239452d671150c.js?v=3e11c5239452d671150c:2:1080328)
    at F.list (https://a1078485-a3ae-cd3fe9bf.nmb2.seetacloud.com:8443/jupyter/static/lab/jlab_core.3e11c5239452d671150c.js?v=3e11c5239452d671150c:2:72489)
    at activate (https://a1078485-a3ae-cd3fe9bf.nmb2.seetacloud.com:8443/jupyter/static/lab/jlab_core.3e11c5239452d671150c.js?v=3e11c5239452d671150c:2:72881)
    at https://a1078485-a3ae-cd3fe9bf.nmb2.seetacloud.com:8443/jupyter/static/lab/jlab_core.3e11c5239452d671150c.js?v=3e11c5239452d671150c:2:1397922 @ https://a1078485-a3ae-cd3fe9bf.nmb2.seetacloud.com:8443/jupyter/static/lab/jlab_core.3e11c5239452d671150c.js?v=3e11c5239452d671150c:1
[    1078ms] [ERROR] Plugin '@jupyterlab/launcher-extension:plugin' failed to activate. @ https://a1078485-a3ae-cd3fe9bf.nmb2.seetacloud.com:8443/jupyter/static/lab/jlab_core.3e11c5239452d671150c.js?v=3e11c5239452d671150c:1
[    1078ms] [ERROR] TypeError: Failed to fetch
    at Object.n [as handleRequest] (https://a1078485-a3ae-cd3fe9bf.nmb2.seetacloud.com:8443/jupyter/static/lab/jlab_core.3e11c5239452d671150c.js?v=3e11c5239452d671150c:2:1066973)
    at n (https://a1078485-a3ae-cd3fe9bf.nmb2.seetacloud.com:8443/jupyter/static/lab/jlab_core.3e11c5239452d671150c.js?v=3e11c5239452d671150c:2:1065065)
    at a.list (https://a1078485-a3ae-cd3fe9bf.nmb2.seetacloud.com:8443/jupyter/static/lab/jlab_core.3e11c5239452d671150c.js?v=3e11c5239452d671150c:2:1080328)
    at F.list (https://a1078485-a3ae-cd3fe9bf.nmb2.seetacloud.com:8443/jupyter/static/lab/jlab_core.3e11c5239452d671150c.js?v=3e11c5239452d671150c:2:72489)
    at activate (https://a1078485-a3ae-cd3fe9bf.nmb2.seetacloud.com:8443/jupyter/static/lab/jlab_core.3e11c5239452d671150c.js?v=3e11c5239452d671150c:2:72881)
    at https://a1078485-a3ae-cd3fe9bf.nmb2.seetacloud.com:8443/jupyter/static/lab/jlab_core.3e11c5239452d671150c.js?v=3e11c5239452d671150c:2:1397922 @ https://a1078485-a3ae-cd3fe9bf.nmb2.seetacloud.com:8443/jupyter/static/lab/jlab_core.3e11c5239452d671150c.js?v=3e11c5239452d671150c:1
[    1078ms] [ERROR] TypeError: Failed to fetch
    at Object.n [as handleRequest] (https://a1078485-a3ae-cd3fe9bf.nmb2.seetacloud.com:8443/jupyter/static/lab/jlab_core.3e11c5239452d671150c.js?v=3e11c5239452d671150c:2:1066973)
    at n (https://a1078485-a3ae-cd3fe9bf.nmb2.seetacloud.com:8443/jupyter/static/lab/jlab_core.3e11c5239452d671150c.js?v=3e11c5239452d671150c:2:1065065)
    at a.list (https://a1078485-a3ae-cd3fe9bf.nmb2.seetacloud.com:8443/jupyter/static/lab/jlab_core.3e11c5239452d671150c.js?v=3e11c5239452d671150c:2:1080328)
    at F.list (https://a1078485-a3ae-cd3fe9bf.nmb2.seetacloud.com:8443/jupyter/static/lab/jlab_core.3e11c5239452d671150c.js?v=3e11c5239452d671150c:2:72489)
    at activate (https://a1078485-a3ae-cd3fe9bf.nmb2.seetacloud.com:8443/jupyter/static/lab/jlab_core.3e11c5239452d671150c.js?v=3e11c5239452d671150c:2:72881)
    at https://a1078485-a3ae-cd3fe9bf.nmb2.seetacloud.com:8443/jupyter/static/lab/jlab_core.3e11c5239452d671150c.js?v=3e11c5239452d671150c:2:1397922 @ https://a1078485-a3ae-cd3fe9bf.nmb2.seetacloud.com:8443/jupyter/static/lab/jlab_core.3e11c5239452d671150c.js?v=3e11c5239452d671150c:1
[    1078ms] [ERROR] Plugin '@jupyterlab/notebook-extension:tools' failed to activate. @ https://a1078485-a3ae-cd3fe9bf.nmb2.seetacloud.com:8443/jupyter/static/lab/jlab_core.3e11c5239452d671150c.js?v=3e11c5239452d671150c:1
[    1078ms] [ERROR] TypeError: Failed to fetch
    at Object.n [as handleRequest] (https://a1078485-a3ae-cd3fe9bf.nmb2.seetacloud.com:8443/jupyter/static/lab/jlab_core.3e11c5239452d671150c.js?v=3e11c5239452d671150c:2:1066973)
    at n (https://a1078485-a3ae-cd3fe9bf.nmb2.seetacloud.com:8443/jupyter/static/lab/jlab_core.3e11c5239452d671150c.js?v=3e11c5239452d671150c:2:1065065)
    at a.list (https://a1078485-a3ae-cd3fe9bf.nmb2.seetacloud.com:8443/jupyter/static/lab/jlab_core.3e11c5239452d671150c.js?v=3e11c5239452d671150c:2:1080328)
    at F.list (https://a1078485-a3ae-cd3fe9bf.nmb2.seetacloud.com:8443/jupyter/static/lab/jlab_core.3e11c5239452d671150c.js?v=3e11c5239452d671150c:2:72489)
    at activate (https://a1078485-a3ae-cd3fe9bf.nmb2.seetacloud.com:8443/jupyter/static/lab/jlab_core.3e11c5239452d671150c.js?v=3e11c5239452d671150c:2:72881)
    at https://a1078485-a3ae-cd3fe9bf.nmb2.seetacloud.com:8443/jupyter/static/lab/jlab_core.3e11c5239452d671150c.js?v=3e11c5239452d671150c:2:1397922 @ https://a1078485-a3ae-cd3fe9bf.nmb2.seetacloud.com:8443/jupyter/static/lab/jlab_core.3e11c5239452d671150c.js?v=3e11c5239452d671150c:1
[    1078ms] [ERROR] Plugin '@jupyterlab/celltags' failed to activate. @ https://a1078485-a3ae-cd3fe9bf.nmb2.seetacloud.com:8443/jupyter/static/lab/jlab_core.3e11c5239452d671150c.js?v=3e11c5239452d671150c:1
[    1078ms] [ERROR] TypeError: Failed to fetch
    at Object.n [as handleRequest] (https://a1078485-a3ae-cd3fe9bf.nmb2.seetacloud.com:8443/jupyter/static/lab/jlab_core.3e11c5239452d671150c.js?v=3e11c5239452d671150c:2:1066973)
    at n (https://a1078485-a3ae-cd3fe9bf.nmb2.seetacloud.com:8443/jupyter/static/lab/jlab_core.3e11c5239452d671150c.js?v=3e11c5239452d671150c:2:1065065)
    at a.list (https://a1078485-a3ae-cd3fe9bf.nmb2.seetacloud.com:8443/jupyter/static/lab/jlab_core.3e11c5239452d671150c.js?v=3e11c5239452d671150c:2:1080328)
    at F.list (https://a1078485-a3ae-cd3fe9bf.nmb2.seetacloud.com:8443/jupyter/static/lab/jlab_core.3e11c5239452d671150c.js?v=3e11c5239452d671150c:2:72489)
    at activate (https://a1078485-a3ae-cd3fe9bf.nmb2.seetacloud.com:8443/jupyter/static/lab/jlab_core.3e11c5239452d671150c.js?v=3e11c5239452d671150c:2:72881)
    at https://a1078485-a3ae-cd3fe9bf.nmb2.seetacloud.com:8443/jupyter/static/lab/jlab_core.3e11c5239452d671150c.js?v=3e11c5239452d671150c:2:1397922 @ https://a1078485-a3ae-cd3fe9bf.nmb2.seetacloud.com:8443/jupyter/static/lab/jlab_core.3e11c5239452d671150c.js?v=3e11c5239452d671150c:1
[    1078ms] [ERROR] Plugin '@jupyterlab/codemirror-extension:editor-syntax-status' failed to activate. @ https://a1078485-a3ae-cd3fe9bf.nmb2.seetacloud.com:8443/jupyter/static/lab/jlab_core.3e11c5239452d671150c.js?v=3e11c5239452d671150c:1
[    1078ms] [ERROR] TypeError: Failed to fetch
    at Object.n [as handleRequest] (https://a1078485-a3ae-cd3fe9bf.nmb2.seetacloud.com:8443/jupyter/static/lab/jlab_core.3e11c5239452d671150c.js?v=3e11c5239452d671150c:2:1066973)
    at n (https://a1078485-a3ae-cd3fe9bf.nmb2.seetacloud.com:8443/jupyter/static/lab/jlab_core.3e11c5239452d671150c.js?v=3e11c5239452d671150c:2:1065065)
    at a.list (https://a1078485-a3ae-cd3fe9bf.nmb2.seetacloud.com:8443/jupyter/static/lab/jlab_core.3e11c5239452d671150c.js?v=3e11c5239452d671150c:2:1080328)
    at F.list (https://a1078485-a3ae-cd3fe9bf.nmb2.seetacloud.com:8443/jupyter/static/lab/jlab_core.3e11c5239452d671150c.js?v=3e11c5239452d671150c:2:72489)
    at activate (https://a1078485-a3ae-cd3fe9bf.nmb2.seetacloud.com:8443/jupyter/static/lab/jlab_core.3e11c5239452d671150c.js?v=3e11c5239452d671150c:2:72881)
    at https://a1078485-a3ae-cd3fe9bf.nmb2.seetacloud.com:8443/jupyter/static/lab/jlab_core.3e11c5239452d671150c.js?v=3e11c5239452d671150c:2:1397922 @ https://a1078485-a3ae-cd3fe9bf.nmb2.seetacloud.com:8443/jupyter/static/lab/jlab_core.3e11c5239452d671150c.js?v=3e11c5239452d671150c:1
[    1078ms] [ERROR] Plugin '@jupyterlab/collaboration-extension:rtcPanel' failed to activate. @ https://a1078485-a3ae-cd3fe9bf.nmb2.seetacloud.com:8443/jupyter/static/lab/jlab_core.3e11c5239452d671150c.js?v=3e11c5239452d671150c:1
[    1078ms] [ERROR] TypeError: Failed to fetch
    at Object.n [as handleRequest] (https://a1078485-a3ae-cd3fe9bf.nmb2.seetacloud.com:8443/jupyter/static/lab/jlab_core.3e11c5239452d671150c.js?v=3e11c5239452d671150c:2:1066973)
    at n (https://a1078485-a3ae-cd3fe9bf.nmb2.seetacloud.com:8443/jupyter/static/lab/jlab_core.3e11c5239452d671150c.js?v=3e11c5239452d671150c:2:1065065)
    at a.list (https://a1078485-a3ae-cd3fe9bf.nmb2.seetacloud.com:8443/jupyter/static/lab/jlab_core.3e11c5239452d671150c.js?v=3e11c5239452d671150c:2:1080328)
    at F.list (https://a1078485-a3ae-cd3fe9bf.nmb2.seetacloud.com:8443/jupyter/static/lab/jlab_core.3e11c5239452d671150c.js?v=3e11c5239452d671150c:2:72489)
    at activate (https://a1078485-a3ae-cd3fe9bf.nmb2.seetacloud.com:8443/jupyter/static/lab/jlab_core.3e11c5239452d671150c.js?v=3e11c5239452d671150c:2:72881)
    at https://a1078485-a3ae-cd3fe9bf.nmb2.seetacloud.com:8443/jupyter/static/lab/jlab_core.3e11c5239452d671150c.js?v=3e11c5239452d671150c:2:1397922 @ https://a1078485-a3ae-cd3fe9bf.nmb2.seetacloud.com:8443/jupyter/static/lab/jlab_core.3e11c5239452d671150c.js?v=3e11c5239452d671150c:1
[    1078ms] [ERROR] Plugin '@jupyterlab/csvviewer-extension:csv' failed to activate. @ https://a1078485-a3ae-cd3fe9bf.nmb2.seetacloud.com:8443/jupyter/static/lab/jlab_core.3e11c5239452d671150c.js?v=3e11c5239452d671150c:1
[    1078ms] [ERROR] TypeError: Failed to fetch
    at Object.n [as handleRequest] (https://a1078485-a3ae-cd3fe9bf.nmb2.seetacloud.com:8443/jupyter/static/lab/jlab_core.3e11c5239452d671150c.js?v=3e11c5239452d671150c:2:1066973)
    at n (https://a1078485-a3ae-cd3fe9bf.nmb2.seetacloud.com:8443/jupyter/static/lab/jlab_core.3e11c5239452d671150c.js?v=3e11c5239452d671150c:2:1065065)
    at a.list (https://a1078485-a3ae-cd3fe9bf.nmb2.seetacloud.com:8443/jupyter/static/lab/jlab_core.3e11c5239452d671150c.js?v=3e11c5239452d671150c:2:1080328)
    at F.list (https://a1078485-a3ae-cd3fe9bf.nmb2.seetacloud.com:8443/jupyter/static/lab/jlab_core.3e11c5239452d671150c.js?v=3e11c5239452d671150c:2:72489)
    at activate (https://a1078485-a3ae-cd3fe9bf.nmb2.seetacloud.com:8443/jupyter/static/lab/jlab_core.3e11c5239452d671150c.js?v=3e11c5239452d671150c:2:72881)
    at https://a1078485-a3ae-cd3fe9bf.nmb2.seetacloud.com:8443/jupyter/static/lab/jlab_core.3e11c5239452d671150c.js?v=3e11c5239452d671150c:2:1397922 @ https://a1078485-a3ae-cd3fe9bf.nmb2.seetacloud.com:8443/jupyter/static/lab/jlab_core.3e11c5239452d671150c.js?v=3e11c5239452d671150c:1
[    1078ms] [ERROR] TypeError: Failed to fetch
    at Object.n [as handleRequest] (https://a1078485-a3ae-cd3fe9bf.nmb2.seetacloud.com:8443/jupyter/static/lab/jlab_core.3e11c5239452d671150c.js?v=3e11c5239452d671150c:2:1066973)
    at n (https://a1078485-a3ae-cd3fe9bf.nmb2.seetacloud.com:8443/jupyter/static/lab/jlab_core.3e11c5239452d671150c.js?v=3e11c5239452d671150c:2:1065065)
    at a.list (https://a1078485-a3ae-cd3fe9bf.nmb2.seetacloud.com:8443/jupyter/static/lab/jlab_core.3e11c5239452d671150c.js?v=3e11c5239452d671150c:2:1080328)
    at F.list (https://a1078485-a3ae-cd3fe9bf.nmb2.seetacloud.com:8443/jupyter/static/lab/jlab_core.3e11c5239452d671150c.js?v=3e11c5239452d671150c:2:72489)
    at activate (https://a1078485-a3ae-cd3fe9bf.nmb2.seetacloud.com:8443/jupyter/static/lab/jlab_core.3e11c5239452d671150c.js?v=3e11c5239452d671150c:2:72881)
    at https://a1078485-a3ae-cd3fe9bf.nmb2.seetacloud.com:8443/jupyter/static/lab/jlab_core.3e11c5239452d671150c.js?v=3e11c5239452d671150c:2:1397922 @ https://a1078485-a3ae-cd3fe9bf.nmb2.seetacloud.com:8443/jupyter/static/lab/jlab_core.3e11c5239452d671150c.js?v=3e11c5239452d671150c:1
[    1078ms] [ERROR] TypeError: Failed to fetch
    at Object.n [as handleRequest] (https://a1078485-a3ae-cd3fe9bf.nmb2.seetacloud.com:8443/jupyter/static/lab/jlab_core.3e11c5239452d671150c.js?v=3e11c5239452d671150c:2:1066973)
    at n (https://a1078485-a3ae-cd3fe9bf.nmb2.seetacloud.com:8443/jupyter/static/lab/jlab_core.3e11c5239452d671150c.js?v=3e11c5239452d671150c:2:1065065)
    at a.list (https://a1078485-a3ae-cd3fe9bf.nmb2.seetacloud.com:8443/jupyter/static/lab/jlab_core.3e11c5239452d671150c.js?v=3e11c5239452d671150c:2:1080328)
    at F.list (https://a1078485-a3ae-cd3fe9bf.nmb2.seetacloud.com:8443/jupyter/static/lab/jlab_core.3e11c5239452d671150c.js?v=3e11c5239452d671150c:2:72489)
    at activate (https://a1078485-a3ae-cd3fe9bf.nmb2.seetacloud.com:8443/jupyter/static/lab/jlab_core.3e11c5239452d671150c.js?v=3e11c5239452d671150c:2:72881)
    at https://a1078485-a3ae-cd3fe9bf.nmb2.seetacloud.com:8443/jupyter/static/lab/jlab_core.3e11c5239452d671150c.js?v=3e11c5239452d671150c:2:1397922 @ https://a1078485-a3ae-cd3fe9bf.nmb2.seetacloud.com:8443/jupyter/static/lab/jlab_core.3e11c5239452d671150c.js?v=3e11c5239452d671150c:1
[    1078ms] [ERROR] Plugin '@jupyterlab/documentsearch:plugin' failed to activate. @ https://a1078485-a3ae-cd3fe9bf.nmb2.seetacloud.com:8443/jupyter/static/lab/jlab_core.3e11c5239452d671150c.js?v=3e11c5239452d671150c:1
[    1078ms] [ERROR] TypeError: Failed to fetch
    at Object.n [as handleRequest] (https://a1078485-a3ae-cd3fe9bf.nmb2.seetacloud.com:8443/jupyter/static/lab/jlab_core.3e11c5239452d671150c.js?v=3e11c5239452d671150c:2:1066973)
    at n (https://a1078485-a3ae-cd3fe9bf.nmb2.seetacloud.com:8443/jupyter/static/lab/jlab_core.3e11c5239452d671150c.js?v=3e11c5239452d671150c:2:1065065)
    at a.list (https://a1078485-a3ae-cd3fe9bf.nmb2.seetacloud.com:8443/jupyter/static/lab/jlab_core.3e11c5239452d671150c.js?v=3e11c5239452d671150c:2:1080328)
    at F.list (https://a1078485-a3ae-cd3fe9bf.nmb2.seetacloud.com:8443/jupyter/static/lab/jlab_core.3e11c5239452d671150c.js?v=3e11c5239452d671150c:2:72489)
    at activate (https://a1078485-a3ae-cd3fe9bf.nmb2.seetacloud.com:8443/jupyter/static/lab/jlab_core.3e11c5239452d671150c.js?v=3e11c5239452d671150c:2:72881)
    at https://a1078485-a3ae-cd3fe9bf.nmb2.seetacloud.com:8443/jupyter/static/lab/jlab_core.3e11c5239452d671150c.js?v=3e11c5239452d671150c:2:1397922 @ https://a1078485-a3ae-cd3fe9bf.nmb2.seetacloud.com:8443/jupyter/static/lab/jlab_core.3e11c5239452d671150c.js?v=3e11c5239452d671150c:1
[    1078ms] [ERROR] Plugin '@jupyterlab/csvviewer-extension:tsv' failed to activate. @ https://a1078485-a3ae-cd3fe9bf.nmb2.seetacloud.com:8443/jupyter/static/lab/jlab_core.3e11c5239452d671150c.js?v=3e11c5239452d671150c:1
[    1078ms] [ERROR] TypeError: Failed to fetch
    at Object.n [as handleRequest] (https://a1078485-a3ae-cd3fe9bf.nmb2.seetacloud.com:8443/jupyter/static/lab/jlab_core.3e11c5239452d671150c.js?v=3e11c5239452d671150c:2:1066973)
    at n (https://a1078485-a3ae-cd3fe9bf.nmb2.seetacloud.com:8443/jupyter/static/lab/jlab_core.3e11c5239452d671150c.js?v=3e11c5239452d671150c:2:1065065)
    at a.list (https://a1078485-a3ae-cd3fe9bf.nmb2.seetacloud.com:8443/jupyter/static/lab/jlab_core.3e11c5239452d671150c.js?v=3e11c5239452d671150c:2:1080328)
    at F.list (https://a1078485-a3ae-cd3fe9bf.nmb2.seetacloud.com:8443/jupyter/static/lab/jlab_core.3e11c5239452d671150c.js?v=3e11c5239452d671150c:2:72489)
    at activate (https://a1078485-a3ae-cd3fe9bf.nmb2.seetacloud.com:8443/jupyter/static/lab/jlab_core.3e11c5239452d671150c.js?v=3e11c5239452d671150c:2:72881)
    at https://a1078485-a3ae-cd3fe9bf.nmb2.seetacloud.com:8443/jupyter/static/lab/jlab_core.3e11c5239452d671150c.js?v=3e11c5239452d671150c:2:1397922 @ https://a1078485-a3ae-cd3fe9bf.nmb2.seetacloud.com:8443/jupyter/static/lab/jlab_core.3e11c5239452d671150c.js?v=3e11c5239452d671150c:1
[    1079ms] [ERROR] Plugin '@jupyterlab/debugger-extension:notebooks' failed to activate. @ https://a1078485-a3ae-cd3fe9bf.nmb2.seetacloud.com:8443/jupyter/static/lab/jlab_core.3e11c5239452d671150c.js?v=3e11c5239452d671150c:1
[    1079ms] [ERROR] TypeError: Failed to fetch
    at Object.n [as handleRequest] (https://a1078485-a3ae-cd3fe9bf.nmb2.seetacloud.com:8443/jupyter/static/lab/jlab_core.3e11c5239452d671150c.js?v=3e11c5239452d671150c:2:1066973)
    at n (https://a1078485-a3ae-cd3fe9bf.nmb2.seetacloud.com:8443/jupyter/static/lab/jlab_core.3e11c5239452d671150c.js?v=3e11c5239452d671150c:2:1065065)
    at a.list (https://a1078485-a3ae-cd3fe9bf.nmb2.seetacloud.com:8443/jupyter/static/lab/jlab_core.3e11c5239452d671150c.js?v=3e11c5239452d671150c:2:1080328)
    at F.list (https://a1078485-a3ae-cd3fe9bf.nmb2.seetacloud.com:8443/jupyter/static/lab/jlab_core.3e11c5239452d671150c.js?v=3e11c5239452d671150c:2:72489)
    at activate (https://a1078485-a3ae-cd3fe9bf.nmb2.seetacloud.com:8443/jupyter/static/lab/jlab_core.3e11c5239452d671150c.js?v=3e11c5239452d671150c:2:72881)
    at https://a1078485-a3ae-cd3fe9bf.nmb2.seetacloud.com:8443/jupyter/static/lab/jlab_core.3e11c5239452d671150c.js?v=3e11c5239452d671150c:2:1397922 @ https://a1078485-a3ae-cd3fe9bf.nmb2.seetacloud.com:8443/jupyter/static/lab/jlab_core.3e11c5239452d671150c.js?v=3e11c5239452d671150c:1
[    1079ms] [ERROR] Plugin '@jupyterlab/debugger-extension:variables' failed to activate. @ https://a1078485-a3ae-cd3fe9bf.nmb2.seetacloud.com:8443/jupyter/static/lab/jlab_core.3e11c5239452d671150c.js?v=3e11c5239452d671150c:1
[    1079ms] [ERROR] TypeError: Failed to fetch
    at Object.n [as handleRequest] (https://a1078485-a3ae-cd3fe9bf.nmb2.seetacloud.com:8443/jupyter/static/lab/jlab_core.3e11c5239452d671150c.js?v=3e11c5239452d671150c:2:1066973)
    at n (https://a1078485-a3ae-cd3fe9bf.nmb2.seetacloud.com:8443/jupyter/static/lab/jlab_core.3e11c5239452d671150c.js?v=3e11c5239452d671150c:2:1065065)
    at a.list (https://a1078485-a3ae-cd3fe9bf.nmb2.seetacloud.com:8443/jupyter/static/lab/jlab_core.3e11c5239452d671150c.js?v=3e11c5239452d671150c:2:1080328)
    at F.list (https://a1078485-a3ae-cd3fe9bf.nmb2.seetacloud.com:8443/jupyter/static/lab/jlab_core.3e11c5239452d671150c.js?v=3e11c5239452d671150c:2:72489)
    at activate (https://a1078485-a3ae-cd3fe9bf.nmb2.seetacloud.com:8443/jupyter/static/lab/jlab_core.3e11c5239452d671150c.js?v=3e11c5239452d671150c:2:72881)
    at https://a1078485-a3ae-cd3fe9bf.nmb2.seetacloud.com:8443/jupyter/static/lab/jlab_core.3e11c5239452d671150c.js?v=3e11c5239452d671150c:2:1397922 @ https://a1078485-a3ae-cd3fe9bf.nmb2.seetacloud.com:8443/jupyter/static/lab/jlab_core.3e11c5239452d671150c.js?v=3e11c5239452d671150c:1
[    1079ms] [ERROR] Plugin '@jupyterlab/debugger-extension:sidebar' failed to activate. @ https://a1078485-a3ae-cd3fe9bf.nmb2.seetacloud.com:8443/jupyter/static/lab/jlab_core.3e11c5239452d671150c.js?v=3e11c5239452d671150c:1
[    1079ms] [ERROR] TypeError: Failed to fetch
    at Object.n [as handleRequest] (https://a1078485-a3ae-cd3fe9bf.nmb2.seetacloud.com:8443/jupyter/static/lab/jlab_core.3e11c5239452d671150c.js?v=3e11c5239452d671150c:2:1066973)
    at n (https://a1078485-a3ae-cd3fe9bf.nmb2.seetacloud.com:8443/jupyter/static/lab/jlab_core.3e11c5239452d671150c.js?v=3e11c5239452d671150c:2:1065065)
    at a.list (https://a1078485-a3ae-cd3fe9bf.nmb2.seetacloud.com:8443/jupyter/static/lab/jlab_core.3e11c5239452d671150c.js?v=3e11c5239452d671150c:2:1080328)
    at F.list (https://a1078485-a3ae-cd3fe9bf.nmb2.seetacloud.com:8443/jupyter/static/lab/jlab_core.3e11c5239452d671150c.js?v=3e11c5239452d671150c:2:72489)
    at activate (https://a1078485-a3ae-cd3fe9bf.nmb2.seetacloud.com:8443/jupyter/static/lab/jlab_core.3e11c5239452d671150c.js?v=3e11c5239452d671150c:2:72881)
    at https://a1078485-a3ae-cd3fe9bf.nmb2.seetacloud.com:8443/jupyter/static/lab/jlab_core.3e11c5239452d671150c.js?v=3e11c5239452d671150c:2:1397922 @ https://a1078485-a3ae-cd3fe9bf.nmb2.seetacloud.com:8443/jupyter/static/lab/jlab_core.3e11c5239452d671150c.js?v=3e11c5239452d671150c:1
[    1079ms] [ERROR] Plugin '@jupyterlab/debugger-extension:main' failed to activate. @ https://a1078485-a3ae-cd3fe9bf.nmb2.seetacloud.com:8443/jupyter/static/lab/jlab_core.3e11c5239452d671150c.js?v=3e11c5239452d671150c:1
[    1079ms] [ERROR] TypeError: Failed to fetch
    at Object.n [as handleRequest] (https://a1078485-a3ae-cd3fe9bf.nmb2.seetacloud.com:8443/jupyter/static/lab/jlab_core.3e11c5239452d671150c.js?v=3e11c5239452d671150c:2:1066973)
    at n (https://a1078485-a3ae-cd3fe9bf.nmb2.seetacloud.com:8443/jupyter/static/lab/jlab_core.3e11c5239452d671150c.js?v=3e11c5239452d671150c:2:1065065)
    at a.list (https://a1078485-a3ae-cd3fe9bf.nmb2.seetacloud.com:8443/jupyter/static/lab/jlab_core.3e11c5239452d671150c.js?v=3e11c5239452d671150c:2:1080328)
    at F.list (https://a1078485-a3ae-cd3fe9bf.nmb2.seetacloud.com:8443/jupyter/static/lab/jlab_core.3e11c5239452d671150c.js?v=3e11c5239452d671150c:2:72489)
    at activate (https://a1078485-a3ae-cd3fe9bf.nmb2.seetacloud.com:8443/jupyter/static/lab/jlab_core.3e11c5239452d671150c.js?v=3e11c5239452d671150c:2:72881)
    at https://a1078485-a3ae-cd3fe9bf.nmb2.seetacloud.com:8443/jupyter/static/lab/jlab_core.3e11c5239452d671150c.js?v=3e11c5239452d671150c:2:1397922 @ https://a1078485-a3ae-cd3fe9bf.nmb2.seetacloud.com:8443/jupyter/static/lab/jlab_core.3e11c5239452d671150c.js?v=3e11c5239452d671150c:1
[    1079ms] [ERROR] TypeError: Failed to fetch
    at Object.n [as handleRequest] (https://a1078485-a3ae-cd3fe9bf.nmb2.seetacloud.com:8443/jupyter/static/lab/jlab_core.3e11c5239452d671150c.js?v=3e11c5239452d671150c:2:1066973)
    at n (https://a1078485-a3ae-cd3fe9bf.nmb2.seetacloud.com:8443/jupyter/static/lab/jlab_core.3e11c5239452d671150c.js?v=3e11c5239452d671150c:2:1065065)
    at a.list (https://a1078485-a3ae-cd3fe9bf.nmb2.seetacloud.com:8443/jupyter/static/lab/jlab_core.3e11c5239452d671150c.js?v=3e11c5239452d671150c:2:1080328)
    at F.list (https://a1078485-a3ae-cd3fe9bf.nmb2.seetacloud.com:8443/jupyter/static/lab/jlab_core.3e11c5239452d671150c.js?v=3e11c5239452d671150c:2:72489)
    at activate (https://a1078485-a3ae-cd3fe9bf.nmb2.seetacloud.com:8443/jupyter/static/lab/jlab_core.3e11c5239452d671150c.js?v=3e11c5239452d671150c:2:72881)
    at https://a1078485-a3ae-cd3fe9bf.nmb2.seetacloud.com:8443/jupyter/static/lab/jlab_core.3e11c5239452d671150c.js?v=3e11c5239452d671150c:2:1397922 @ https://a1078485-a3ae-cd3fe9bf.nmb2.seetacloud.com:8443/jupyter/static/lab/jlab_core.3e11c5239452d671150c.js?v=3e11c5239452d671150c:1
[    1079ms] [ERROR] Plugin '@jupyterlab/logconsole-extension:plugin' failed to activate. @ https://a1078485-a3ae-cd3fe9bf.nmb2.seetacloud.com:8443/jupyter/static/lab/jlab_core.3e11c5239452d671150c.js?v=3e11c5239452d671150c:1
[    1079ms] [ERROR] TypeError: Failed to fetch
    at Object.n [as handleRequest] (https://a1078485-a3ae-cd3fe9bf.nmb2.seetacloud.com:8443/jupyter/static/lab/jlab_core.3e11c5239452d671150c.js?v=3e11c5239452d671150c:2:1066973)
    at n (https://a1078485-a3ae-cd3fe9bf.nmb2.seetacloud.com:8443/jupyter/static/lab/jlab_core.3e11c5239452d671150c.js?v=3e11c5239452d671150c:2:1065065)
    at a.list (https://a1078485-a3ae-cd3fe9bf.nmb2.seetacloud.com:8443/jupyter/static/lab/jlab_core.3e11c5239452d671150c.js?v=3e11c5239452d671150c:2:1080328)
    at F.list (https://a1078485-a3ae-cd3fe9bf.nmb2.seetacloud.com:8443/jupyter/static/lab/jlab_core.3e11c5239452d671150c.js?v=3e11c5239452d671150c:2:72489)
    at activate (https://a1078485-a3ae-cd3fe9bf.nmb2.seetacloud.com:8443/jupyter/static/lab/jlab_core.3e11c5239452d671150c.js?v=3e11c5239452d671150c:2:72881)
    at https://a1078485-a3ae-cd3fe9bf.nmb2.seetacloud.com:8443/jupyter/static/lab/jlab_core.3e11c5239452d671150c.js?v=3e11c5239452d671150c:2:1397922 @ https://a1078485-a3ae-cd3fe9bf.nmb2.seetacloud.com:8443/jupyter/static/lab/jlab_core.3e11c5239452d671150c.js?v=3e11c5239452d671150c:1
[    1079ms] [ERROR] TypeError: Failed to fetch
    at Object.n [as handleRequest] (https://a1078485-a3ae-cd3fe9bf.nmb2.seetacloud.com:8443/jupyter/static/lab/jlab_core.3e11c5239452d671150c.js?v=3e11c5239452d671150c:2:1066973)
    at n (https://a1078485-a3ae-cd3fe9bf.nmb2.seetacloud.com:8443/jupyter/static/lab/jlab_core.3e11c5239452d671150c.js?v=3e11c5239452d671150c:2:1065065)
    at a.list (https://a1078485-a3ae-cd3fe9bf.nmb2.seetacloud.com:8443/jupyter/static/lab/jlab_core.3e11c5239452d671150c.js?v=3e11c5239452d671150c:2:1080328)
    at F.list (https://a1078485-a3ae-cd3fe9bf.nmb2.seetacloud.com:8443/jupyter/static/lab/jlab_core.3e11c5239452d671150c.js?v=3e11c5239452d671150c:2:72489)
    at activate (https://a1078485-a3ae-cd3fe9bf.nmb2.seetacloud.com:8443/jupyter/static/lab/jlab_core.3e11c5239452d671150c.js?v=3e11c5239452d671150c:2:72881)
    at https://a1078485-a3ae-cd3fe9bf.nmb2.seetacloud.com:8443/jupyter/static/lab/jlab_core.3e11c5239452d671150c.js?v=3e11c5239452d671150c:2:1397922 @ https://a1078485-a3ae-cd3fe9bf.nmb2.seetacloud.com:8443/jupyter/static/lab/jlab_core.3e11c5239452d671150c.js?v=3e11c5239452d671150c:1
[    1079ms] [ERROR] TypeError: Failed to fetch
    at Object.n [as handleRequest] (https://a1078485-a3ae-cd3fe9bf.nmb2.seetacloud.com:8443/jupyter/static/lab/jlab_core.3e11c5239452d671150c.js?v=3e11c5239452d671150c:2:1066973)
    at n (https://a1078485-a3ae-cd3fe9bf.nmb2.seetacloud.com:8443/jupyter/static/lab/jlab_core.3e11c5239452d671150c.js?v=3e11c5239452d671150c:2:1065065)
    at a.list (https://a1078485-a3ae-cd3fe9bf.nmb2.seetacloud.com:8443/jupyter/static/lab/jlab_core.3e11c5239452d671150c.js?v=3e11c5239452d671150c:2:1080328)
    at F.list (https://a1078485-a3ae-cd3fe9bf.nmb2.seetacloud.com:8443/jupyter/static/lab/jlab_core.3e11c5239452d671150c.js?v=3e11c5239452d671150c:2:72489)
    at activate (https://a1078485-a3ae-cd3fe9bf.nmb2.seetacloud.com:8443/jupyter/static/lab/jlab_core.3e11c5239452d671150c.js?v=3e11c5239452d671150c:2:72881)
    at https://a1078485-a3ae-cd3fe9bf.nmb2.seetacloud.com:8443/jupyter/static/lab/jlab_core.3e11c5239452d671150c.js?v=3e11c5239452d671150c:2:1397922 @ https://a1078485-a3ae-cd3fe9bf.nmb2.seetacloud.com:8443/jupyter/static/lab/jlab_core.3e11c5239452d671150c.js?v=3e11c5239452d671150c:1
[    1079ms] [ERROR] Plugin '@jupyterlab/docmanager-extension:saving-status' failed to activate. @ https://a1078485-a3ae-cd3fe9bf.nmb2.seetacloud.com:8443/jupyter/static/lab/jlab_core.3e11c5239452d671150c.js?v=3e11c5239452d671150c:1
[    1079ms] [ERROR] TypeError: Failed to fetch
    at Object.n [as handleRequest] (https://a1078485-a3ae-cd3fe9bf.nmb2.seetacloud.com:8443/jupyter/static/lab/jlab_core.3e11c5239452d671150c.js?v=3e11c5239452d671150c:2:1066973)
    at n (https://a1078485-a3ae-cd3fe9bf.nmb2.seetacloud.com:8443/jupyter/static/lab/jlab_core.3e11c5239452d671150c.js?v=3e11c5239452d671150c:2:1065065)
    at a.list (https://a1078485-a3ae-cd3fe9bf.nmb2.seetacloud.com:8443/jupyter/static/lab/jlab_core.3e11c5239452d671150c.js?v=3e11c5239452d671150c:2:1080328)
    at F.list (https://a1078485-a3ae-cd3fe9bf.nmb2.seetacloud.com:8443/jupyter/static/lab/jlab_core.3e11c5239452d671150c.js?v=3e11c5239452d671150c:2:72489)
    at activate (https://a1078485-a3ae-cd3fe9bf.nmb2.seetacloud.com:8443/jupyter/static/lab/jlab_core.3e11c5239452d671150c.js?v=3e11c5239452d671150c:2:72881)
    at https://a1078485-a3ae-cd3fe9bf.nmb2.seetacloud.com:8443/jupyter/static/lab/jlab_core.3e11c5239452d671150c.js?v=3e11c5239452d671150c:2:1397922 @ https://a1078485-a3ae-cd3fe9bf.nmb2.seetacloud.com:8443/jupyter/static/lab/jlab_core.3e11c5239452d671150c.js?v=3e11c5239452d671150c:1
[    1079ms] [ERROR] Plugin '@jupyterlab/docmanager-extension:download' failed to activate. @ https://a1078485-a3ae-cd3fe9bf.nmb2.seetacloud.com:8443/jupyter/static/lab/jlab_core.3e11c5239452d671150c.js?v=3e11c5239452d671150c:1
[    1079ms] [ERROR] TypeError: Failed to fetch
    at Object.n [as handleRequest] (https://a1078485-a3ae-cd3fe9bf.nmb2.seetacloud.com:8443/jupyter/static/lab/jlab_core.3e11c5239452d671150c.js?v=3e11c5239452d671150c:2:1066973)
    at n (https://a1078485-a3ae-cd3fe9bf.nmb2.seetacloud.com:8443/jupyter/static/lab/jlab_core.3e11c5239452d671150c.js?v=3e11c5239452d671150c:2:1065065)
    at a.list (https://a1078485-a3ae-cd3fe9bf.nmb2.seetacloud.com:8443/jupyter/static/lab/jlab_core.3e11c5239452d671150c.js?v=3e11c5239452d671150c:2:1080328)
    at F.list (https://a1078485-a3ae-cd3fe9bf.nmb2.seetacloud.com:8443/jupyter/static/lab/jlab_core.3e11c5239452d671150c.js?v=3e11c5239452d671150c:2:72489)
    at activate (https://a1078485-a3ae-cd3fe9bf.nmb2.seetacloud.com:8443/jupyter/static/lab/jlab_core.3e11c5239452d671150c.js?v=3e11c5239452d671150c:2:72881)
    at https://a1078485-a3ae-cd3fe9bf.nmb2.seetacloud.com:8443/jupyter/static/lab/jlab_core.3e11c5239452d671150c.js?v=3e11c5239452d671150c:2:1397922 @ https://a1078485-a3ae-cd3fe9bf.nmb2.seetacloud.com:8443/jupyter/static/lab/jlab_core.3e11c5239452d671150c.js?v=3e11c5239452d671150c:1
[    1079ms] [ERROR] Plugin '@jupyterlab/docmanager-extension:open-browser-tab' failed to activate. @ https://a1078485-a3ae-cd3fe9bf.nmb2.seetacloud.com:8443/jupyter/static/lab/jlab_core.3e11c5239452d671150c.js?v=3e11c5239452d671150c:1
[    1079ms] [ERROR] TypeError: Failed to fetch
    at Object.n [as handleRequest] (https://a1078485-a3ae-cd3fe9bf.nmb2.seetacloud.com:8443/jupyter/static/lab/jlab_core.3e11c5239452d671150c.js?v=3e11c5239452d671150c:2:1066973)
    at n (https://a1078485-a3ae-cd3fe9bf.nmb2.seetacloud.com:8443/jupyter/static/lab/jlab_core.3e11c5239452d671150c.js?v=3e11c5239452d671150c:2:1065065)
    at a.list (https://a1078485-a3ae-cd3fe9bf.nmb2.seetacloud.com:8443/jupyter/static/lab/jlab_core.3e11c5239452d671150c.js?v=3e11c5239452d671150c:2:1080328)
    at F.list (https://a1078485-a3ae-cd3fe9bf.nmb2.seetacloud.com:8443/jupyter/static/lab/jlab_core.3e11c5239452d671150c.js?v=3e11c5239452d671150c:2:72489)
    at activate (https://a1078485-a3ae-cd3fe9bf.nmb2.seetacloud.com:8443/jupyter/static/lab/jlab_core.3e11c5239452d671150c.js?v=3e11c5239452d671150c:2:72881)
    at https://a1078485-a3ae-cd3fe9bf.nmb2.seetacloud.com:8443/jupyter/static/lab/jlab_core.3e11c5239452d671150c.js?v=3e11c5239452d671150c:2:1397922 @ https://a1078485-a3ae-cd3fe9bf.nmb2.seetacloud.com:8443/jupyter/static/lab/jlab_core.3e11c5239452d671150c.js?v=3e11c5239452d671150c:1
[    1079ms] [ERROR] Plugin '@jupyterlab/filebrowser-extension:browser' failed to activate. @ https://a1078485-a3ae-cd3fe9bf.nmb2.seetacloud.com:8443/jupyter/static/lab/jlab_core.3e11c5239452d671150c.js?v=3e11c5239452d671150c:1
[    1079ms] [ERROR] TypeError: Failed to fetch
    at Object.n [as handleRequest] (https://a1078485-a3ae-cd3fe9bf.nmb2.seetacloud.com:8443/jupyter/static/lab/jlab_core.3e11c5239452d671150c.js?v=3e11c5239452d671150c:2:1066973)
    at n (https://a1078485-a3ae-cd3fe9bf.nmb2.seetacloud.com:8443/jupyter/static/lab/jlab_core.3e11c5239452d671150c.js?v=3e11c5239452d671150c:2:1065065)
    at a.list (https://a1078485-a3ae-cd3fe9bf.nmb2.seetacloud.com:8443/jupyter/static/lab/jlab_core.3e11c5239452d671150c.js?v=3e11c5239452d671150c:2:1080328)
    at F.list (https://a1078485-a3ae-cd3fe9bf.nmb2.seetacloud.com:8443/jupyter/static/lab/jlab_core.3e11c5239452d671150c.js?v=3e11c5239452d671150c:2:72489)
    at activate (https://a1078485-a3ae-cd3fe9bf.nmb2.seetacloud.com:8443/jupyter/static/lab/jlab_core.3e11c5239452d671150c.js?v=3e11c5239452d671150c:2:72881)
    at https://a1078485-a3ae-cd3fe9bf.nmb2.seetacloud.com:8443/jupyter/static/lab/jlab_core.3e11c5239452d671150c.js?v=3e11c5239452d671150c:2:1397922 @ https://a1078485-a3ae-cd3fe9bf.nmb2.seetacloud.com:8443/jupyter/static/lab/jlab_core.3e11c5239452d671150c.js?v=3e11c5239452d671150c:1
[    1079ms] [ERROR] Plugin '@jupyterlab/filebrowser-extension:share-file' failed to activate. @ https://a1078485-a3ae-cd3fe9bf.nmb2.seetacloud.com:8443/jupyter/static/lab/jlab_core.3e11c5239452d671150c.js?v=3e11c5239452d671150c:1
[    1079ms] [ERROR] TypeError: Failed to fetch
    at Object.n [as handleRequest] (https://a1078485-a3ae-cd3fe9bf.nmb2.seetacloud.com:8443/jupyter/static/lab/jlab_core.3e11c5239452d671150c.js?v=3e11c5239452d671150c:2:1066973)
    at n (https://a1078485-a3ae-cd3fe9bf.nmb2.seetacloud.com:8443/jupyter/static/lab/jlab_core.3e11c5239452d671150c.js?v=3e11c5239452d671150c:2:1065065)
    at a.list (https://a1078485-a3ae-cd3fe9bf.nmb2.seetacloud.com:8443/jupyter/static/lab/jlab_core.3e11c5239452d671150c.js?v=3e11c5239452d671150c:2:1080328)
    at F.list (https://a1078485-a3ae-cd3fe9bf.nmb2.seetacloud.com:8443/jupyter/static/lab/jlab_core.3e11c5239452d671150c.js?v=3e11c5239452d671150c:2:72489)
    at activate (https://a1078485-a3ae-cd3fe9bf.nmb2.seetacloud.com:8443/jupyter/static/lab/jlab_core.3e11c5239452d671150c.js?v=3e11c5239452d671150c:2:72881)
    at https://a1078485-a3ae-cd3fe9bf.nmb2.seetacloud.com:8443/jupyter/static/lab/jlab_core.3e11c5239452d671150c.js?v=3e11c5239452d671150c:2:1397922 @ https://a1078485-a3ae-cd3fe9bf.nmb2.seetacloud.com:8443/jupyter/static/lab/jlab_core.3e11c5239452d671150c.js?v=3e11c5239452d671150c:1
[    1079ms] [ERROR] Plugin '@jupyterlab/filebrowser-extension:file-upload-status' failed to activate. @ https://a1078485-a3ae-cd3fe9bf.nmb2.seetacloud.com:8443/jupyter/static/lab/jlab_core.3e11c5239452d671150c.js?v=3e11c5239452d671150c:1
[    1079ms] [ERROR] TypeError: Failed to fetch
    at Object.n [as handleRequest] (https://a1078485-a3ae-cd3fe9bf.nmb2.seetacloud.com:8443/jupyter/static/lab/jlab_core.3e11c5239452d671150c.js?v=3e11c5239452d671150c:2:1066973)
    at n (https://a1078485-a3ae-cd3fe9bf.nmb2.seetacloud.com:8443/jupyter/static/lab/jlab_core.3e11c5239452d671150c.js?v=3e11c5239452d671150c:2:1065065)
    at a.list (https://a1078485-a3ae-cd3fe9bf.nmb2.seetacloud.com:8443/jupyter/static/lab/jlab_core.3e11c5239452d671150c.js?v=3e11c5239452d671150c:2:1080328)
    at F.list (https://a1078485-a3ae-cd3fe9bf.nmb2.seetacloud.com:8443/jupyter/static/lab/jlab_core.3e11c5239452d671150c.js?v=3e11c5239452d671150c:2:72489)
    at activate (https://a1078485-a3ae-cd3fe9bf.nmb2.seetacloud.com:8443/jupyter/static/lab/jlab_core.3e11c5239452d671150c.js?v=3e11c5239452d671150c:2:72881)
    at https://a1078485-a3ae-cd3fe9bf.nmb2.seetacloud.com:8443/jupyter/static/lab/jlab_core.3e11c5239452d671150c.js?v=3e11c5239452d671150c:2:1397922 @ https://a1078485-a3ae-cd3fe9bf.nmb2.seetacloud.com:8443/jupyter/static/lab/jlab_core.3e11c5239452d671150c.js?v=3e11c5239452d671150c:1
[    1079ms] [ERROR] Plugin '@jupyterlab/filebrowser-extension:download' failed to activate. @ https://a1078485-a3ae-cd3fe9bf.nmb2.seetacloud.com:8443/jupyter/static/lab/jlab_core.3e11c5239452d671150c.js?v=3e11c5239452d671150c:1
[    1079ms] [ERROR] TypeError: Failed to fetch
    at Object.n [as handleRequest] (https://a1078485-a3ae-cd3fe9bf.nmb2.seetacloud.com:8443/jupyter/static/lab/jlab_core.3e11c5239452d671150c.js?v=3e11c5239452d671150c:2:1066973)
    at n (https://a1078485-a3ae-cd3fe9bf.nmb2.seetacloud.com:8443/jupyter/static/lab/jlab_core.3e11c5239452d671150c.js?v=3e11c5239452d671150c:2:1065065)
    at a.list (https://a1078485-a3ae-cd3fe9bf.nmb2.seetacloud.com:8443/jupyter/static/lab/jlab_core.3e11c5239452d671150c.js?v=3e11c5239452d671150c:2:1080328)
    at F.list (https://a1078485-a3ae-cd3fe9bf.nmb2.seetacloud.com:8443/jupyter/static/lab/jlab_core.3e11c5239452d671150c.js?v=3e11c5239452d671150c:2:72489)
    at activate (https://a1078485-a3ae-cd3fe9bf.nmb2.seetacloud.com:8443/jupyter/static/lab/jlab_core.3e11c5239452d671150c.js?v=3e11c5239452d671150c:2:72881)
    at https://a1078485-a3ae-cd3fe9bf.nmb2.seetacloud.com:8443/jupyter/static/lab/jlab_core.3e11c5239452d671150c.js?v=3e11c5239452d671150c:2:1397922 @ https://a1078485-a3ae-cd3fe9bf.nmb2.seetacloud.com:8443/jupyter/static/lab/jlab_core.3e11c5239452d671150c.js?v=3e11c5239452d671150c:1
[    1079ms] [ERROR] Plugin '@jupyterlab/filebrowser-extension:open-browser-tab' failed to activate. @ https://a1078485-a3ae-cd3fe9bf.nmb2.seetacloud.com:8443/jupyter/static/lab/jlab_core.3e11c5239452d671150c.js?v=3e11c5239452d671150c:1
[    1079ms] [ERROR] TypeError: Failed to fetch
    at Object.n [as handleRequest] (https://a1078485-a3ae-cd3fe9bf.nmb2.seetacloud.com:8443/jupyter/static/lab/jlab_core.3e11c5239452d671150c.js?v=3e11c5239452d671150c:2:1066973)
    at n (https://a1078485-a3ae-cd3fe9bf.nmb2.seetacloud.com:8443/jupyter/static/lab/jlab_core.3e11c5239452d671150c.js?v=3e11c5239452d671150c:2:1065065)
    at a.list (https://a1078485-a3ae-cd3fe9bf.nmb2.seetacloud.com:8443/jupyter/static/lab/jlab_core.3e11c5239452d671150c.js?v=3e11c5239452d671150c:2:1080328)
    at F.list (https://a1078485-a3ae-cd3fe9bf.nmb2.seetacloud.com:8443/jupyter/static/lab/jlab_core.3e11c5239452d671150c.js?v=3e11c5239452d671150c:2:72489)
    at activate (https://a1078485-a3ae-cd3fe9bf.nmb2.seetacloud.com:8443/jupyter/static/lab/jlab_core.3e11c5239452d671150c.js?v=3e11c5239452d671150c:2:72881)
    at https://a1078485-a3ae-cd3fe9bf.nmb2.seetacloud.com:8443/jupyter/static/lab/jlab_core.3e11c5239452d671150c.js?v=3e11c5239452d671150c:2:1397922 @ https://a1078485-a3ae-cd3fe9bf.nmb2.seetacloud.com:8443/jupyter/static/lab/jlab_core.3e11c5239452d671150c.js?v=3e11c5239452d671150c:1
[    1079ms] [ERROR] Plugin '@jupyterlab/filebrowser-extension:open-url' failed to activate. @ https://a1078485-a3ae-cd3fe9bf.nmb2.seetacloud.com:8443/jupyter/static/lab/jlab_core.3e11c5239452d671150c.js?v=3e11c5239452d671150c:1
[    1079ms] [ERROR] TypeError: Failed to fetch
    at Object.n [as handleRequest] (https://a1078485-a3ae-cd3fe9bf.nmb2.seetacloud.com:8443/jupyter/static/lab/jlab_core.3e11c5239452d671150c.js?v=3e11c5239452d671150c:2:1066973)
    at n (https://a1078485-a3ae-cd3fe9bf.nmb2.seetacloud.com:8443/jupyter/static/lab/jlab_core.3e11c5239452d671150c.js?v=3e11c5239452d671150c:2:1065065)
    at a.list (https://a1078485-a3ae-cd3fe9bf.nmb2.seetacloud.com:8443/jupyter/static/lab/jlab_core.3e11c5239452d671150c.js?v=3e11c5239452d671150c:2:1080328)
    at F.list (https://a1078485-a3ae-cd3fe9bf.nmb2.seetacloud.com:8443/jupyter/static/lab/jlab_core.3e11c5239452d671150c.js?v=3e11c5239452d671150c:2:72489)
    at activate (https://a1078485-a3ae-cd3fe9bf.nmb2.seetacloud.com:8443/jupyter/static/lab/jlab_core.3e11c5239452d671150c.js?v=3e11c5239452d671150c:2:72881)
    at https://a1078485-a3ae-cd3fe9bf.nmb2.seetacloud.com:8443/jupyter/static/lab/jlab_core.3e11c5239452d671150c.js?v=3e11c5239452d671150c:2:1397922 @ https://a1078485-a3ae-cd3fe9bf.nmb2.seetacloud.com:8443/jupyter/static/lab/jlab_core.3e11c5239452d671150c.js?v=3e11c5239452d671150c:1
[    1079ms] [ERROR] Plugin '@jupyterlab/help-extension:about' failed to activate. @ https://a1078485-a3ae-cd3fe9bf.nmb2.seetacloud.com:8443/jupyter/static/lab/jlab_core.3e11c5239452d671150c.js?v=3e11c5239452d671150c:1
[    1079ms] [ERROR] TypeError: Failed to fetch
    at Object.n [as handleRequest] (https://a1078485-a3ae-cd3fe9bf.nmb2.seetacloud.com:8443/jupyter/static/lab/jlab_core.3e11c5239452d671150c.js?v=3e11c5239452d671150c:2:1066973)
    at n (https://a1078485-a3ae-cd3fe9bf.nmb2.seetacloud.com:8443/jupyter/static/lab/jlab_core.3e11c5239452d671150c.js?v=3e11c5239452d671150c:2:1065065)
    at a.list (https://a1078485-a3ae-cd3fe9bf.nmb2.seetacloud.com:8443/jupyter/static/lab/jlab_core.3e11c5239452d671150c.js?v=3e11c5239452d671150c:2:1080328)
    at F.list (https://a1078485-a3ae-cd3fe9bf.nmb2.seetacloud.com:8443/jupyter/static/lab/jlab_core.3e11c5239452d671150c.js?v=3e11c5239452d671150c:2:72489)
    at activate (https://a1078485-a3ae-cd3fe9bf.nmb2.seetacloud.com:8443/jupyter/static/lab/jlab_core.3e11c5239452d671150c.js?v=3e11c5239452d671150c:2:72881)
    at https://a1078485-a3ae-cd3fe9bf.nmb2.seetacloud.com:8443/jupyter/static/lab/jlab_core.3e11c5239452d671150c.js?v=3e11c5239452d671150c:2:1397922 @ https://a1078485-a3ae-cd3fe9bf.nmb2.seetacloud.com:8443/jupyter/static/lab/jlab_core.3e11c5239452d671150c.js?v=3e11c5239452d671150c:1
[    1079ms] [ERROR] Plugin '@jupyterlab/help-extension:launch-classic' failed to activate. @ https://a1078485-a3ae-cd3fe9bf.nmb2.seetacloud.com:8443/jupyter/static/lab/jlab_core.3e11c5239452d671150c.js?v=3e11c5239452d671150c:1
[    1079ms] [ERROR] TypeError: Failed to fetch
    at Object.n [as handleRequest] (https://a1078485-a3ae-cd3fe9bf.nmb2.seetacloud.com:8443/jupyter/static/lab/jlab_core.3e11c5239452d671150c.js?v=3e11c5239452d671150c:2:1066973)
    at n (https://a1078485-a3ae-cd3fe9bf.nmb2.seetacloud.com:8443/jupyter/static/lab/jlab_core.3e11c5239452d671150c.js?v=3e11c5239452d671150c:2:1065065)
    at a.list (https://a1078485-a3ae-cd3fe9bf.nmb2.seetacloud.com:8443/jupyter/static/lab/jlab_core.3e11c5239452d671150c.js?v=3e11c5239452d671150c:2:1080328)
    at F.list (https://a1078485-a3ae-cd3fe9bf.nmb2.seetacloud.com:8443/jupyter/static/lab/jlab_core.3e11c5239452d671150c.js?v=3e11c5239452d671150c:2:72489)
    at activate (https://a1078485-a3ae-cd3fe9bf.nmb2.seetacloud.com:8443/jupyter/static/lab/jlab_core.3e11c5239452d671150c.js?v=3e11c5239452d671150c:2:72881)
    at https://a1078485-a3ae-cd3fe9bf.nmb2.seetacloud.com:8443/jupyter/static/lab/jlab_core.3e11c5239452d671150c.js?v=3e11c5239452d671150c:2:1397922 @ https://a1078485-a3ae-cd3fe9bf.nmb2.seetacloud.com:8443/jupyter/static/lab/jlab_core.3e11c5239452d671150c.js?v=3e11c5239452d671150c:1
[    1079ms] [ERROR] Plugin '@jupyterlab/help-extension:jupyter-forum' failed to activate. @ https://a1078485-a3ae-cd3fe9bf.nmb2.seetacloud.com:8443/jupyter/static/lab/jlab_core.3e11c5239452d671150c.js?v=3e11c5239452d671150c:1
[    1079ms] [ERROR] TypeError: Failed to fetch
    at Object.n [as handleRequest] (https://a1078485-a3ae-cd3fe9bf.nmb2.seetacloud.com:8443/jupyter/static/lab/jlab_core.3e11c5239452d671150c.js?v=3e11c5239452d671150c:2:1066973)
    at n (https://a1078485-a3ae-cd3fe9bf.nmb2.seetacloud.com:8443/jupyter/static/lab/jlab_core.3e11c5239452d671150c.js?v=3e11c5239452d671150c:2:1065065)
    at a.list (https://a1078485-a3ae-cd3fe9bf.nmb2.seetacloud.com:8443/jupyter/static/lab/jlab_core.3e11c5239452d671150c.js?v=3e11c5239452d671150c:2:1080328)
    at F.list (https://a1078485-a3ae-cd3fe9bf.nmb2.seetacloud.com:8443/jupyter/static/lab/jlab_core.3e11c5239452d671150c.js?v=3e11c5239452d671150c:2:72489)
    at activate (https://a1078485-a3ae-cd3fe9bf.nmb2.seetacloud.com:8443/jupyter/static/lab/jlab_core.3e11c5239452d671150c.js?v=3e11c5239452d671150c:2:72881)
    at https://a1078485-a3ae-cd3fe9bf.nmb2.seetacloud.com:8443/jupyter/static/lab/jlab_core.3e11c5239452d671150c.js?v=3e11c5239452d671150c:2:1397922 @ https://a1078485-a3ae-cd3fe9bf.nmb2.seetacloud.com:8443/jupyter/static/lab/jlab_core.3e11c5239452d671150c.js?v=3e11c5239452d671150c:1
[    1079ms] [ERROR] Plugin '@jupyterlab/help-extension:resources' failed to activate. @ https://a1078485-a3ae-cd3fe9bf.nmb2.seetacloud.com:8443/jupyter/static/lab/jlab_core.3e11c5239452d671150c.js?v=3e11c5239452d671150c:1
[    1079ms] [ERROR] TypeError: Failed to fetch
    at Object.n [as handleRequest] (https://a1078485-a3ae-cd3fe9bf.nmb2.seetacloud.com:8443/jupyter/static/lab/jlab_core.3e11c5239452d671150c.js?v=3e11c5239452d671150c:2:1066973)
    at n (https://a1078485-a3ae-cd3fe9bf.nmb2.seetacloud.com:8443/jupyter/static/lab/jlab_core.3e11c5239452d671150c.js?v=3e11c5239452d671150c:2:1065065)
    at a.list (https://a1078485-a3ae-cd3fe9bf.nmb2.seetacloud.com:8443/jupyter/static/lab/jlab_core.3e11c5239452d671150c.js?v=3e11c5239452d671150c:2:1080328)
    at F.list (https://a1078485-a3ae-cd3fe9bf.nmb2.seetacloud.com:8443/jupyter/static/lab/jlab_core.3e11c5239452d671150c.js?v=3e11c5239452d671150c:2:72489)
    at activate (https://a1078485-a3ae-cd3fe9bf.nmb2.seetacloud.com:8443/jupyter/static/lab/jlab_core.3e11c5239452d671150c.js?v=3e11c5239452d671150c:2:72881)
    at https://a1078485-a3ae-cd3fe9bf.nmb2.seetacloud.com:8443/jupyter/static/lab/jlab_core.3e11c5239452d671150c.js?v=3e11c5239452d671150c:2:1397922 @ https://a1078485-a3ae-cd3fe9bf.nmb2.seetacloud.com:8443/jupyter/static/lab/jlab_core.3e11c5239452d671150c.js?v=3e11c5239452d671150c:1
[    1079ms] [ERROR] Plugin '@jupyterlab/help-extension:licenses' failed to activate. @ https://a1078485-a3ae-cd3fe9bf.nmb2.seetacloud.com:8443/jupyter/static/lab/jlab_core.3e11c5239452d671150c.js?v=3e11c5239452d671150c:1
[    1079ms] [ERROR] TypeError: Failed to fetch
    at Object.n [as handleRequest] (https://a1078485-a3ae-cd3fe9bf.nmb2.seetacloud.com:8443/jupyter/static/lab/jlab_core.3e11c5239452d671150c.js?v=3e11c5239452d671150c:2:1066973)
    at n (https://a1078485-a3ae-cd3fe9bf.nmb2.seetacloud.com:8443/jupyter/static/lab/jlab_core.3e11c5239452d671150c.js?v=3e11c5239452d671150c:2:1065065)
    at a.list (https://a1078485-a3ae-cd3fe9bf.nmb2.seetacloud.com:8443/jupyter/static/lab/jlab_core.3e11c5239452d671150c.js?v=3e11c5239452d671150c:2:1080328)
    at F.list (https://a1078485-a3ae-cd3fe9bf.nmb2.seetacloud.com:8443/jupyter/static/lab/jlab_core.3e11c5239452d671150c.js?v=3e11c5239452d671150c:2:72489)
    at activate (https://a1078485-a3ae-cd3fe9bf.nmb2.seetacloud.com:8443/jupyter/static/lab/jlab_core.3e11c5239452d671150c.js?v=3e11c5239452d671150c:2:72881)
    at https://a1078485-a3ae-cd3fe9bf.nmb2.seetacloud.com:8443/jupyter/static/lab/jlab_core.3e11c5239452d671150c.js?v=3e11c5239452d671150c:2:1397922 @ https://a1078485-a3ae-cd3fe9bf.nmb2.seetacloud.com:8443/jupyter/static/lab/jlab_core.3e11c5239452d671150c.js?v=3e11c5239452d671150c:1
[    1079ms] [ERROR] Plugin '@jupyterlab/htmlviewer-extension:plugin' failed to activate. @ https://a1078485-a3ae-cd3fe9bf.nmb2.seetacloud.com:8443/jupyter/static/lab/jlab_core.3e11c5239452d671150c.js?v=3e11c5239452d671150c:1
[    1079ms] [ERROR] TypeError: Failed to fetch
    at Object.n [as handleRequest] (https://a1078485-a3ae-cd3fe9bf.nmb2.seetacloud.com:8443/jupyter/static/lab/jlab_core.3e11c5239452d671150c.js?v=3e11c5239452d671150c:2:1066973)
    at n (https://a1078485-a3ae-cd3fe9bf.nmb2.seetacloud.com:8443/jupyter/static/lab/jlab_core.3e11c5239452d671150c.js?v=3e11c5239452d671150c:2:1065065)
    at a.list (https://a1078485-a3ae-cd3fe9bf.nmb2.seetacloud.com:8443/jupyter/static/lab/jlab_core.3e11c5239452d671150c.js?v=3e11c5239452d671150c:2:1080328)
    at F.list (https://a1078485-a3ae-cd3fe9bf.nmb2.seetacloud.com:8443/jupyter/static/lab/jlab_core.3e11c5239452d671150c.js?v=3e11c5239452d671150c:2:72489)
    at activate (https://a1078485-a3ae-cd3fe9bf.nmb2.seetacloud.com:8443/jupyter/static/lab/jlab_core.3e11c5239452d671150c.js?v=3e11c5239452d671150c:2:72881)
    at https://a1078485-a3ae-cd3fe9bf.nmb2.seetacloud.com:8443/jupyter/static/lab/jlab_core.3e11c5239452d671150c.js?v=3e11c5239452d671150c:2:1397922 @ https://a1078485-a3ae-cd3fe9bf.nmb2.seetacloud.com:8443/jupyter/static/lab/jlab_core.3e11c5239452d671150c.js?v=3e11c5239452d671150c:1
[    1079ms] [ERROR] Plugin 'jupyter.extensions.hub-extension' failed to activate. @ https://a1078485-a3ae-cd3fe9bf.nmb2.seetacloud.com:8443/jupyter/static/lab/jlab_core.3e11c5239452d671150c.js?v=3e11c5239452d671150c:1
[    1079ms] [ERROR] TypeError: Failed to fetch
    at Object.n [as handleRequest] (https://a1078485-a3ae-cd3fe9bf.nmb2.seetacloud.com:8443/jupyter/static/lab/jlab_core.3e11c5239452d671150c.js?v=3e11c5239452d671150c:2:1066973)
    at n (https://a1078485-a3ae-cd3fe9bf.nmb2.seetacloud.com:8443/jupyter/static/lab/jlab_core.3e11c5239452d671150c.js?v=3e11c5239452d671150c:2:1065065)
    at a.list (https://a1078485-a3ae-cd3fe9bf.nmb2.seetacloud.com:8443/jupyter/static/lab/jlab_core.3e11c5239452d671150c.js?v=3e11c5239452d671150c:2:1080328)
    at F.list (https://a1078485-a3ae-cd3fe9bf.nmb2.seetacloud.com:8443/jupyter/static/lab/jlab_core.3e11c5239452d671150c.js?v=3e11c5239452d671150c:2:72489)
    at activate (https://a1078485-a3ae-cd3fe9bf.nmb2.seetacloud.com:8443/jupyter/static/lab/jlab_core.3e11c5239452d671150c.js?v=3e11c5239452d671150c:2:72881)
    at https://a1078485-a3ae-cd3fe9bf.nmb2.seetacloud.com:8443/jupyter/static/lab/jlab_core.3e11c5239452d671150c.js?v=3e11c5239452d671150c:2:1397922 @ https://a1078485-a3ae-cd3fe9bf.nmb2.seetacloud.com:8443/jupyter/static/lab/jlab_core.3e11c5239452d671150c.js?v=3e11c5239452d671150c:1
[    1079ms] [ERROR] Plugin '@jupyterlab/imageviewer-extension:plugin' failed to activate. @ https://a1078485-a3ae-cd3fe9bf.nmb2.seetacloud.com:8443/jupyter/static/lab/jlab_core.3e11c5239452d671150c.js?v=3e11c5239452d671150c:1
[    1079ms] [ERROR] TypeError: Failed to fetch
    at Object.n [as handleRequest] (https://a1078485-a3ae-cd3fe9bf.nmb2.seetacloud.com:8443/jupyter/static/lab/jlab_core.3e11c5239452d671150c.js?v=3e11c5239452d671150c:2:1066973)
    at n (https://a1078485-a3ae-cd3fe9bf.nmb2.seetacloud.com:8443/jupyter/static/lab/jlab_core.3e11c5239452d671150c.js?v=3e11c5239452d671150c:2:1065065)
    at a.list (https://a1078485-a3ae-cd3fe9bf.nmb2.seetacloud.com:8443/jupyter/static/lab/jlab_core.3e11c5239452d671150c.js?v=3e11c5239452d671150c:2:1080328)
    at F.list (https://a1078485-a3ae-cd3fe9bf.nmb2.seetacloud.com:8443/jupyter/static/lab/jlab_core.3e11c5239452d671150c.js?v=3e11c5239452d671150c:2:72489)
    at activate (https://a1078485-a3ae-cd3fe9bf.nmb2.seetacloud.com:8443/jupyter/static/lab/jlab_core.3e11c5239452d671150c.js?v=3e11c5239452d671150c:2:72881)
    at https://a1078485-a3ae-cd3fe9bf.nmb2.seetacloud.com:8443/jupyter/static/lab/jlab_core.3e11c5239452d671150c.js?v=3e11c5239452d671150c:2:1397922 @ https://a1078485-a3ae-cd3fe9bf.nmb2.seetacloud.com:8443/jupyter/static/lab/jlab_core.3e11c5239452d671150c.js?v=3e11c5239452d671150c:1
[    1079ms] [ERROR] Plugin '@jupyterlab/inspector-extension:inspector' failed to activate. @ https://a1078485-a3ae-cd3fe9bf.nmb2.seetacloud.com:8443/jupyter/static/lab/jlab_core.3e11c5239452d671150c.js?v=3e11c5239452d671150c:1
[    1079ms] [ERROR] TypeError: Failed to fetch
    at Object.n [as handleRequest] (https://a1078485-a3ae-cd3fe9bf.nmb2.seetacloud.com:8443/jupyter/static/lab/jlab_core.3e11c5239452d671150c.js?v=3e11c5239452d671150c:2:1066973)
    at n (https://a1078485-a3ae-cd3fe9bf.nmb2.seetacloud.com:8443/jupyter/static/lab/jlab_core.3e11c5239452d671150c.js?v=3e11c5239452d671150c:2:1065065)
    at a.list (https://a1078485-a3ae-cd3fe9bf.nmb2.seetacloud.com:8443/jupyter/static/lab/jlab_core.3e11c5239452d671150c.js?v=3e11c5239452d671150c:2:1080328)
    at F.list (https://a1078485-a3ae-cd3fe9bf.nmb2.seetacloud.com:8443/jupyter/static/lab/jlab_core.3e11c5239452d671150c.js?v=3e11c5239452d671150c:2:72489)
    at activate (https://a1078485-a3ae-cd3fe9bf.nmb2.seetacloud.com:8443/jupyter/static/lab/jlab_core.3e11c5239452d671150c.js?v=3e11c5239452d671150c:2:72881)
    at https://a1078485-a3ae-cd3fe9bf.nmb2.seetacloud.com:8443/jupyter/static/lab/jlab_core.3e11c5239452d671150c.js?v=3e11c5239452d671150c:2:1397922 @ https://a1078485-a3ae-cd3fe9bf.nmb2.seetacloud.com:8443/jupyter/static/lab/jlab_core.3e11c5239452d671150c.js?v=3e11c5239452d671150c:1
[    1079ms] [ERROR] Plugin '@jupyterlab/markdownviewer-extension:plugin' failed to activate. @ https://a1078485-a3ae-cd3fe9bf.nmb2.seetacloud.com:8443/jupyter/static/lab/jlab_core.3e11c5239452d671150c.js?v=3e11c5239452d671150c:1
[    1079ms] [ERROR] TypeError: Failed to fetch
    at Object.n [as handleRequest] (https://a1078485-a3ae-cd3fe9bf.nmb2.seetacloud.com:8443/jupyter/static/lab/jlab_core.3e11c5239452d671150c.js?v=3e11c5239452d671150c:2:1066973)
    at n (https://a1078485-a3ae-cd3fe9bf.nmb2.seetacloud.com:8443/jupyter/static/lab/jlab_core.3e11c5239452d671150c.js?v=3e11c5239452d671150c:2:1065065)
    at a.list (https://a1078485-a3ae-cd3fe9bf.nmb2.seetacloud.com:8443/jupyter/static/lab/jlab_core.3e11c5239452d671150c.js?v=3e11c5239452d671150c:2:1080328)
    at F.list (https://a1078485-a3ae-cd3fe9bf.nmb2.seetacloud.com:8443/jupyter/static/lab/jlab_core.3e11c5239452d671150c.js?v=3e11c5239452d671150c:2:72489)
    at activate (https://a1078485-a3ae-cd3fe9bf.nmb2.seetacloud.com:8443/jupyter/static/lab/jlab_core.3e11c5239452d671150c.js?v=3e11c5239452d671150c:2:72881)
    at https://a1078485-a3ae-cd3fe9bf.nmb2.seetacloud.com:8443/jupyter/static/lab/jlab_core.3e11c5239452d671150c.js?v=3e11c5239452d671150c:2:1397922 @ https://a1078485-a3ae-cd3fe9bf.nmb2.seetacloud.com:8443/jupyter/static/lab/jlab_core.3e11c5239452d671150c.js?v=3e11c5239452d671150c:1
[    1079ms] [ERROR] TypeError: Failed to fetch
    at Object.n [as handleRequest] (https://a1078485-a3ae-cd3fe9bf.nmb2.seetacloud.com:8443/jupyter/static/lab/jlab_core.3e11c5239452d671150c.js?v=3e11c5239452d671150c:2:1066973)
    at n (https://a1078485-a3ae-cd3fe9bf.nmb2.seetacloud.com:8443/jupyter/static/lab/jlab_core.3e11c5239452d671150c.js?v=3e11c5239452d671150c:2:1065065)
    at a.list (https://a1078485-a3ae-cd3fe9bf.nmb2.seetacloud.com:8443/jupyter/static/lab/jlab_core.3e11c5239452d671150c.js?v=3e11c5239452d671150c:2:1080328)
    at F.list (https://a1078485-a3ae-cd3fe9bf.nmb2.seetacloud.com:8443/jupyter/static/lab/jlab_core.3e11c5239452d671150c.js?v=3e11c5239452d671150c:2:72489)
    at activate (https://a1078485-a3ae-cd3fe9bf.nmb2.seetacloud.com:8443/jupyter/static/lab/jlab_core.3e11c5239452d671150c.js?v=3e11c5239452d671150c:2:72881)
    at https://a1078485-a3ae-cd3fe9bf.nmb2.seetacloud.com:8443/jupyter/static/lab/jlab_core.3e11c5239452d671150c.js?v=3e11c5239452d671150c:2:1397922 @ https://a1078485-a3ae-cd3fe9bf.nmb2.seetacloud.com:8443/jupyter/static/lab/jlab_core.3e11c5239452d671150c.js?v=3e11c5239452d671150c:1
[    1079ms] [ERROR] Plugin '@jupyterlab/notebook-extension:execution-indicator' failed to activate. @ https://a1078485-a3ae-cd3fe9bf.nmb2.seetacloud.com:8443/jupyter/static/lab/jlab_core.3e11c5239452d671150c.js?v=3e11c5239452d671150c:1
[    1079ms] [ERROR] TypeError: Failed to fetch
    at Object.n [as handleRequest] (https://a1078485-a3ae-cd3fe9bf.nmb2.seetacloud.com:8443/jupyter/static/lab/jlab_core.3e11c5239452d671150c.js?v=3e11c5239452d671150c:2:1066973)
    at n (https://a1078485-a3ae-cd3fe9bf.nmb2.seetacloud.com:8443/jupyter/static/lab/jlab_core.3e11c5239452d671150c.js?v=3e11c5239452d671150c:2:1065065)
    at a.list (https://a1078485-a3ae-cd3fe9bf.nmb2.seetacloud.com:8443/jupyter/static/lab/jlab_core.3e11c5239452d671150c.js?v=3e11c5239452d671150c:2:1080328)
    at F.list (https://a1078485-a3ae-cd3fe9bf.nmb2.seetacloud.com:8443/jupyter/static/lab/jlab_core.3e11c5239452d671150c.js?v=3e11c5239452d671150c:2:72489)
    at activate (https://a1078485-a3ae-cd3fe9bf.nmb2.seetacloud.com:8443/jupyter/static/lab/jlab_core.3e11c5239452d671150c.js?v=3e11c5239452d671150c:2:72881)
    at https://a1078485-a3ae-cd3fe9bf.nmb2.seetacloud.com:8443/jupyter/static/lab/jlab_core.3e11c5239452d671150c.js?v=3e11c5239452d671150c:2:1397922 @ https://a1078485-a3ae-cd3fe9bf.nmb2.seetacloud.com:8443/jupyter/static/lab/jlab_core.3e11c5239452d671150c.js?v=3e11c5239452d671150c:1
[    1079ms] [ERROR] Plugin '@jupyterlab/notebook-extension:export' failed to activate. @ https://a1078485-a3ae-cd3fe9bf.nmb2.seetacloud.com:8443/jupyter/static/lab/jlab_core.3e11c5239452d671150c.js?v=3e11c5239452d671150c:1
[    1079ms] [ERROR] TypeError: Failed to fetch
    at Object.n [as handleRequest] (https://a1078485-a3ae-cd3fe9bf.nmb2.seetacloud.com:8443/jupyter/static/lab/jlab_core.3e11c5239452d671150c.js?v=3e11c5239452d671150c:2:1066973)
    at n (https://a1078485-a3ae-cd3fe9bf.nmb2.seetacloud.com:8443/jupyter/static/lab/jlab_core.3e11c5239452d671150c.js?v=3e11c5239452d671150c:2:1065065)
    at a.list (https://a1078485-a3ae-cd3fe9bf.nmb2.seetacloud.com:8443/jupyter/static/lab/jlab_core.3e11c5239452d671150c.js?v=3e11c5239452d671150c:2:1080328)
    at F.list (https://a1078485-a3ae-cd3fe9bf.nmb2.seetacloud.com:8443/jupyter/static/lab/jlab_core.3e11c5239452d671150c.js?v=3e11c5239452d671150c:2:72489)
    at activate (https://a1078485-a3ae-cd3fe9bf.nmb2.seetacloud.com:8443/jupyter/static/lab/jlab_core.3e11c5239452d671150c.js?v=3e11c5239452d671150c:2:72881)
    at https://a1078485-a3ae-cd3fe9bf.nmb2.seetacloud.com:8443/jupyter/static/lab/jlab_core.3e11c5239452d671150c.js?v=3e11c5239452d671150c:2:1397922 @ https://a1078485-a3ae-cd3fe9bf.nmb2.seetacloud.com:8443/jupyter/static/lab/jlab_core.3e11c5239452d671150c.js?v=3e11c5239452d671150c:1
[    1079ms] [ERROR] Plugin '@jupyterlab/notebook-extension:mode-status' failed to activate. @ https://a1078485-a3ae-cd3fe9bf.nmb2.seetacloud.com:8443/jupyter/static/lab/jlab_core.3e11c5239452d671150c.js?v=3e11c5239452d671150c:1
[    1079ms] [ERROR] TypeError: Failed to fetch
    at Object.n [as handleRequest] (https://a1078485-a3ae-cd3fe9bf.nmb2.seetacloud.com:8443/jupyter/static/lab/jlab_core.3e11c5239452d671150c.js?v=3e11c5239452d671150c:2:1066973)
    at n (https://a1078485-a3ae-cd3fe9bf.nmb2.seetacloud.com:8443/jupyter/static/lab/jlab_core.3e11c5239452d671150c.js?v=3e11c5239452d671150c:2:1065065)
    at a.list (https://a1078485-a3ae-cd3fe9bf.nmb2.seetacloud.com:8443/jupyter/static/lab/jlab_core.3e11c5239452d671150c.js?v=3e11c5239452d671150c:2:1080328)
    at F.list (https://a1078485-a3ae-cd3fe9bf.nmb2.seetacloud.com:8443/jupyter/static/lab/jlab_core.3e11c5239452d671150c.js?v=3e11c5239452d671150c:2:72489)
    at activate (https://a1078485-a3ae-cd3fe9bf.nmb2.seetacloud.com:8443/jupyter/static/lab/jlab_core.3e11c5239452d671150c.js?v=3e11c5239452d671150c:2:72881)
    at https://a1078485-a3ae-cd3fe9bf.nmb2.seetacloud.com:8443/jupyter/static/lab/jlab_core.3e11c5239452d671150c.js?v=3e11c5239452d671150c:2:1397922 @ https://a1078485-a3ae-cd3fe9bf.nmb2.seetacloud.com:8443/jupyter/static/lab/jlab_core.3e11c5239452d671150c.js?v=3e11c5239452d671150c:1
[    1079ms] [ERROR] Plugin '@jupyterlab/notebook-extension:trust-status' failed to activate. @ https://a1078485-a3ae-cd3fe9bf.nmb2.seetacloud.com:8443/jupyter/static/lab/jlab_core.3e11c5239452d671150c.js?v=3e11c5239452d671150c:1
[    1079ms] [ERROR] TypeError: Failed to fetch
    at Object.n [as handleRequest] (https://a1078485-a3ae-cd3fe9bf.nmb2.seetacloud.com:8443/jupyter/static/lab/jlab_core.3e11c5239452d671150c.js?v=3e11c5239452d671150c:2:1066973)
    at n (https://a1078485-a3ae-cd3fe9bf.nmb2.seetacloud.com:8443/jupyter/static/lab/jlab_core.3e11c5239452d671150c.js?v=3e11c5239452d671150c:2:1065065)
    at a.list (https://a1078485-a3ae-cd3fe9bf.nmb2.seetacloud.com:8443/jupyter/static/lab/jlab_core.3e11c5239452d671150c.js?v=3e11c5239452d671150c:2:1080328)
    at F.list (https://a1078485-a3ae-cd3fe9bf.nmb2.seetacloud.com:8443/jupyter/static/lab/jlab_core.3e11c5239452d671150c.js?v=3e11c5239452d671150c:2:72489)
    at activate (https://a1078485-a3ae-cd3fe9bf.nmb2.seetacloud.com:8443/jupyter/static/lab/jlab_core.3e11c5239452d671150c.js?v=3e11c5239452d671150c:2:72881)
    at https://a1078485-a3ae-cd3fe9bf.nmb2.seetacloud.com:8443/jupyter/static/lab/jlab_core.3e11c5239452d671150c.js?v=3e11c5239452d671150c:2:1397922 @ https://a1078485-a3ae-cd3fe9bf.nmb2.seetacloud.com:8443/jupyter/static/lab/jlab_core.3e11c5239452d671150c.js?v=3e11c5239452d671150c:1
[    1079ms] [ERROR] Plugin '@jupyterlab/notebook-extension:cloned-outputs' failed to activate. @ https://a1078485-a3ae-cd3fe9bf.nmb2.seetacloud.com:8443/jupyter/static/lab/jlab_core.3e11c5239452d671150c.js?v=3e11c5239452d671150c:1
[    1079ms] [ERROR] TypeError: Failed to fetch
    at Object.n [as handleRequest] (https://a1078485-a3ae-cd3fe9bf.nmb2.seetacloud.com:8443/jupyter/static/lab/jlab_core.3e11c5239452d671150c.js?v=3e11c5239452d671150c:2:1066973)
    at n (https://a1078485-a3ae-cd3fe9bf.nmb2.seetacloud.com:8443/jupyter/static/lab/jlab_core.3e11c5239452d671150c.js?v=3e11c5239452d671150c:2:1065065)
    at a.list (https://a1078485-a3ae-cd3fe9bf.nmb2.seetacloud.com:8443/jupyter/static/lab/jlab_core.3e11c5239452d671150c.js?v=3e11c5239452d671150c:2:1080328)
    at F.list (https://a1078485-a3ae-cd3fe9bf.nmb2.seetacloud.com:8443/jupyter/static/lab/jlab_core.3e11c5239452d671150c.js?v=3e11c5239452d671150c:2:72489)
    at activate (https://a1078485-a3ae-cd3fe9bf.nmb2.seetacloud.com:8443/jupyter/static/lab/jlab_core.3e11c5239452d671150c.js?v=3e11c5239452d671150c:2:72881)
    at https://a1078485-a3ae-cd3fe9bf.nmb2.seetacloud.com:8443/jupyter/static/lab/jlab_core.3e11c5239452d671150c.js?v=3e11c5239452d671150c:2:1397922 @ https://a1078485-a3ae-cd3fe9bf.nmb2.seetacloud.com:8443/jupyter/static/lab/jlab_core.3e11c5239452d671150c.js?v=3e11c5239452d671150c:1
[    1079ms] [ERROR] Plugin '@jupyterlab/notebook-extension:code-console' failed to activate. @ https://a1078485-a3ae-cd3fe9bf.nmb2.seetacloud.com:8443/jupyter/static/lab/jlab_core.3e11c5239452d671150c.js?v=3e11c5239452d671150c:1
[    1079ms] [ERROR] TypeError: Failed to fetch
    at Object.n [as handleRequest] (https://a1078485-a3ae-cd3fe9bf.nmb2.seetacloud.com:8443/jupyter/static/lab/jlab_core.3e11c5239452d671150c.js?v=3e11c5239452d671150c:2:1066973)
    at n (https://a1078485-a3ae-cd3fe9bf.nmb2.seetacloud.com:8443/jupyter/static/lab/jlab_core.3e11c5239452d671150c.js?v=3e11c5239452d671150c:2:1065065)
    at a.list (https://a1078485-a3ae-cd3fe9bf.nmb2.seetacloud.com:8443/jupyter/static/lab/jlab_core.3e11c5239452d671150c.js?v=3e11c5239452d671150c:2:1080328)
    at F.list (https://a1078485-a3ae-cd3fe9bf.nmb2.seetacloud.com:8443/jupyter/static/lab/jlab_core.3e11c5239452d671150c.js?v=3e11c5239452d671150c:2:72489)
    at activate (https://a1078485-a3ae-cd3fe9bf.nmb2.seetacloud.com:8443/jupyter/static/lab/jlab_core.3e11c5239452d671150c.js?v=3e11c5239452d671150c:2:72881)
    at https://a1078485-a3ae-cd3fe9bf.nmb2.seetacloud.com:8443/jupyter/static/lab/jlab_core.3e11c5239452d671150c.js?v=3e11c5239452d671150c:2:1397922 @ https://a1078485-a3ae-cd3fe9bf.nmb2.seetacloud.com:8443/jupyter/static/lab/jlab_core.3e11c5239452d671150c.js?v=3e11c5239452d671150c:1
[    1080ms] [ERROR] Plugin '@jupyterlab/notebook-extensions:copy-output' failed to activate. @ https://a1078485-a3ae-cd3fe9bf.nmb2.seetacloud.com:8443/jupyter/static/lab/jlab_core.3e11c5239452d671150c.js?v=3e11c5239452d671150c:1
[    1080ms] [ERROR] TypeError: Failed to fetch
    at Object.n [as handleRequest] (https://a1078485-a3ae-cd3fe9bf.nmb2.seetacloud.com:8443/jupyter/static/lab/jlab_core.3e11c5239452d671150c.js?v=3e11c5239452d671150c:2:1066973)
    at n (https://a1078485-a3ae-cd3fe9bf.nmb2.seetacloud.com:8443/jupyter/static/lab/jlab_core.3e11c5239452d671150c.js?v=3e11c5239452d671150c:2:1065065)
    at a.list (https://a1078485-a3ae-cd3fe9bf.nmb2.seetacloud.com:8443/jupyter/static/lab/jlab_core.3e11c5239452d671150c.js?v=3e11c5239452d671150c:2:1080328)
    at F.list (https://a1078485-a3ae-cd3fe9bf.nmb2.seetacloud.com:8443/jupyter/static/lab/jlab_core.3e11c5239452d671150c.js?v=3e11c5239452d671150c:2:72489)
    at activate (https://a1078485-a3ae-cd3fe9bf.nmb2.seetacloud.com:8443/jupyter/static/lab/jlab_core.3e11c5239452d671150c.js?v=3e11c5239452d671150c:2:72881)
    at https://a1078485-a3ae-cd3fe9bf.nmb2.seetacloud.com:8443/jupyter/static/lab/jlab_core.3e11c5239452d671150c.js?v=3e11c5239452d671150c:2:1397922 @ https://a1078485-a3ae-cd3fe9bf.nmb2.seetacloud.com:8443/jupyter/static/lab/jlab_core.3e11c5239452d671150c.js?v=3e11c5239452d671150c:1
[    1080ms] [ERROR] Plugin '@jupyterlab/running-extension:plugin' failed to activate. @ https://a1078485-a3ae-cd3fe9bf.nmb2.seetacloud.com:8443/jupyter/static/lab/jlab_core.3e11c5239452d671150c.js?v=3e11c5239452d671150c:1
[    1080ms] [ERROR] TypeError: Failed to fetch
    at Object.n [as handleRequest] (https://a1078485-a3ae-cd3fe9bf.nmb2.seetacloud.com:8443/jupyter/static/lab/jlab_core.3e11c5239452d671150c.js?v=3e11c5239452d671150c:2:1066973)
    at n (https://a1078485-a3ae-cd3fe9bf.nmb2.seetacloud.com:8443/jupyter/static/lab/jlab_core.3e11c5239452d671150c.js?v=3e11c5239452d671150c:2:1065065)
    at a.list (https://a1078485-a3ae-cd3fe9bf.nmb2.seetacloud.com:8443/jupyter/static/lab/jlab_core.3e11c5239452d671150c.js?v=3e11c5239452d671150c:2:1080328)
    at F.list (https://a1078485-a3ae-cd3fe9bf.nmb2.seetacloud.com:8443/jupyter/static/lab/jlab_core.3e11c5239452d671150c.js?v=3e11c5239452d671150c:2:72489)
    at activate (https://a1078485-a3ae-cd3fe9bf.nmb2.seetacloud.com:8443/jupyter/static/lab/jlab_core.3e11c5239452d671150c.js?v=3e11c5239452d671150c:2:72881)
    at https://a1078485-a3ae-cd3fe9bf.nmb2.seetacloud.com:8443/jupyter/static/lab/jlab_core.3e11c5239452d671150c.js?v=3e11c5239452d671150c:2:1397922 @ https://a1078485-a3ae-cd3fe9bf.nmb2.seetacloud.com:8443/jupyter/static/lab/jlab_core.3e11c5239452d671150c.js?v=3e11c5239452d671150c:1
[    1080ms] [ERROR] TypeError: Failed to fetch
    at Object.n [as handleRequest] (https://a1078485-a3ae-cd3fe9bf.nmb2.seetacloud.com:8443/jupyter/static/lab/jlab_core.3e11c5239452d671150c.js?v=3e11c5239452d671150c:2:1066973)
    at n (https://a1078485-a3ae-cd3fe9bf.nmb2.seetacloud.com:8443/jupyter/static/lab/jlab_core.3e11c5239452d671150c.js?v=3e11c5239452d671150c:2:1065065)
    at a.list (https://a1078485-a3ae-cd3fe9bf.nmb2.seetacloud.com:8443/jupyter/static/lab/jlab_core.3e11c5239452d671150c.js?v=3e11c5239452d671150c:2:1080328)
    at F.list (https://a1078485-a3ae-cd3fe9bf.nmb2.seetacloud.com:8443/jupyter/static/lab/jlab_core.3e11c5239452d671150c.js?v=3e11c5239452d671150c:2:72489)
    at activate (https://a1078485-a3ae-cd3fe9bf.nmb2.seetacloud.com:8443/jupyter/static/lab/jlab_core.3e11c5239452d671150c.js?v=3e11c5239452d671150c:2:72881)
    at https://a1078485-a3ae-cd3fe9bf.nmb2.seetacloud.com:8443/jupyter/static/lab/jlab_core.3e11c5239452d671150c.js?v=3e11c5239452d671150c:2:1397922 @ https://a1078485-a3ae-cd3fe9bf.nmb2.seetacloud.com:8443/jupyter/static/lab/jlab_core.3e11c5239452d671150c.js?v=3e11c5239452d671150c:1
[    1080ms] [ERROR] Plugin '@jupyterlab/statusbar-extension:line-col-status' failed to activate. @ https://a1078485-a3ae-cd3fe9bf.nmb2.seetacloud.com:8443/jupyter/static/lab/jlab_core.3e11c5239452d671150c.js?v=3e11c5239452d671150c:1
[    1080ms] [ERROR] TypeError: Failed to fetch
    at Object.n [as handleRequest] (https://a1078485-a3ae-cd3fe9bf.nmb2.seetacloud.com:8443/jupyter/static/lab/jlab_core.3e11c5239452d671150c.js?v=3e11c5239452d671150c:2:1066973)
    at n (https://a1078485-a3ae-cd3fe9bf.nmb2.seetacloud.com:8443/jupyter/static/lab/jlab_core.3e11c5239452d671150c.js?v=3e11c5239452d671150c:2:1065065)
    at a.list (https://a1078485-a3ae-cd3fe9bf.nmb2.seetacloud.com:8443/jupyter/static/lab/jlab_core.3e11c5239452d671150c.js?v=3e11c5239452d671150c:2:1080328)
    at F.list (https://a1078485-a3ae-cd3fe9bf.nmb2.seetacloud.com:8443/jupyter/static/lab/jlab_core.3e11c5239452d671150c.js?v=3e11c5239452d671150c:2:72489)
    at activate (https://a1078485-a3ae-cd3fe9bf.nmb2.seetacloud.com:8443/jupyter/static/lab/jlab_core.3e11c5239452d671150c.js?v=3e11c5239452d671150c:2:72881)
    at https://a1078485-a3ae-cd3fe9bf.nmb2.seetacloud.com:8443/jupyter/static/lab/jlab_core.3e11c5239452d671150c.js?v=3e11c5239452d671150c:2:1397922 @ https://a1078485-a3ae-cd3fe9bf.nmb2.seetacloud.com:8443/jupyter/static/lab/jlab_core.3e11c5239452d671150c.js?v=3e11c5239452d671150c:1
[    1080ms] [ERROR] Plugin '@jupyterlab/statusbar-extension:kernel-status' failed to activate. @ https://a1078485-a3ae-cd3fe9bf.nmb2.seetacloud.com:8443/jupyter/static/lab/jlab_core.3e11c5239452d671150c.js?v=3e11c5239452d671150c:1
[    1080ms] [ERROR] TypeError: Failed to fetch
    at Object.n [as handleRequest] (https://a1078485-a3ae-cd3fe9bf.nmb2.seetacloud.com:8443/jupyter/static/lab/jlab_core.3e11c5239452d671150c.js?v=3e11c5239452d671150c:2:1066973)
    at n (https://a1078485-a3ae-cd3fe9bf.nmb2.seetacloud.com:8443/jupyter/static/lab/jlab_core.3e11c5239452d671150c.js?v=3e11c5239452d671150c:2:1065065)
    at a.list (https://a1078485-a3ae-cd3fe9bf.nmb2.seetacloud.com:8443/jupyter/static/lab/jlab_core.3e11c5239452d671150c.js?v=3e11c5239452d671150c:2:1080328)
    at F.list (https://a1078485-a3ae-cd3fe9bf.nmb2.seetacloud.com:8443/jupyter/static/lab/jlab_core.3e11c5239452d671150c.js?v=3e11c5239452d671150c:2:72489)
    at activate (https://a1078485-a3ae-cd3fe9bf.nmb2.seetacloud.com:8443/jupyter/static/lab/jlab_core.3e11c5239452d671150c.js?v=3e11c5239452d671150c:2:72881)
    at https://a1078485-a3ae-cd3fe9bf.nmb2.seetacloud.com:8443/jupyter/static/lab/jlab_core.3e11c5239452d671150c.js?v=3e11c5239452d671150c:2:1397922 @ https://a1078485-a3ae-cd3fe9bf.nmb2.seetacloud.com:8443/jupyter/static/lab/jlab_core.3e11c5239452d671150c.js?v=3e11c5239452d671150c:1
[    1080ms] [ERROR] Plugin '@jupyterlab/statusbar-extension:running-sessions-status' failed to activate. @ https://a1078485-a3ae-cd3fe9bf.nmb2.seetacloud.com:8443/jupyter/static/lab/jlab_core.3e11c5239452d671150c.js?v=3e11c5239452d671150c:1
[    1080ms] [ERROR] TypeError: Failed to fetch
    at Object.n [as handleRequest] (https://a1078485-a3ae-cd3fe9bf.nmb2.seetacloud.com:8443/jupyter/static/lab/jlab_core.3e11c5239452d671150c.js?v=3e11c5239452d671150c:2:1066973)
    at n (https://a1078485-a3ae-cd3fe9bf.nmb2.seetacloud.com:8443/jupyter/static/lab/jlab_core.3e11c5239452d671150c.js?v=3e11c5239452d671150c:2:1065065)
    at a.list (https://a1078485-a3ae-cd3fe9bf.nmb2.seetacloud.com:8443/jupyter/static/lab/jlab_core.3e11c5239452d671150c.js?v=3e11c5239452d671150c:2:1080328)
    at F.list (https://a1078485-a3ae-cd3fe9bf.nmb2.seetacloud.com:8443/jupyter/static/lab/jlab_core.3e11c5239452d671150c.js?v=3e11c5239452d671150c:2:72489)
    at activate (https://a1078485-a3ae-cd3fe9bf.nmb2.seetacloud.com:8443/jupyter/static/lab/jlab_core.3e11c5239452d671150c.js?v=3e11c5239452d671150c:2:72881)
    at https://a1078485-a3ae-cd3fe9bf.nmb2.seetacloud.com:8443/jupyter/static/lab/jlab_core.3e11c5239452d671150c.js?v=3e11c5239452d671150c:2:1397922 @ https://a1078485-a3ae-cd3fe9bf.nmb2.seetacloud.com:8443/jupyter/static/lab/jlab_core.3e11c5239452d671150c.js?v=3e11c5239452d671150c:1
[    1080ms] [ERROR] Plugin '@jupyterlab/statusbar-extension:mode-switch' failed to activate. @ https://a1078485-a3ae-cd3fe9bf.nmb2.seetacloud.com:8443/jupyter/static/lab/jlab_core.3e11c5239452d671150c.js?v=3e11c5239452d671150c:1
[    1080ms] [ERROR] TypeError: Failed to fetch
    at Object.n [as handleRequest] (https://a1078485-a3ae-cd3fe9bf.nmb2.seetacloud.com:8443/jupyter/static/lab/jlab_core.3e11c5239452d671150c.js?v=3e11c5239452d671150c:2:1066973)
    at n (https://a1078485-a3ae-cd3fe9bf.nmb2.seetacloud.com:8443/jupyter/static/lab/jlab_core.3e11c5239452d671150c.js?v=3e11c5239452d671150c:2:1065065)
    at a.list (https://a1078485-a3ae-cd3fe9bf.nmb2.seetacloud.com:8443/jupyter/static/lab/jlab_core.3e11c5239452d671150c.js?v=3e11c5239452d671150c:2:1080328)
    at F.list (https://a1078485-a3ae-cd3fe9bf.nmb2.seetacloud.com:8443/jupyter/static/lab/jlab_core.3e11c5239452d671150c.js?v=3e11c5239452d671150c:2:72489)
    at activate (https://a1078485-a3ae-cd3fe9bf.nmb2.seetacloud.com:8443/jupyter/static/lab/jlab_core.3e11c5239452d671150c.js?v=3e11c5239452d671150c:2:72881)
    at https://a1078485-a3ae-cd3fe9bf.nmb2.seetacloud.com:8443/jupyter/static/lab/jlab_core.3e11c5239452d671150c.js?v=3e11c5239452d671150c:2:1397922 @ https://a1078485-a3ae-cd3fe9bf.nmb2.seetacloud.com:8443/jupyter/static/lab/jlab_core.3e11c5239452d671150c.js?v=3e11c5239452d671150c:1
[    1080ms] [ERROR] Plugin '@jupyterlab/theme-dark-extension:plugin' failed to activate. @ https://a1078485-a3ae-cd3fe9bf.nmb2.seetacloud.com:8443/jupyter/static/lab/jlab_core.3e11c5239452d671150c.js?v=3e11c5239452d671150c:1
[    1080ms] [ERROR] TypeError: Failed to fetch
    at Object.n [as handleRequest] (https://a1078485-a3ae-cd3fe9bf.nmb2.seetacloud.com:8443/jupyter/static/lab/jlab_core.3e11c5239452d671150c.js?v=3e11c5239452d671150c:2:1066973)
    at n (https://a1078485-a3ae-cd3fe9bf.nmb2.seetacloud.com:8443/jupyter/static/lab/jlab_core.3e11c5239452d671150c.js?v=3e11c5239452d671150c:2:1065065)
    at a.list (https://a1078485-a3ae-cd3fe9bf.nmb2.seetacloud.com:8443/jupyter/static/lab/jlab_core.3e11c5239452d671150c.js?v=3e11c5239452d671150c:2:1080328)
    at F.list (https://a1078485-a3ae-cd3fe9bf.nmb2.seetacloud.com:8443/jupyter/static/lab/jlab_core.3e11c5239452d671150c.js?v=3e11c5239452d671150c:2:72489)
    at activate (https://a1078485-a3ae-cd3fe9bf.nmb2.seetacloud.com:8443/jupyter/static/lab/jlab_core.3e11c5239452d671150c.js?v=3e11c5239452d671150c:2:72881)
    at https://a1078485-a3ae-cd3fe9bf.nmb2.seetacloud.com:8443/jupyter/static/lab/jlab_core.3e11c5239452d671150c.js?v=3e11c5239452d671150c:2:1397922 @ https://a1078485-a3ae-cd3fe9bf.nmb2.seetacloud.com:8443/jupyter/static/lab/jlab_core.3e11c5239452d671150c.js?v=3e11c5239452d671150c:1
[    1080ms] [ERROR] Plugin '@jupyterlab/theme-light-extension:plugin' failed to activate. @ https://a1078485-a3ae-cd3fe9bf.nmb2.seetacloud.com:8443/jupyter/static/lab/jlab_core.3e11c5239452d671150c.js?v=3e11c5239452d671150c:1
[    1080ms] [ERROR] TypeError: Failed to fetch
    at Object.n [as handleRequest] (https://a1078485-a3ae-cd3fe9bf.nmb2.seetacloud.com:8443/jupyter/static/lab/jlab_core.3e11c5239452d671150c.js?v=3e11c5239452d671150c:2:1066973)
    at n (https://a1078485-a3ae-cd3fe9bf.nmb2.seetacloud.com:8443/jupyter/static/lab/jlab_core.3e11c5239452d671150c.js?v=3e11c5239452d671150c:2:1065065)
    at a.list (https://a1078485-a3ae-cd3fe9bf.nmb2.seetacloud.com:8443/jupyter/static/lab/jlab_core.3e11c5239452d671150c.js?v=3e11c5239452d671150c:2:1080328)
    at F.list (https://a1078485-a3ae-cd3fe9bf.nmb2.seetacloud.com:8443/jupyter/static/lab/jlab_core.3e11c5239452d671150c.js?v=3e11c5239452d671150c:2:72489)
    at activate (https://a1078485-a3ae-cd3fe9bf.nmb2.seetacloud.com:8443/jupyter/static/lab/jlab_core.3e11c5239452d671150c.js?v=3e11c5239452d671150c:2:72881)
    at https://a1078485-a3ae-cd3fe9bf.nmb2.seetacloud.com:8443/jupyter/static/lab/jlab_core.3e11c5239452d671150c.js?v=3e11c5239452d671150c:2:1397922 @ https://a1078485-a3ae-cd3fe9bf.nmb2.seetacloud.com:8443/jupyter/static/lab/jlab_core.3e11c5239452d671150c.js?v=3e11c5239452d671150c:1
[    1080ms] [ERROR] Plugin '@jupyterlab/toc:plugin' failed to activate. @ https://a1078485-a3ae-cd3fe9bf.nmb2.seetacloud.com:8443/jupyter/static/lab/jlab_core.3e11c5239452d671150c.js?v=3e11c5239452d671150c:1
[    1080ms] [ERROR] TypeError: Failed to fetch
    at Object.n [as handleRequest] (https://a1078485-a3ae-cd3fe9bf.nmb2.seetacloud.com:8443/jupyter/static/lab/jlab_core.3e11c5239452d671150c.js?v=3e11c5239452d671150c:2:1066973)
    at n (https://a1078485-a3ae-cd3fe9bf.nmb2.seetacloud.com:8443/jupyter/static/lab/jlab_core.3e11c5239452d671150c.js?v=3e11c5239452d671150c:2:1065065)
    at a.list (https://a1078485-a3ae-cd3fe9bf.nmb2.seetacloud.com:8443/jupyter/static/lab/jlab_core.3e11c5239452d671150c.js?v=3e11c5239452d671150c:2:1080328)
    at F.list (https://a1078485-a3ae-cd3fe9bf.nmb2.seetacloud.com:8443/jupyter/static/lab/jlab_core.3e11c5239452d671150c.js?v=3e11c5239452d671150c:2:72489)
    at activate (https://a1078485-a3ae-cd3fe9bf.nmb2.seetacloud.com:8443/jupyter/static/lab/jlab_core.3e11c5239452d671150c.js?v=3e11c5239452d671150c:2:72881)
    at https://a1078485-a3ae-cd3fe9bf.nmb2.seetacloud.com:8443/jupyter/static/lab/jlab_core.3e11c5239452d671150c.js?v=3e11c5239452d671150c:2:1397922 @ https://a1078485-a3ae-cd3fe9bf.nmb2.seetacloud.com:8443/jupyter/static/lab/jlab_core.3e11c5239452d671150c.js?v=3e11c5239452d671150c:1
[    1080ms] [ERROR] Plugin '@jupyterlab/docmanager-extension:path-status' failed to activate. @ https://a1078485-a3ae-cd3fe9bf.nmb2.seetacloud.com:8443/jupyter/static/lab/jlab_core.3e11c5239452d671150c.js?v=3e11c5239452d671150c:1
[    1080ms] [ERROR] TypeError: Failed to fetch
    at Object.n [as handleRequest] (https://a1078485-a3ae-cd3fe9bf.nmb2.seetacloud.com:8443/jupyter/static/lab/jlab_core.3e11c5239452d671150c.js?v=3e11c5239452d671150c:2:1066973)
    at n (https://a1078485-a3ae-cd3fe9bf.nmb2.seetacloud.com:8443/jupyter/static/lab/jlab_core.3e11c5239452d671150c.js?v=3e11c5239452d671150c:2:1065065)
    at a.list (https://a1078485-a3ae-cd3fe9bf.nmb2.seetacloud.com:8443/jupyter/static/lab/jlab_core.3e11c5239452d671150c.js?v=3e11c5239452d671150c:2:1080328)
    at F.list (https://a1078485-a3ae-cd3fe9bf.nmb2.seetacloud.com:8443/jupyter/static/lab/jlab_core.3e11c5239452d671150c.js?v=3e11c5239452d671150c:2:72489)
    at activate (https://a1078485-a3ae-cd3fe9bf.nmb2.seetacloud.com:8443/jupyter/static/lab/jlab_core.3e11c5239452d671150c.js?v=3e11c5239452d671150c:2:72881)
    at https://a1078485-a3ae-cd3fe9bf.nmb2.seetacloud.com:8443/jupyter/static/lab/jlab_core.3e11c5239452d671150c.js?v=3e11c5239452d671150c:2:1397922 @ https://a1078485-a3ae-cd3fe9bf.nmb2.seetacloud.com:8443/jupyter/static/lab/jlab_core.3e11c5239452d671150c.js?v=3e11c5239452d671150c:1
[    1080ms] [ERROR] Plugin '@jupyterlab/completer-extension:files' failed to activate. @ https://a1078485-a3ae-cd3fe9bf.nmb2.seetacloud.com:8443/jupyter/static/lab/jlab_core.3e11c5239452d671150c.js?v=3e11c5239452d671150c:1
[    1080ms] [ERROR] TypeError: Failed to fetch
    at Object.n [as handleRequest] (https://a1078485-a3ae-cd3fe9bf.nmb2.seetacloud.com:8443/jupyter/static/lab/jlab_core.3e11c5239452d671150c.js?v=3e11c5239452d671150c:2:1066973)
    at n (https://a1078485-a3ae-cd3fe9bf.nmb2.seetacloud.com:8443/jupyter/static/lab/jlab_core.3e11c5239452d671150c.js?v=3e11c5239452d671150c:2:1065065)
    at a.list (https://a1078485-a3ae-cd3fe9bf.nmb2.seetacloud.com:8443/jupyter/static/lab/jlab_core.3e11c5239452d671150c.js?v=3e11c5239452d671150c:2:1080328)
    at F.list (https://a1078485-a3ae-cd3fe9bf.nmb2.seetacloud.com:8443/jupyter/static/lab/jlab_core.3e11c5239452d671150c.js?v=3e11c5239452d671150c:2:72489)
    at activate (https://a1078485-a3ae-cd3fe9bf.nmb2.seetacloud.com:8443/jupyter/static/lab/jlab_core.3e11c5239452d671150c.js?v=3e11c5239452d671150c:2:72881)
    at https://a1078485-a3ae-cd3fe9bf.nmb2.seetacloud.com:8443/jupyter/static/lab/jlab_core.3e11c5239452d671150c.js?v=3e11c5239452d671150c:2:1397922 @ https://a1078485-a3ae-cd3fe9bf.nmb2.seetacloud.com:8443/jupyter/static/lab/jlab_core.3e11c5239452d671150c.js?v=3e11c5239452d671150c:1
[    1080ms] [ERROR] Plugin '@jupyterlab/debugger-extension:files' failed to activate. @ https://a1078485-a3ae-cd3fe9bf.nmb2.seetacloud.com:8443/jupyter/static/lab/jlab_core.3e11c5239452d671150c.js?v=3e11c5239452d671150c:1
[    1080ms] [ERROR] TypeError: Failed to fetch
    at Object.n [as handleRequest] (https://a1078485-a3ae-cd3fe9bf.nmb2.seetacloud.com:8443/jupyter/static/lab/jlab_core.3e11c5239452d671150c.js?v=3e11c5239452d671150c:2:1066973)
    at n (https://a1078485-a3ae-cd3fe9bf.nmb2.seetacloud.com:8443/jupyter/static/lab/jlab_core.3e11c5239452d671150c.js?v=3e11c5239452d671150c:2:1065065)
    at a.list (https://a1078485-a3ae-cd3fe9bf.nmb2.seetacloud.com:8443/jupyter/static/lab/jlab_core.3e11c5239452d671150c.js?v=3e11c5239452d671150c:2:1080328)
    at F.list (https://a1078485-a3ae-cd3fe9bf.nmb2.seetacloud.com:8443/jupyter/static/lab/jlab_core.3e11c5239452d671150c.js?v=3e11c5239452d671150c:2:72489)
    at activate (https://a1078485-a3ae-cd3fe9bf.nmb2.seetacloud.com:8443/jupyter/static/lab/jlab_core.3e11c5239452d671150c.js?v=3e11c5239452d671150c:2:72881)
    at https://a1078485-a3ae-cd3fe9bf.nmb2.seetacloud.com:8443/jupyter/static/lab/jlab_core.3e11c5239452d671150c.js?v=3e11c5239452d671150c:2:1397922 @ https://a1078485-a3ae-cd3fe9bf.nmb2.seetacloud.com:8443/jupyter/static/lab/jlab_core.3e11c5239452d671150c.js?v=3e11c5239452d671150c:1
[    1080ms] [ERROR] Plugin '@jupyterlab/tooltip-extension:files' failed to activate. @ https://a1078485-a3ae-cd3fe9bf.nmb2.seetacloud.com:8443/jupyter/static/lab/jlab_core.3e11c5239452d671150c.js?v=3e11c5239452d671150c:1
[    1080ms] [ERROR] TypeError: Failed to fetch
    at Object.n [as handleRequest] (https://a1078485-a3ae-cd3fe9bf.nmb2.seetacloud.com:8443/jupyter/static/lab/jlab_core.3e11c5239452d671150c.js?v=3e11c5239452d671150c:2:1066973)
    at n (https://a1078485-a3ae-cd3fe9bf.nmb2.seetacloud.com:8443/jupyter/static/lab/jlab_core.3e11c5239452d671150c.js?v=3e11c5239452d671150c:2:1065065)
    at a.list (https://a1078485-a3ae-cd3fe9bf.nmb2.seetacloud.com:8443/jupyter/static/lab/jlab_core.3e11c5239452d671150c.js?v=3e11c5239452d671150c:2:1080328)
    at F.list (https://a1078485-a3ae-cd3fe9bf.nmb2.seetacloud.com:8443/jupyter/static/lab/jlab_core.3e11c5239452d671150c.js?v=3e11c5239452d671150c:2:72489)
    at activate (https://a1078485-a3ae-cd3fe9bf.nmb2.seetacloud.com:8443/jupyter/static/lab/jlab_core.3e11c5239452d671150c.js?v=3e11c5239452d671150c:2:72881)
    at https://a1078485-a3ae-cd3fe9bf.nmb2.seetacloud.com:8443/jupyter/static/lab/jlab_core.3e11c5239452d671150c.js?v=3e11c5239452d671150c:2:1397922 @ https://a1078485-a3ae-cd3fe9bf.nmb2.seetacloud.com:8443/jupyter/static/lab/jlab_core.3e11c5239452d671150c.js?v=3e11c5239452d671150c:1
[    1080ms] [ERROR] Plugin '@jupyterlab/completer-extension:consoles' failed to activate. @ https://a1078485-a3ae-cd3fe9bf.nmb2.seetacloud.com:8443/jupyter/static/lab/jlab_core.3e11c5239452d671150c.js?v=3e11c5239452d671150c:1
[    1080ms] [ERROR] TypeError: Failed to fetch
    at Object.n [as handleRequest] (https://a1078485-a3ae-cd3fe9bf.nmb2.seetacloud.com:8443/jupyter/static/lab/jlab_core.3e11c5239452d671150c.js?v=3e11c5239452d671150c:2:1066973)
    at n (https://a1078485-a3ae-cd3fe9bf.nmb2.seetacloud.com:8443/jupyter/static/lab/jlab_core.3e11c5239452d671150c.js?v=3e11c5239452d671150c:2:1065065)
    at a.list (https://a1078485-a3ae-cd3fe9bf.nmb2.seetacloud.com:8443/jupyter/static/lab/jlab_core.3e11c5239452d671150c.js?v=3e11c5239452d671150c:2:1080328)
    at F.list (https://a1078485-a3ae-cd3fe9bf.nmb2.seetacloud.com:8443/jupyter/static/lab/jlab_core.3e11c5239452d671150c.js?v=3e11c5239452d671150c:2:72489)
    at activate (https://a1078485-a3ae-cd3fe9bf.nmb2.seetacloud.com:8443/jupyter/static/lab/jlab_core.3e11c5239452d671150c.js?v=3e11c5239452d671150c:2:72881)
    at https://a1078485-a3ae-cd3fe9bf.nmb2.seetacloud.com:8443/jupyter/static/lab/jlab_core.3e11c5239452d671150c.js?v=3e11c5239452d671150c:2:1397922 @ https://a1078485-a3ae-cd3fe9bf.nmb2.seetacloud.com:8443/jupyter/static/lab/jlab_core.3e11c5239452d671150c.js?v=3e11c5239452d671150c:1
[    1080ms] [ERROR] Plugin '@jupyterlab/debugger-extension:consoles' failed to activate. @ https://a1078485-a3ae-cd3fe9bf.nmb2.seetacloud.com:8443/jupyter/static/lab/jlab_core.3e11c5239452d671150c.js?v=3e11c5239452d671150c:1
[    1080ms] [ERROR] TypeError: Failed to fetch
    at Object.n [as handleRequest] (https://a1078485-a3ae-cd3fe9bf.nmb2.seetacloud.com:8443/jupyter/static/lab/jlab_core.3e11c5239452d671150c.js?v=3e11c5239452d671150c:2:1066973)
    at n (https://a1078485-a3ae-cd3fe9bf.nmb2.seetacloud.com:8443/jupyter/static/lab/jlab_core.3e11c5239452d671150c.js?v=3e11c5239452d671150c:2:1065065)
    at a.list (https://a1078485-a3ae-cd3fe9bf.nmb2.seetacloud.com:8443/jupyter/static/lab/jlab_core.3e11c5239452d671150c.js?v=3e11c5239452d671150c:2:1080328)
    at F.list (https://a1078485-a3ae-cd3fe9bf.nmb2.seetacloud.com:8443/jupyter/static/lab/jlab_core.3e11c5239452d671150c.js?v=3e11c5239452d671150c:2:72489)
    at activate (https://a1078485-a3ae-cd3fe9bf.nmb2.seetacloud.com:8443/jupyter/static/lab/jlab_core.3e11c5239452d671150c.js?v=3e11c5239452d671150c:2:72881)
    at https://a1078485-a3ae-cd3fe9bf.nmb2.seetacloud.com:8443/jupyter/static/lab/jlab_core.3e11c5239452d671150c.js?v=3e11c5239452d671150c:2:1397922 @ https://a1078485-a3ae-cd3fe9bf.nmb2.seetacloud.com:8443/jupyter/static/lab/jlab_core.3e11c5239452d671150c.js?v=3e11c5239452d671150c:1
[    1080ms] [ERROR] Plugin '@jupyterlab/inspector-extension:consoles' failed to activate. @ https://a1078485-a3ae-cd3fe9bf.nmb2.seetacloud.com:8443/jupyter/static/lab/jlab_core.3e11c5239452d671150c.js?v=3e11c5239452d671150c:1
[    1080ms] [ERROR] TypeError: Failed to fetch
    at Object.n [as handleRequest] (https://a1078485-a3ae-cd3fe9bf.nmb2.seetacloud.com:8443/jupyter/static/lab/jlab_core.3e11c5239452d671150c.js?v=3e11c5239452d671150c:2:1066973)
    at n (https://a1078485-a3ae-cd3fe9bf.nmb2.seetacloud.com:8443/jupyter/static/lab/jlab_core.3e11c5239452d671150c.js?v=3e11c5239452d671150c:2:1065065)
    at a.list (https://a1078485-a3ae-cd3fe9bf.nmb2.seetacloud.com:8443/jupyter/static/lab/jlab_core.3e11c5239452d671150c.js?v=3e11c5239452d671150c:2:1080328)
    at F.list (https://a1078485-a3ae-cd3fe9bf.nmb2.seetacloud.com:8443/jupyter/static/lab/jlab_core.3e11c5239452d671150c.js?v=3e11c5239452d671150c:2:72489)
    at activate (https://a1078485-a3ae-cd3fe9bf.nmb2.seetacloud.com:8443/jupyter/static/lab/jlab_core.3e11c5239452d671150c.js?v=3e11c5239452d671150c:2:72881)
    at https://a1078485-a3ae-cd3fe9bf.nmb2.seetacloud.com:8443/jupyter/static/lab/jlab_core.3e11c5239452d671150c.js?v=3e11c5239452d671150c:2:1397922 @ https://a1078485-a3ae-cd3fe9bf.nmb2.seetacloud.com:8443/jupyter/static/lab/jlab_core.3e11c5239452d671150c.js?v=3e11c5239452d671150c:1
[    1080ms] [ERROR] Plugin '@jupyterlab/tooltip-extension:consoles' failed to activate. @ https://a1078485-a3ae-cd3fe9bf.nmb2.seetacloud.com:8443/jupyter/static/lab/jlab_core.3e11c5239452d671150c.js?v=3e11c5239452d671150c:1
[    1080ms] [ERROR] TypeError: Failed to fetch
    at Object.n [as handleRequest] (https://a1078485-a3ae-cd3fe9bf.nmb2.seetacloud.com:8443/jupyter/static/lab/jlab_core.3e11c5239452d671150c.js?v=3e11c5239452d671150c:2:1066973)
    at n (https://a1078485-a3ae-cd3fe9bf.nmb2.seetacloud.com:8443/jupyter/static/lab/jlab_core.3e11c5239452d671150c.js?v=3e11c5239452d671150c:2:1065065)
    at a.list (https://a1078485-a3ae-cd3fe9bf.nmb2.seetacloud.com:8443/jupyter/static/lab/jlab_core.3e11c5239452d671150c.js?v=3e11c5239452d671150c:2:1080328)
    at F.list (https://a1078485-a3ae-cd3fe9bf.nmb2.seetacloud.com:8443/jupyter/static/lab/jlab_core.3e11c5239452d671150c.js?v=3e11c5239452d671150c:2:72489)
    at activate (https://a1078485-a3ae-cd3fe9bf.nmb2.seetacloud.com:8443/jupyter/static/lab/jlab_core.3e11c5239452d671150c.js?v=3e11c5239452d671150c:2:72881)
    at https://a1078485-a3ae-cd3fe9bf.nmb2.seetacloud.com:8443/jupyter/static/lab/jlab_core.3e11c5239452d671150c.js?v=3e11c5239452d671150c:2:1397922 @ https://a1078485-a3ae-cd3fe9bf.nmb2.seetacloud.com:8443/jupyter/static/lab/jlab_core.3e11c5239452d671150c.js?v=3e11c5239452d671150c:1
[    1080ms] [ERROR] Plugin '@jupyterlab/vdom-extension:factory' failed to activate. @ https://a1078485-a3ae-cd3fe9bf.nmb2.seetacloud.com:8443/jupyter/static/lab/jlab_core.3e11c5239452d671150c.js?v=3e11c5239452d671150c:1
[    1080ms] [ERROR] TypeError: Failed to fetch
    at Object.n [as handleRequest] (https://a1078485-a3ae-cd3fe9bf.nmb2.seetacloud.com:8443/jupyter/static/lab/jlab_core.3e11c5239452d671150c.js?v=3e11c5239452d671150c:2:1066973)
    at n (https://a1078485-a3ae-cd3fe9bf.nmb2.seetacloud.com:8443/jupyter/static/lab/jlab_core.3e11c5239452d671150c.js?v=3e11c5239452d671150c:2:1065065)
    at a.list (https://a1078485-a3ae-cd3fe9bf.nmb2.seetacloud.com:8443/jupyter/static/lab/jlab_core.3e11c5239452d671150c.js?v=3e11c5239452d671150c:2:1080328)
    at F.list (https://a1078485-a3ae-cd3fe9bf.nmb2.seetacloud.com:8443/jupyter/static/lab/jlab_core.3e11c5239452d671150c.js?v=3e11c5239452d671150c:2:72489)
    at activate (https://a1078485-a3ae-cd3fe9bf.nmb2.seetacloud.com:8443/jupyter/static/lab/jlab_core.3e11c5239452d671150c.js?v=3e11c5239452d671150c:2:72881)
    at https://a1078485-a3ae-cd3fe9bf.nmb2.seetacloud.com:8443/jupyter/static/lab/jlab_core.3e11c5239452d671150c.js?v=3e11c5239452d671150c:2:1397922 @ https://a1078485-a3ae-cd3fe9bf.nmb2.seetacloud.com:8443/jupyter/static/lab/jlab_core.3e11c5239452d671150c.js?v=3e11c5239452d671150c:1
[    1080ms] [ERROR] Plugin '@jupyter-widgets/jupyterlab-manager:plugin' failed to activate. @ https://a1078485-a3ae-cd3fe9bf.nmb2.seetacloud.com:8443/jupyter/static/lab/jlab_core.3e11c5239452d671150c.js?v=3e11c5239452d671150c:1
[    1080ms] [ERROR] TypeError: Failed to fetch
    at Object.n [as handleRequest] (https://a1078485-a3ae-cd3fe9bf.nmb2.seetacloud.com:8443/jupyter/static/lab/jlab_core.3e11c5239452d671150c.js?v=3e11c5239452d671150c:2:1066973)
    at n (https://a1078485-a3ae-cd3fe9bf.nmb2.seetacloud.com:8443/jupyter/static/lab/jlab_core.3e11c5239452d671150c.js?v=3e11c5239452d671150c:2:1065065)
    at a.list (https://a1078485-a3ae-cd3fe9bf.nmb2.seetacloud.com:8443/jupyter/static/lab/jlab_core.3e11c5239452d671150c.js?v=3e11c5239452d671150c:2:1080328)
    at F.list (https://a1078485-a3ae-cd3fe9bf.nmb2.seetacloud.com:8443/jupyter/static/lab/jlab_core.3e11c5239452d671150c.js?v=3e11c5239452d671150c:2:72489)
    at activate (https://a1078485-a3ae-cd3fe9bf.nmb2.seetacloud.com:8443/jupyter/static/lab/jlab_core.3e11c5239452d671150c.js?v=3e11c5239452d671150c:2:72881)
    at https://a1078485-a3ae-cd3fe9bf.nmb2.seetacloud.com:8443/jupyter/static/lab/jlab_core.3e11c5239452d671150c.js?v=3e11c5239452d671150c:2:1397922 @ https://a1078485-a3ae-cd3fe9bf.nmb2.seetacloud.com:8443/jupyter/static/lab/jlab_core.3e11c5239452d671150c.js?v=3e11c5239452d671150c:1
[    1080ms] [ERROR] Plugin '@jupyterlab/collaboration-extension:rtcGlobalAwareness' failed to activate. @ https://a1078485-a3ae-cd3fe9bf.nmb2.seetacloud.com:8443/jupyter/static/lab/jlab_core.3e11c5239452d671150c.js?v=3e11c5239452d671150c:1
[    1080ms] [ERROR] TypeError: Failed to fetch
    at Object.n [as handleRequest] (https://a1078485-a3ae-cd3fe9bf.nmb2.seetacloud.com:8443/jupyter/static/lab/jlab_core.3e11c5239452d671150c.js?v=3e11c5239452d671150c:2:1066973)
    at n (https://a1078485-a3ae-cd3fe9bf.nmb2.seetacloud.com:8443/jupyter/static/lab/jlab_core.3e11c5239452d671150c.js?v=3e11c5239452d671150c:2:1065065)
    at a.list (https://a1078485-a3ae-cd3fe9bf.nmb2.seetacloud.com:8443/jupyter/static/lab/jlab_core.3e11c5239452d671150c.js?v=3e11c5239452d671150c:2:1080328)
    at F.list (https://a1078485-a3ae-cd3fe9bf.nmb2.seetacloud.com:8443/jupyter/static/lab/jlab_core.3e11c5239452d671150c.js?v=3e11c5239452d671150c:2:72489)
    at activate (https://a1078485-a3ae-cd3fe9bf.nmb2.seetacloud.com:8443/jupyter/static/lab/jlab_core.3e11c5239452d671150c.js?v=3e11c5239452d671150c:2:72881)
    at https://a1078485-a3ae-cd3fe9bf.nmb2.seetacloud.com:8443/jupyter/static/lab/jlab_core.3e11c5239452d671150c.js?v=3e11c5239452d671150c:2:1397922 @ https://a1078485-a3ae-cd3fe9bf.nmb2.seetacloud.com:8443/jupyter/static/lab/jlab_core.3e11c5239452d671150c.js?v=3e11c5239452d671150c:1
[    1080ms] [ERROR] Plugin '@jupyterlab/apputils-extension:notification' failed to activate. @ https://a1078485-a3ae-cd3fe9bf.nmb2.seetacloud.com:8443/jupyter/static/lab/jlab_core.3e11c5239452d671150c.js?v=3e11c5239452d671150c:1
[    1080ms] [ERROR] TypeError: Failed to fetch
    at Object.n [as handleRequest] (https://a1078485-a3ae-cd3fe9bf.nmb2.seetacloud.com:8443/jupyter/static/lab/jlab_core.3e11c5239452d671150c.js?v=3e11c5239452d671150c:2:1066973)
    at n (https://a1078485-a3ae-cd3fe9bf.nmb2.seetacloud.com:8443/jupyter/static/lab/jlab_core.3e11c5239452d671150c.js?v=3e11c5239452d671150c:2:1065065)
    at a.list (https://a1078485-a3ae-cd3fe9bf.nmb2.seetacloud.com:8443/jupyter/static/lab/jlab_core.3e11c5239452d671150c.js?v=3e11c5239452d671150c:2:1080328)
    at F.list (https://a1078485-a3ae-cd3fe9bf.nmb2.seetacloud.com:8443/jupyter/static/lab/jlab_core.3e11c5239452d671150c.js?v=3e11c5239452d671150c:2:72489)
    at activate (https://a1078485-a3ae-cd3fe9bf.nmb2.seetacloud.com:8443/jupyter/static/lab/jlab_core.3e11c5239452d671150c.js?v=3e11c5239452d671150c:2:72881)
    at https://a1078485-a3ae-cd3fe9bf.nmb2.seetacloud.com:8443/jupyter/static/lab/jlab_core.3e11c5239452d671150c.js?v=3e11c5239452d671150c:2:1397922 @ https://a1078485-a3ae-cd3fe9bf.nmb2.seetacloud.com:8443/jupyter/static/lab/jlab_core.3e11c5239452d671150c.js?v=3e11c5239452d671150c:1
[    1080ms] [ERROR] Plugin '@jupyterlab/filebrowser-extension:open-with' failed to activate. @ https://a1078485-a3ae-cd3fe9bf.nmb2.seetacloud.com:8443/jupyter/static/lab/jlab_core.3e11c5239452d671150c.js?v=3e11c5239452d671150c:1
[    1080ms] [ERROR] TypeError: Failed to fetch
    at Object.n [as handleRequest] (https://a1078485-a3ae-cd3fe9bf.nmb2.seetacloud.com:8443/jupyter/static/lab/jlab_core.3e11c5239452d671150c.js?v=3e11c5239452d671150c:2:1066973)
    at n (https://a1078485-a3ae-cd3fe9bf.nmb2.seetacloud.com:8443/jupyter/static/lab/jlab_core.3e11c5239452d671150c.js?v=3e11c5239452d671150c:2:1065065)
    at a.list (https://a1078485-a3ae-cd3fe9bf.nmb2.seetacloud.com:8443/jupyter/static/lab/jlab_core.3e11c5239452d671150c.js?v=3e11c5239452d671150c:2:1080328)
    at F.list (https://a1078485-a3ae-cd3fe9bf.nmb2.seetacloud.com:8443/jupyter/static/lab/jlab_core.3e11c5239452d671150c.js?v=3e11c5239452d671150c:2:72489)
    at activate (https://a1078485-a3ae-cd3fe9bf.nmb2.seetacloud.com:8443/jupyter/static/lab/jlab_core.3e11c5239452d671150c.js?v=3e11c5239452d671150c:2:72881)
    at https://a1078485-a3ae-cd3fe9bf.nmb2.seetacloud.com:8443/jupyter/static/lab/jlab_core.3e11c5239452d671150c.js?v=3e11c5239452d671150c:2:1397922 @ https://a1078485-a3ae-cd3fe9bf.nmb2.seetacloud.com:8443/jupyter/static/lab/jlab_core.3e11c5239452d671150c.js?v=3e11c5239452d671150c:1
[    1080ms] [ERROR] Plugin '@jupyterlab/completer-extension:notebooks' failed to activate. @ https://a1078485-a3ae-cd3fe9bf.nmb2.seetacloud.com:8443/jupyter/static/lab/jlab_core.3e11c5239452d671150c.js?v=3e11c5239452d671150c:1
[    1080ms] [ERROR] TypeError: Failed to fetch
    at Object.n [as handleRequest] (https://a1078485-a3ae-cd3fe9bf.nmb2.seetacloud.com:8443/jupyter/static/lab/jlab_core.3e11c5239452d671150c.js?v=3e11c5239452d671150c:2:1066973)
    at n (https://a1078485-a3ae-cd3fe9bf.nmb2.seetacloud.com:8443/jupyter/static/lab/jlab_core.3e11c5239452d671150c.js?v=3e11c5239452d671150c:2:1065065)
    at a.list (https://a1078485-a3ae-cd3fe9bf.nmb2.seetacloud.com:8443/jupyter/static/lab/jlab_core.3e11c5239452d671150c.js?v=3e11c5239452d671150c:2:1080328)
    at F.list (https://a1078485-a3ae-cd3fe9bf.nmb2.seetacloud.com:8443/jupyter/static/lab/jlab_core.3e11c5239452d671150c.js?v=3e11c5239452d671150c:2:72489)
    at activate (https://a1078485-a3ae-cd3fe9bf.nmb2.seetacloud.com:8443/jupyter/static/lab/jlab_core.3e11c5239452d671150c.js?v=3e11c5239452d671150c:2:72881)
    at https://a1078485-a3ae-cd3fe9bf.nmb2.seetacloud.com:8443/jupyter/static/lab/jlab_core.3e11c5239452d671150c.js?v=3e11c5239452d671150c:2:1397922 @ https://a1078485-a3ae-cd3fe9bf.nmb2.seetacloud.com:8443/jupyter/static/lab/jlab_core.3e11c5239452d671150c.js?v=3e11c5239452d671150c:1
[    1080ms] [ERROR] Plugin '@jupyterlab/inspector-extension:notebooks' failed to activate. @ https://a1078485-a3ae-cd3fe9bf.nmb2.seetacloud.com:8443/jupyter/static/lab/jlab_core.3e11c5239452d671150c.js?v=3e11c5239452d671150c:1
[    1080ms] [ERROR] TypeError: Failed to fetch
    at Object.n [as handleRequest] (https://a1078485-a3ae-cd3fe9bf.nmb2.seetacloud.com:8443/jupyter/static/lab/jlab_core.3e11c5239452d671150c.js?v=3e11c5239452d671150c:2:1066973)
    at n (https://a1078485-a3ae-cd3fe9bf.nmb2.seetacloud.com:8443/jupyter/static/lab/jlab_core.3e11c5239452d671150c.js?v=3e11c5239452d671150c:2:1065065)
    at a.list (https://a1078485-a3ae-cd3fe9bf.nmb2.seetacloud.com:8443/jupyter/static/lab/jlab_core.3e11c5239452d671150c.js?v=3e11c5239452d671150c:2:1080328)
    at F.list (https://a1078485-a3ae-cd3fe9bf.nmb2.seetacloud.com:8443/jupyter/static/lab/jlab_core.3e11c5239452d671150c.js?v=3e11c5239452d671150c:2:72489)
    at activate (https://a1078485-a3ae-cd3fe9bf.nmb2.seetacloud.com:8443/jupyter/static/lab/jlab_core.3e11c5239452d671150c.js?v=3e11c5239452d671150c:2:72881)
    at https://a1078485-a3ae-cd3fe9bf.nmb2.seetacloud.com:8443/jupyter/static/lab/jlab_core.3e11c5239452d671150c.js?v=3e11c5239452d671150c:2:1397922 @ https://a1078485-a3ae-cd3fe9bf.nmb2.seetacloud.com:8443/jupyter/static/lab/jlab_core.3e11c5239452d671150c.js?v=3e11c5239452d671150c:1
[    1080ms] [ERROR] Plugin '@jupyterlab/notebook-extension:log-output' failed to activate. @ https://a1078485-a3ae-cd3fe9bf.nmb2.seetacloud.com:8443/jupyter/static/lab/jlab_core.3e11c5239452d671150c.js?v=3e11c5239452d671150c:1
[    1080ms] [ERROR] TypeError: Failed to fetch
    at Object.n [as handleRequest] (https://a1078485-a3ae-cd3fe9bf.nmb2.seetacloud.com:8443/jupyter/static/lab/jlab_core.3e11c5239452d671150c.js?v=3e11c5239452d671150c:2:1066973)
    at n (https://a1078485-a3ae-cd3fe9bf.nmb2.seetacloud.com:8443/jupyter/static/lab/jlab_core.3e11c5239452d671150c.js?v=3e11c5239452d671150c:2:1065065)
    at a.list (https://a1078485-a3ae-cd3fe9bf.nmb2.seetacloud.com:8443/jupyter/static/lab/jlab_core.3e11c5239452d671150c.js?v=3e11c5239452d671150c:2:1080328)
    at F.list (https://a1078485-a3ae-cd3fe9bf.nmb2.seetacloud.com:8443/jupyter/static/lab/jlab_core.3e11c5239452d671150c.js?v=3e11c5239452d671150c:2:72489)
    at activate (https://a1078485-a3ae-cd3fe9bf.nmb2.seetacloud.com:8443/jupyter/static/lab/jlab_core.3e11c5239452d671150c.js?v=3e11c5239452d671150c:2:72881)
    at https://a1078485-a3ae-cd3fe9bf.nmb2.seetacloud.com:8443/jupyter/static/lab/jlab_core.3e11c5239452d671150c.js?v=3e11c5239452d671150c:2:1397922 @ https://a1078485-a3ae-cd3fe9bf.nmb2.seetacloud.com:8443/jupyter/static/lab/jlab_core.3e11c5239452d671150c.js?v=3e11c5239452d671150c:1
[    1080ms] [ERROR] Plugin '@jupyterlab/tooltip-extension:notebooks' failed to activate. @ https://a1078485-a3ae-cd3fe9bf.nmb2.seetacloud.com:8443/jupyter/static/lab/jlab_core.3e11c5239452d671150c.js?v=3e11c5239452d671150c:1
[    1080ms] [ERROR] TypeError: Failed to fetch
    at Object.n [as handleRequest] (https://a1078485-a3ae-cd3fe9bf.nmb2.seetacloud.com:8443/jupyter/static/lab/jlab_core.3e11c5239452d671150c.js?v=3e11c5239452d671150c:2:1066973)
    at n (https://a1078485-a3ae-cd3fe9bf.nmb2.seetacloud.com:8443/jupyter/static/lab/jlab_core.3e11c5239452d671150c.js?v=3e11c5239452d671150c:2:1065065)
    at a.list (https://a1078485-a3ae-cd3fe9bf.nmb2.seetacloud.com:8443/jupyter/static/lab/jlab_core.3e11c5239452d671150c.js?v=3e11c5239452d671150c:2:1080328)
    at F.list (https://a1078485-a3ae-cd3fe9bf.nmb2.seetacloud.com:8443/jupyter/static/lab/jlab_core.3e11c5239452d671150c.js?v=3e11c5239452d671150c:2:72489)
    at activate (https://a1078485-a3ae-cd3fe9bf.nmb2.seetacloud.com:8443/jupyter/static/lab/jlab_core.3e11c5239452d671150c.js?v=3e11c5239452d671150c:2:72881)
    at https://a1078485-a3ae-cd3fe9bf.nmb2.seetacloud.com:8443/jupyter/static/lab/jlab_core.3e11c5239452d671150c.js?v=3e11c5239452d671150c:2:1397922 @ https://a1078485-a3ae-cd3fe9bf.nmb2.seetacloud.com:8443/jupyter/static/lab/jlab_core.3e11c5239452d671150c.js?v=3e11c5239452d671150c:1
[    1080ms] [ERROR] Plugin '@jupyterlab/documentsearch:labShellWidgetListener' failed to activate. @ https://a1078485-a3ae-cd3fe9bf.nmb2.seetacloud.com:8443/jupyter/static/lab/jlab_core.3e11c5239452d671150c.js?v=3e11c5239452d671150c:1
[    1080ms] [ERROR] TypeError: Failed to fetch
    at Object.n [as handleRequest] (https://a1078485-a3ae-cd3fe9bf.nmb2.seetacloud.com:8443/jupyter/static/lab/jlab_core.3e11c5239452d671150c.js?v=3e11c5239452d671150c:2:1066973)
    at n (https://a1078485-a3ae-cd3fe9bf.nmb2.seetacloud.com:8443/jupyter/static/lab/jlab_core.3e11c5239452d671150c.js?v=3e11c5239452d671150c:2:1065065)
    at a.list (https://a1078485-a3ae-cd3fe9bf.nmb2.seetacloud.com:8443/jupyter/static/lab/jlab_core.3e11c5239452d671150c.js?v=3e11c5239452d671150c:2:1080328)
    at F.list (https://a1078485-a3ae-cd3fe9bf.nmb2.seetacloud.com:8443/jupyter/static/lab/jlab_core.3e11c5239452d671150c.js?v=3e11c5239452d671150c:2:72489)
    at activate (https://a1078485-a3ae-cd3fe9bf.nmb2.seetacloud.com:8443/jupyter/static/lab/jlab_core.3e11c5239452d671150c.js?v=3e11c5239452d671150c:2:72881)
    at https://a1078485-a3ae-cd3fe9bf.nmb2.seetacloud.com:8443/jupyter/static/lab/jlab_core.3e11c5239452d671150c.js?v=3e11c5239452d671150c:2:1397922 @ https://a1078485-a3ae-cd3fe9bf.nmb2.seetacloud.com:8443/jupyter/static/lab/jlab_core.3e11c5239452d671150c.js?v=3e11c5239452d671150c:1
[    1081ms] [ERROR] Plugin '@jupyter-widgets/jupyterlab-manager:base-2.0.0' failed to activate. @ https://a1078485-a3ae-cd3fe9bf.nmb2.seetacloud.com:8443/jupyter/static/lab/jlab_core.3e11c5239452d671150c.js?v=3e11c5239452d671150c:1
[    1081ms] [ERROR] TypeError: Failed to fetch
    at Object.n [as handleRequest] (https://a1078485-a3ae-cd3fe9bf.nmb2.seetacloud.com:8443/jupyter/static/lab/jlab_core.3e11c5239452d671150c.js?v=3e11c5239452d671150c:2:1066973)
    at n (https://a1078485-a3ae-cd3fe9bf.nmb2.seetacloud.com:8443/jupyter/static/lab/jlab_core.3e11c5239452d671150c.js?v=3e11c5239452d671150c:2:1065065)
    at a.list (https://a1078485-a3ae-cd3fe9bf.nmb2.seetacloud.com:8443/jupyter/static/lab/jlab_core.3e11c5239452d671150c.js?v=3e11c5239452d671150c:2:1080328)
    at F.list (https://a1078485-a3ae-cd3fe9bf.nmb2.seetacloud.com:8443/jupyter/static/lab/jlab_core.3e11c5239452d671150c.js?v=3e11c5239452d671150c:2:72489)
    at activate (https://a1078485-a3ae-cd3fe9bf.nmb2.seetacloud.com:8443/jupyter/static/lab/jlab_core.3e11c5239452d671150c.js?v=3e11c5239452d671150c:2:72881)
    at https://a1078485-a3ae-cd3fe9bf.nmb2.seetacloud.com:8443/jupyter/static/lab/jlab_core.3e11c5239452d671150c.js?v=3e11c5239452d671150c:2:1397922 @ https://a1078485-a3ae-cd3fe9bf.nmb2.seetacloud.com:8443/jupyter/static/lab/jlab_core.3e11c5239452d671150c.js?v=3e11c5239452d671150c:1
[    1081ms] [ERROR] Plugin '@jupyter-widgets/jupyterlab-manager:controls-2.0.0' failed to activate. @ https://a1078485-a3ae-cd3fe9bf.nmb2.seetacloud.com:8443/jupyter/static/lab/jlab_core.3e11c5239452d671150c.js?v=3e11c5239452d671150c:1
[    1081ms] [ERROR] TypeError: Failed to fetch
    at Object.n [as handleRequest] (https://a1078485-a3ae-cd3fe9bf.nmb2.seetacloud.com:8443/jupyter/static/lab/jlab_core.3e11c5239452d671150c.js?v=3e11c5239452d671150c:2:1066973)
    at n (https://a1078485-a3ae-cd3fe9bf.nmb2.seetacloud.com:8443/jupyter/static/lab/jlab_core.3e11c5239452d671150c.js?v=3e11c5239452d671150c:2:1065065)
    at a.list (https://a1078485-a3ae-cd3fe9bf.nmb2.seetacloud.com:8443/jupyter/static/lab/jlab_core.3e11c5239452d671150c.js?v=3e11c5239452d671150c:2:1080328)
    at F.list (https://a1078485-a3ae-cd3fe9bf.nmb2.seetacloud.com:8443/jupyter/static/lab/jlab_core.3e11c5239452d671150c.js?v=3e11c5239452d671150c:2:72489)
    at activate (https://a1078485-a3ae-cd3fe9bf.nmb2.seetacloud.com:8443/jupyter/static/lab/jlab_core.3e11c5239452d671150c.js?v=3e11c5239452d671150c:2:72881)
    at https://a1078485-a3ae-cd3fe9bf.nmb2.seetacloud.com:8443/jupyter/static/lab/jlab_core.3e11c5239452d671150c.js?v=3e11c5239452d671150c:2:1397922 @ https://a1078485-a3ae-cd3fe9bf.nmb2.seetacloud.com:8443/jupyter/static/lab/jlab_core.3e11c5239452d671150c.js?v=3e11c5239452d671150c:1
[    1081ms] [ERROR] Plugin '@jupyter-widgets/jupyterlab-manager:output-1.0.0' failed to activate. @ https://a1078485-a3ae-cd3fe9bf.nmb2.seetacloud.com:8443/jupyter/static/lab/jlab_core.3e11c5239452d671150c.js?v=3e11c5239452d671150c:1
[    1081ms] [ERROR] TypeError: Failed to fetch
    at Object.n [as handleRequest] (https://a1078485-a3ae-cd3fe9bf.nmb2.seetacloud.com:8443/jupyter/static/lab/jlab_core.3e11c5239452d671150c.js?v=3e11c5239452d671150c:2:1066973)
    at n (https://a1078485-a3ae-cd3fe9bf.nmb2.seetacloud.com:8443/jupyter/static/lab/jlab_core.3e11c5239452d671150c.js?v=3e11c5239452d671150c:2:1065065)
    at a.list (https://a1078485-a3ae-cd3fe9bf.nmb2.seetacloud.com:8443/jupyter/static/lab/jlab_core.3e11c5239452d671150c.js?v=3e11c5239452d671150c:2:1080328)
    at F.list (https://a1078485-a3ae-cd3fe9bf.nmb2.seetacloud.com:8443/jupyter/static/lab/jlab_core.3e11c5239452d671150c.js?v=3e11c5239452d671150c:2:72489)
    at activate (https://a1078485-a3ae-cd3fe9bf.nmb2.seetacloud.com:8443/jupyter/static/lab/jlab_core.3e11c5239452d671150c.js?v=3e11c5239452d671150c:2:72881)
    at https://a1078485-a3ae-cd3fe9bf.nmb2.seetacloud.com:8443/jupyter/static/lab/jlab_core.3e11c5239452d671150c.js?v=3e11c5239452d671150c:2:1397922 @ https://a1078485-a3ae-cd3fe9bf.nmb2.seetacloud.com:8443/jupyter/static/lab/jlab_core.3e11c5239452d671150c.js?v=3e11c5239452d671150c:1
[    8078ms] [ERROR] Failed to load resource: net::ERR_CONNECTION_TIMED_OUT @ https://a1078485-a3ae-cd3fe9bf.nmb2.seetacloud.com:8443/jupyter/lab/extensions/jupyterlab_pygments/static/remoteEntry.aa1060b2d1221f8e5688.js:0
[    8854ms] [ERROR] Failed to load resource: net::ERR_CONNECTION_TIMED_OUT @ https://a1078485-a3ae-cd3fe9bf.nmb2.seetacloud.com:8443/jupyter/lab/extensions/@jupyter-widgets/jupyterlab-manager/static/remoteEntry.d6df56cd69f4640706bc.js:0
[    8855ms] [ERROR] Event @ https://a1078485-a3ae-cd3fe9bf.nmb2.seetacloud.com:8443/jupyter/static/lab/main.ad8f2997ac17282bb96c.js?v=ad8f2997ac17282bb96c:0
[    8855ms] [ERROR] Event @ https://a1078485-a3ae-cd3fe9bf.nmb2.seetacloud.com:8443/jupyter/static/lab/main.ad8f2997ac17282bb96c.js?v=ad8f2997ac17282bb96c:0
[    8937ms] [WARNING] Failed to create module: package: jupyterlab_pygments; module: ./extension @ https://a1078485-a3ae-cd3fe9bf.nmb2.seetacloud.com:8443/jupyter/static/lab/7796.32edf207b21018343eea.js?v=32edf207b21018343eea:0
[    8937ms] [WARNING] Failed to create module: package: jupyterlab_pygments; module: ./style @ https://a1078485-a3ae-cd3fe9bf.nmb2.seetacloud.com:8443/jupyter/static/lab/7796.32edf207b21018343eea.js?v=32edf207b21018343eea:0
[    8937ms] [WARNING] Failed to create module: package: @jupyter-widgets/jupyterlab-manager; module: ./extension @ https://a1078485-a3ae-cd3fe9bf.nmb2.seetacloud.com:8443/jupyter/static/lab/7796.32edf207b21018343eea.js?v=32edf207b21018343eea:0
[    8941ms] [ERROR] TypeError: Cannot read properties of undefined (reading 'jupyterlab_pygments')
    at G (https://a1078485-a3ae-cd3fe9bf.nmb2.seetacloud.com:8443/jupyter/static/lab/7796.32edf207b21018343eea.js?v=32edf207b21018343eea:1:1034)
    at https://a1078485-a3ae-cd3fe9bf.nmb2.seetacloud.com:8443/jupyter/static/lab/7796.32edf207b21018343eea.js?v=32edf207b21018343eea:1:1933
    at Array.forEach (<anonymous>)
    at H (https://a1078485-a3ae-cd3fe9bf.nmb2.seetacloud.com:8443/jupyter/static/lab/7796.32edf207b21018343eea.js?v=32edf207b21018343eea:1:1882) @ https://a1078485-a3ae-cd3fe9bf.nmb2.seetacloud.com:8443/jupyter/static/lab/7796.32edf207b21018343eea.js?v=32edf207b21018343eea:0
[    8941ms] [ERROR] TypeError: Cannot read properties of undefined (reading '@jupyter-widgets/jupyterlab-manager')
    at G (https://a1078485-a3ae-cd3fe9bf.nmb2.seetacloud.com:8443/jupyter/static/lab/7796.32edf207b21018343eea.js?v=32edf207b21018343eea:1:1034)
    at https://a1078485-a3ae-cd3fe9bf.nmb2.seetacloud.com:8443/jupyter/static/lab/7796.32edf207b21018343eea.js?v=32edf207b21018343eea:1:1933
    at Array.forEach (<anonymous>)
    at H (https://a1078485-a3ae-cd3fe9bf.nmb2.seetacloud.com:8443/jupyter/static/lab/7796.32edf207b21018343eea.js?v=32edf207b21018343eea:1:1882) @ https://a1078485-a3ae-cd3fe9bf.nmb2.seetacloud.com:8443/jupyter/static/lab/7796.32edf207b21018343eea.js?v=32edf207b21018343eea:0
[    8941ms] [ERROR] TypeError: Cannot read properties of undefined (reading 'jupyterlab_pygments')
    at G (https://a1078485-a3ae-cd3fe9bf.nmb2.seetacloud.com:8443/jupyter/static/lab/7796.32edf207b21018343eea.js?v=32edf207b21018343eea:1:1034)
    at https://a1078485-a3ae-cd3fe9bf.nmb2.seetacloud.com:8443/jupyter/static/lab/7796.32edf207b21018343eea.js?v=32edf207b21018343eea:1:2094
    at Array.forEach (<anonymous>)
    at H (https://a1078485-a3ae-cd3fe9bf.nmb2.seetacloud.com:8443/jupyter/static/lab/7796.32edf207b21018343eea.js?v=32edf207b21018343eea:1:1882) @ https://a1078485-a3ae-cd3fe9bf.nmb2.seetacloud.com:8443/jupyter/static/lab/7796.32edf207b21018343eea.js?v=32edf207b21018343eea:0
[   11054ms] [WARNING] Showing error: {message: 路径：/jupyter/lab/proxy/6006 未找到。JupyterLab 将会重定向到：/jupyter/} @ https://a1078485-a3ae-cd3fe9bf.nmb2.seetacloud.com:8443/jupyter/static/lab/jlab_core.3e11c5239452d671150c.js?v=3e11c5239452d671150c:1
